Rust checks	UNKNOWN STEP	﻿2026-10-03T23:57:31.9248358Z Current runner version: '2.337.0'
Rust checks	UNKNOWN STEP	2026-10-03T23:57:31.9276179Z ##[group]Runner Image Provisioner
Rust checks	UNKNOWN STEP	2026-10-03T23:57:31.9277294Z Hosted Compute Agent
Rust checks	UNKNOWN STEP	2026-10-03T23:57:31.9278121Z Version: 20260901.588
Rust checks	UNKNOWN STEP	2026-10-03T23:57:31.9278932Z Commit: f88ec8081b781fac6c440065ac7ff9e710ce3d0b
Rust checks	UNKNOWN STEP	2026-10-03T23:57:31.9279929Z Build Date: 2026-09-01T19:56:44Z
Rust checks	UNKNOWN STEP	2026-10-03T23:57:31.9280791Z Worker ID: {9531f5dc-48d6-40ce-af79-fc0f349cc101}
Rust checks	UNKNOWN STEP	2026-10-03T23:57:31.9281769Z Azure Region: eastus
Rust checks	UNKNOWN STEP	2026-10-03T23:57:31.9282462Z ##[endgroup]
Rust checks	UNKNOWN STEP	2026-10-03T23:57:31.9284202Z ##[group]Operating System
Rust checks	UNKNOWN STEP	2026-10-03T23:57:31.9285013Z Ubuntu
Rust checks	UNKNOWN STEP	2026-10-03T23:57:31.9285619Z 24.04.5
Rust checks	UNKNOWN STEP	2026-10-03T23:57:31.9286387Z LTS
Rust checks	UNKNOWN STEP	2026-10-03T23:57:31.9287169Z ##[endgroup]
Rust checks	UNKNOWN STEP	2026-10-03T23:57:31.9288007Z ##[group]Runner Image
Rust checks	UNKNOWN STEP	2026-10-03T23:57:31.9288775Z Image: ubuntu-24.04
Rust checks	UNKNOWN STEP	2026-10-03T23:57:31.9289467Z Version: 20260927.320.1
Rust checks	UNKNOWN STEP	2026-10-03T23:57:31.9291064Z Included Software: https://github.com/actions/runner-images/blob/ubuntu24/20260927.320/images/ubuntu/Ubuntu2404-Readme.md
Rust checks	UNKNOWN STEP	2026-10-03T23:57:31.9293183Z Image Release: https://github.com/actions/runner-images/releases/tag/ubuntu24%2F20260927.320
Rust checks	UNKNOWN STEP	2026-10-03T23:57:31.9294463Z ##[endgroup]
Rust checks	UNKNOWN STEP	2026-10-03T23:57:31.9296365Z ##[group]GITHUB_TOKEN Permissions
Rust checks	UNKNOWN STEP	2026-10-03T23:57:31.9298820Z Contents: read
Rust checks	UNKNOWN STEP	2026-10-03T23:57:31.9299640Z Metadata: read
Rust checks	UNKNOWN STEP	2026-10-03T23:57:31.9300313Z ##[endgroup]
Rust checks	UNKNOWN STEP	2026-10-03T23:57:31.9302761Z Secret source: Actions
Rust checks	UNKNOWN STEP	2026-10-03T23:57:31.9303934Z Cache mode: write
Rust checks	UNKNOWN STEP	2026-10-03T23:57:31.9304865Z Prepare workflow directory
Rust checks	UNKNOWN STEP	2026-10-03T23:57:31.9671594Z Prepare all required actions
Rust checks	UNKNOWN STEP	2026-10-03T23:57:31.9727340Z Getting action download info
Rust checks	UNKNOWN STEP	2026-10-03T23:57:32.1434710Z Download action repository 'actions/checkout@v4' (SHA:11d5960a326750d5838078e36cf38b85af677262)
Rust checks	UNKNOWN STEP	2026-10-03T23:57:32.2710469Z Download action repository 'dtolnay/rust-toolchain@stable' (SHA:89b12181fb390509a0842a86cc55eeb8eb928c1d)
Rust checks	UNKNOWN STEP	2026-10-03T23:57:32.3735242Z Download action repository 'Swatinem/rust-cache@v2' (SHA:6323deb102c322ba6fcbdcafc7e3dddab59af2b6)
Rust checks	UNKNOWN STEP	2026-10-03T23:57:32.5098708Z Download action repository 'actions/upload-artifact@v4' (SHA:ea165f8d65b6e75b540449e92b4886f43607fa02)
Rust checks	UNKNOWN STEP	2026-10-03T23:57:32.7953748Z Complete job name: Rust checks
Rust checks	UNKNOWN STEP	2026-10-03T23:57:32.8763487Z ##[group]Run actions/checkout@v4
Rust checks	UNKNOWN STEP	2026-10-03T23:57:32.8764157Z with:
Rust checks	UNKNOWN STEP	2026-10-03T23:57:32.8764483Z   lfs: true
Rust checks	UNKNOWN STEP	2026-10-03T23:57:32.8764830Z   repository: novovm/supervm
Rust checks	UNKNOWN STEP	2026-10-03T23:57:32.8768037Z   token: ***
Rust checks	UNKNOWN STEP	2026-10-03T23:57:32.8768380Z   ssh-strict: true
Rust checks	UNKNOWN STEP	2026-10-03T23:57:32.8768721Z   ssh-user: git
Rust checks	UNKNOWN STEP	2026-10-03T23:57:32.8769072Z   persist-credentials: true
Rust checks	UNKNOWN STEP	2026-10-03T23:57:32.8769452Z   clean: true
Rust checks	UNKNOWN STEP	2026-10-03T23:57:32.8769801Z   sparse-checkout-cone-mode: true
Rust checks	UNKNOWN STEP	2026-10-03T23:57:32.8770210Z   fetch-depth: 1
Rust checks	UNKNOWN STEP	2026-10-03T23:57:32.8770541Z   fetch-tags: false
Rust checks	UNKNOWN STEP	2026-10-03T23:57:32.8770884Z   show-progress: true
Rust checks	UNKNOWN STEP	2026-10-03T23:57:32.8771239Z   submodules: false
Rust checks	UNKNOWN STEP	2026-10-03T23:57:32.8771599Z   set-safe-directory: true
Rust checks	UNKNOWN STEP	2026-10-03T23:57:32.8771994Z   allow-unsafe-pr-checkout: false
Rust checks	UNKNOWN STEP	2026-10-03T23:57:32.8772710Z ##[endgroup]
Rust checks	UNKNOWN STEP	2026-10-03T23:57:32.9697703Z Syncing repository: novovm/supervm
Rust checks	UNKNOWN STEP	2026-10-03T23:57:32.9699548Z ##[group]Getting Git version info
Rust checks	UNKNOWN STEP	2026-10-03T23:57:32.9700466Z Working directory is '/home/runner/work/supervm/supervm'
Rust checks	UNKNOWN STEP	2026-10-03T23:57:32.9701705Z [command]/usr/bin/git version
Rust checks	UNKNOWN STEP	2026-10-03T23:57:32.9753054Z git version 2.55.0
Rust checks	UNKNOWN STEP	2026-10-03T23:57:32.9789474Z [command]/usr/bin/git lfs version
Rust checks	UNKNOWN STEP	2026-10-03T23:57:33.5147675Z git-lfs/3.8.0 (GitHub; linux amd64; go 1.27.0)
Rust checks	UNKNOWN STEP	2026-10-03T23:57:33.5159358Z ##[endgroup]
Rust checks	UNKNOWN STEP	2026-10-03T23:57:33.5173757Z Temporarily overriding HOME='/home/runner/work/_temp/7c1efb61-ddcd-4bd8-a6c6-5a40516ec8a9' before making global git config changes
Rust checks	UNKNOWN STEP	2026-10-03T23:57:33.5179001Z Adding repository directory to the temporary git global config as a safe directory
Rust checks	UNKNOWN STEP	2026-10-03T23:57:33.5181822Z [command]/usr/bin/git config --global --add safe.directory /home/runner/work/supervm/supervm
Rust checks	UNKNOWN STEP	2026-10-03T23:57:33.5284118Z Deleting the contents of '/home/runner/work/supervm/supervm'
Rust checks	UNKNOWN STEP	2026-10-03T23:57:33.5288498Z ##[group]Initializing the repository
Rust checks	UNKNOWN STEP	2026-10-03T23:57:33.5291374Z [command]/usr/bin/git init /home/runner/work/supervm/supervm
Rust checks	UNKNOWN STEP	2026-10-03T23:57:33.5388039Z hint: Using 'master' as the name for the initial branch. This default branch name
Rust checks	UNKNOWN STEP	2026-10-03T23:57:33.5390503Z hint: will change to "main" in Git 3.0. To configure the initial branch name
Rust checks	UNKNOWN STEP	2026-10-03T23:57:33.5393295Z hint: to use in all of your new repositories, which will suppress this warning,
Rust checks	UNKNOWN STEP	2026-10-03T23:57:33.5395602Z hint: call:
Rust checks	UNKNOWN STEP	2026-10-03T23:57:33.5397073Z hint:
Rust checks	UNKNOWN STEP	2026-10-03T23:57:33.5398647Z hint: 	git config --global init.defaultBranch <name>
Rust checks	UNKNOWN STEP	2026-10-03T23:57:33.5400589Z hint:
Rust checks	UNKNOWN STEP	2026-10-03T23:57:33.5402316Z hint: Names commonly chosen instead of 'master' are 'main', 'trunk' and
Rust checks	UNKNOWN STEP	2026-10-03T23:57:33.5404989Z hint: 'development'. The just-created branch can be renamed via this command:
Rust checks	UNKNOWN STEP	2026-10-03T23:57:33.5407357Z hint:
Rust checks	UNKNOWN STEP	2026-10-03T23:57:33.5408341Z hint: 	git branch -m <name>
Rust checks	UNKNOWN STEP	2026-10-03T23:57:33.5409442Z hint:
Rust checks	UNKNOWN STEP	2026-10-03T23:57:33.5410848Z hint: Disable this message with "git config set advice.defaultBranchName false"
Rust checks	UNKNOWN STEP	2026-10-03T23:57:33.5413106Z Initialized empty Git repository in /home/runner/work/supervm/supervm/.git/
Rust checks	UNKNOWN STEP	2026-10-03T23:57:33.5417467Z [command]/usr/bin/git remote add origin https://github.com/novovm/supervm
Rust checks	UNKNOWN STEP	2026-10-03T23:57:33.5444521Z ##[endgroup]
Rust checks	UNKNOWN STEP	2026-10-03T23:57:33.5447055Z ##[group]Disabling automatic garbage collection
Rust checks	UNKNOWN STEP	2026-10-03T23:57:33.5448923Z [command]/usr/bin/git config --local gc.auto 0
Rust checks	UNKNOWN STEP	2026-10-03T23:57:33.5475572Z ##[endgroup]
Rust checks	UNKNOWN STEP	2026-10-03T23:57:33.5477954Z ##[group]Setting up auth
Rust checks	UNKNOWN STEP	2026-10-03T23:57:33.5480840Z [command]/usr/bin/git config --local --name-only --get-regexp core\.sshCommand
Rust checks	UNKNOWN STEP	2026-10-03T23:57:33.5512849Z [command]/usr/bin/git submodule foreach --recursive sh -c "git config --local --name-only --get-regexp 'core\.sshCommand' && git config --local --unset-all 'core.sshCommand' || :"
Rust checks	UNKNOWN STEP	2026-10-03T23:57:33.5746276Z [command]/usr/bin/git config --local --name-only --get-regexp http\.https\:\/\/github\.com\/\.extraheader
Rust checks	UNKNOWN STEP	2026-10-03T23:57:33.5779883Z [command]/usr/bin/git submodule foreach --recursive sh -c "git config --local --name-only --get-regexp 'http\.https\:\/\/github\.com\/\.extraheader' && git config --local --unset-all 'http.https://github.com/.extraheader' || :"
Rust checks	UNKNOWN STEP	2026-10-03T23:57:33.5971906Z [command]/usr/bin/git config --local --name-only --get-regexp ^includeIf\.gitdir:
Rust checks	UNKNOWN STEP	2026-10-03T23:57:33.6002499Z [command]/usr/bin/git submodule foreach --recursive git config --local --show-origin --name-only --get-regexp remote.origin.url
Rust checks	UNKNOWN STEP	2026-10-03T23:57:33.6188436Z [command]/usr/bin/git config --local http.https://github.com/.extraheader AUTHORIZATION: basic ***
Rust checks	UNKNOWN STEP	2026-10-03T23:57:33.6221820Z ##[endgroup]
Rust checks	UNKNOWN STEP	2026-10-03T23:57:33.6224923Z [command]/usr/bin/git lfs install --local
Rust checks	UNKNOWN STEP	2026-10-03T23:57:33.6745598Z Updated Git hooks.
Rust checks	UNKNOWN STEP	2026-10-03T23:57:33.6747019Z Git LFS initialized.
Rust checks	UNKNOWN STEP	2026-10-03T23:57:33.6805894Z ##[group]Fetching the repository
Rust checks	UNKNOWN STEP	2026-10-03T23:57:33.6815940Z [command]/usr/bin/git -c protocol.version=2 fetch --no-tags --prune --no-recurse-submodules --depth=1 origin +4e971c8c2f8cd34b222915695cebb47ed3b1d562:refs/remotes/origin/main
Rust checks	UNKNOWN STEP	2026-10-03T23:57:34.6914873Z From https://github.com/novovm/supervm
Rust checks	UNKNOWN STEP	2026-10-03T23:57:34.6915584Z  * [new ref]         4e971c8c2f8cd34b222915695cebb47ed3b1d562 -> origin/main
Rust checks	UNKNOWN STEP	2026-10-03T23:57:34.6918238Z ##[endgroup]
Rust checks	UNKNOWN STEP	2026-10-03T23:57:34.6918727Z ##[group]Determining the checkout info
Rust checks	UNKNOWN STEP	2026-10-03T23:57:34.6920653Z ##[endgroup]
Rust checks	UNKNOWN STEP	2026-10-03T23:57:34.6921079Z ##[group]Fetching LFS objects
Rust checks	UNKNOWN STEP	2026-10-03T23:57:34.6924933Z [command]/usr/bin/git lfs fetch origin refs/remotes/origin/main
Rust checks	UNKNOWN STEP	2026-10-03T23:57:34.7123918Z Fetching reference refs/remotes/origin/main
Rust checks	UNKNOWN STEP	2026-10-03T23:57:40.6567313Z ##[endgroup]
Rust checks	UNKNOWN STEP	2026-10-03T23:57:40.6567860Z [command]/usr/bin/git sparse-checkout disable
Rust checks	UNKNOWN STEP	2026-10-03T23:57:40.6609909Z [command]/usr/bin/git config --local --unset-all extensions.worktreeConfig
Rust checks	UNKNOWN STEP	2026-10-03T23:57:40.6637119Z ##[group]Checking out the ref
Rust checks	UNKNOWN STEP	2026-10-03T23:57:40.6640917Z [command]/usr/bin/git checkout --progress --force -B main refs/remotes/origin/main
Rust checks	UNKNOWN STEP	2026-10-03T23:57:41.6961034Z Updating files:   8% (224/2555)
Rust checks	UNKNOWN STEP	2026-10-03T23:57:41.7277650Z Updating files:   9% (230/2555)
Rust checks	UNKNOWN STEP	2026-10-03T23:57:41.7288693Z Updating files:  10% (256/2555)
Rust checks	UNKNOWN STEP	2026-10-03T23:57:41.7328792Z Updating files:  11% (282/2555)
Rust checks	UNKNOWN STEP	2026-10-03T23:57:41.7362863Z Updating files:  12% (307/2555)
Rust checks	UNKNOWN STEP	2026-10-03T23:57:41.7380772Z Updating files:  13% (333/2555)
Rust checks	UNKNOWN STEP	2026-10-03T23:57:41.7402391Z Updating files:  14% (358/2555)
Rust checks	UNKNOWN STEP	2026-10-03T23:57:41.7421756Z Updating files:  15% (384/2555)
Rust checks	UNKNOWN STEP	2026-10-03T23:57:41.7436039Z Updating files:  16% (409/2555)
Rust checks	UNKNOWN STEP	2026-10-03T23:57:41.7463644Z Updating files:  17% (435/2555)
Rust checks	UNKNOWN STEP	2026-10-03T23:57:41.7496901Z Updating files:  18% (460/2555)
Rust checks	UNKNOWN STEP	2026-10-03T23:57:41.7565738Z Updating files:  19% (486/2555)
Rust checks	UNKNOWN STEP	2026-10-03T23:57:41.7631089Z Updating files:  20% (511/2555)
Rust checks	UNKNOWN STEP	2026-10-03T23:57:41.7667444Z Updating files:  21% (537/2555)
Rust checks	UNKNOWN STEP	2026-10-03T23:57:41.7689181Z Updating files:  22% (563/2555)
Rust checks	UNKNOWN STEP	2026-10-03T23:57:41.7711203Z Updating files:  23% (588/2555)
Rust checks	UNKNOWN STEP	2026-10-03T23:57:41.7733144Z Updating files:  24% (614/2555)
Rust checks	UNKNOWN STEP	2026-10-03T23:57:41.7753166Z Updating files:  25% (639/2555)
Rust checks	UNKNOWN STEP	2026-10-03T23:57:41.7775280Z Updating files:  26% (665/2555)
Rust checks	UNKNOWN STEP	2026-10-03T23:57:41.7803421Z Updating files:  27% (690/2555)
Rust checks	UNKNOWN STEP	2026-10-03T23:57:41.7825459Z Updating files:  28% (716/2555)
Rust checks	UNKNOWN STEP	2026-10-03T23:57:41.7846343Z Updating files:  29% (741/2555)
Rust checks	UNKNOWN STEP	2026-10-03T23:57:41.7866847Z Updating files:  30% (767/2555)
Rust checks	UNKNOWN STEP	2026-10-03T23:57:41.7888025Z Updating files:  31% (793/2555)
Rust checks	UNKNOWN STEP	2026-10-03T23:57:41.7957704Z Updating files:  32% (818/2555)
Rust checks	UNKNOWN STEP	2026-10-03T23:57:41.7964659Z Updating files:  33% (844/2555)
Rust checks	UNKNOWN STEP	2026-10-03T23:57:41.7981913Z Updating files:  34% (869/2555)
Rust checks	UNKNOWN STEP	2026-10-03T23:57:41.7995563Z Updating files:  35% (895/2555)
Rust checks	UNKNOWN STEP	2026-10-03T23:57:41.8006975Z Updating files:  36% (920/2555)
Rust checks	UNKNOWN STEP	2026-10-03T23:57:41.8017069Z Updating files:  37% (946/2555)
Rust checks	UNKNOWN STEP	2026-10-03T23:57:41.8031263Z Updating files:  38% (971/2555)
Rust checks	UNKNOWN STEP	2026-10-03T23:57:41.8053815Z Updating files:  39% (997/2555)
Rust checks	UNKNOWN STEP	2026-10-03T23:57:41.8065583Z Updating files:  40% (1022/2555)
Rust checks	UNKNOWN STEP	2026-10-03T23:57:41.8076136Z Updating files:  41% (1048/2555)
Rust checks	UNKNOWN STEP	2026-10-03T23:57:41.8098182Z Updating files:  42% (1074/2555)
Rust checks	UNKNOWN STEP	2026-10-03T23:57:41.8136173Z Updating files:  43% (1099/2555)
Rust checks	UNKNOWN STEP	2026-10-03T23:57:41.8223951Z Updating files:  44% (1125/2555)
Rust checks	UNKNOWN STEP	2026-10-03T23:57:41.8232639Z Updating files:  45% (1150/2555)
Rust checks	UNKNOWN STEP	2026-10-03T23:57:41.8257824Z Updating files:  46% (1176/2555)
Rust checks	UNKNOWN STEP	2026-10-03T23:57:41.8276273Z Updating files:  47% (1201/2555)
Rust checks	UNKNOWN STEP	2026-10-03T23:57:41.8291285Z Updating files:  48% (1227/2555)
Rust checks	UNKNOWN STEP	2026-10-03T23:57:41.8302555Z Updating files:  49% (1252/2555)
Rust checks	UNKNOWN STEP	2026-10-03T23:57:41.8319952Z Updating files:  50% (1278/2555)
Rust checks	UNKNOWN STEP	2026-10-03T23:57:41.8335852Z Updating files:  51% (1304/2555)
Rust checks	UNKNOWN STEP	2026-10-03T23:57:41.8351214Z Updating files:  52% (1329/2555)
Rust checks	UNKNOWN STEP	2026-10-03T23:57:41.8370657Z Updating files:  53% (1355/2555)
Rust checks	UNKNOWN STEP	2026-10-03T23:57:41.8408108Z Updating files:  54% (1380/2555)
Rust checks	UNKNOWN STEP	2026-10-03T23:57:41.8423372Z Updating files:  55% (1406/2555)
Rust checks	UNKNOWN STEP	2026-10-03T23:57:41.8436929Z Updating files:  56% (1431/2555)
Rust checks	UNKNOWN STEP	2026-10-03T23:57:41.8471346Z Updating files:  57% (1457/2555)
Rust checks	UNKNOWN STEP	2026-10-03T23:57:41.8504647Z Updating files:  58% (1482/2555)
Rust checks	UNKNOWN STEP	2026-10-03T23:57:41.8516799Z Updating files:  59% (1508/2555)
Rust checks	UNKNOWN STEP	2026-10-03T23:57:41.8538165Z Updating files:  60% (1533/2555)
Rust checks	UNKNOWN STEP	2026-10-03T23:57:41.8551700Z Updating files:  61% (1559/2555)
Rust checks	UNKNOWN STEP	2026-10-03T23:57:41.8578830Z Updating files:  62% (1585/2555)
Rust checks	UNKNOWN STEP	2026-10-03T23:57:41.8669303Z Updating files:  63% (1610/2555)
Rust checks	UNKNOWN STEP	2026-10-03T23:57:41.8723039Z Updating files:  64% (1636/2555)
Rust checks	UNKNOWN STEP	2026-10-03T23:57:41.8741661Z Updating files:  65% (1661/2555)
Rust checks	UNKNOWN STEP	2026-10-03T23:57:41.8761424Z Updating files:  66% (1687/2555)
Rust checks	UNKNOWN STEP	2026-10-03T23:57:41.8778896Z Updating files:  67% (1712/2555)
Rust checks	UNKNOWN STEP	2026-10-03T23:57:41.8798797Z Updating files:  68% (1738/2555)
Rust checks	UNKNOWN STEP	2026-10-03T23:57:41.8819183Z Updating files:  69% (1763/2555)
Rust checks	UNKNOWN STEP	2026-10-03T23:57:41.8839863Z Updating files:  70% (1789/2555)
Rust checks	UNKNOWN STEP	2026-10-03T23:57:41.8895701Z Updating files:  71% (1815/2555)
Rust checks	UNKNOWN STEP	2026-10-03T23:57:41.8906026Z Updating files:  72% (1840/2555)
Rust checks	UNKNOWN STEP	2026-10-03T23:57:41.8919542Z Updating files:  73% (1866/2555)
Rust checks	UNKNOWN STEP	2026-10-03T23:57:41.8932823Z Updating files:  74% (1891/2555)
Rust checks	UNKNOWN STEP	2026-10-03T23:57:41.8944455Z Updating files:  75% (1917/2555)
Rust checks	UNKNOWN STEP	2026-10-03T23:57:41.8958084Z Updating files:  76% (1942/2555)
Rust checks	UNKNOWN STEP	2026-10-03T23:57:41.8974978Z Updating files:  77% (1968/2555)
Rust checks	UNKNOWN STEP	2026-10-03T23:57:41.8990962Z Updating files:  78% (1993/2555)
Rust checks	UNKNOWN STEP	2026-10-03T23:57:41.9001335Z Updating files:  79% (2019/2555)
Rust checks	UNKNOWN STEP	2026-10-03T23:57:41.9019536Z Updating files:  80% (2044/2555)
Rust checks	UNKNOWN STEP	2026-10-03T23:57:41.9038706Z Updating files:  81% (2070/2555)
Rust checks	UNKNOWN STEP	2026-10-03T23:57:41.9054023Z Updating files:  82% (2096/2555)
Rust checks	UNKNOWN STEP	2026-10-03T23:57:41.9065495Z Updating files:  83% (2121/2555)
Rust checks	UNKNOWN STEP	2026-10-03T23:57:41.9078150Z Updating files:  84% (2147/2555)
Rust checks	UNKNOWN STEP	2026-10-03T23:57:41.9093649Z Updating files:  85% (2172/2555)
Rust checks	UNKNOWN STEP	2026-10-03T23:57:41.9106801Z Updating files:  86% (2198/2555)
Rust checks	UNKNOWN STEP	2026-10-03T23:57:41.9130919Z Updating files:  87% (2223/2555)
Rust checks	UNKNOWN STEP	2026-10-03T23:57:41.9152822Z Updating files:  88% (2249/2555)
Rust checks	UNKNOWN STEP	2026-10-03T23:57:41.9171331Z Updating files:  89% (2274/2555)
Rust checks	UNKNOWN STEP	2026-10-03T23:57:41.9191964Z Updating files:  90% (2300/2555)
Rust checks	UNKNOWN STEP	2026-10-03T23:57:41.9210945Z Updating files:  91% (2326/2555)
Rust checks	UNKNOWN STEP	2026-10-03T23:57:41.9229287Z Updating files:  92% (2351/2555)
Rust checks	UNKNOWN STEP	2026-10-03T23:57:41.9240840Z Updating files:  93% (2377/2555)
Rust checks	UNKNOWN STEP	2026-10-03T23:57:41.9254783Z Updating files:  94% (2402/2555)
Rust checks	UNKNOWN STEP	2026-10-03T23:57:41.9271020Z Updating files:  95% (2428/2555)
Rust checks	UNKNOWN STEP	2026-10-03T23:57:41.9285217Z Updating files:  96% (2453/2555)
Rust checks	UNKNOWN STEP	2026-10-03T23:57:41.9297027Z Updating files:  97% (2479/2555)
Rust checks	UNKNOWN STEP	2026-10-03T23:57:41.9307266Z Updating files:  98% (2504/2555)
Rust checks	UNKNOWN STEP	2026-10-03T23:57:41.9321699Z Updating files:  99% (2530/2555)
Rust checks	UNKNOWN STEP	2026-10-03T23:57:41.9322043Z Updating files: 100% (2555/2555)
Rust checks	UNKNOWN STEP	2026-10-03T23:57:41.9322365Z Updating files: 100% (2555/2555), done.
Rust checks	UNKNOWN STEP	2026-10-03T23:57:41.9359761Z Switched to a new branch 'main'
Rust checks	UNKNOWN STEP	2026-10-03T23:57:41.9534537Z branch 'main' set up to track 'origin/main'.
Rust checks	UNKNOWN STEP	2026-10-03T23:57:41.9888238Z ##[endgroup]
Rust checks	UNKNOWN STEP	2026-10-03T23:57:41.9926769Z [command]/usr/bin/git log -1 --format=%H
Rust checks	UNKNOWN STEP	2026-10-03T23:57:41.9949576Z 4e971c8c2f8cd34b222915695cebb47ed3b1d562
Rust checks	UNKNOWN STEP	2026-10-03T23:57:42.0155822Z ##[group]Run set -euo pipefail
Rust checks	UNKNOWN STEP	2026-10-03T23:57:42.0156162Z ^[[36;1mset -euo pipefail^[[0m
Rust checks	UNKNOWN STEP	2026-10-03T23:57:42.0156414Z ^[[36;1mruntime="aoem/linux/core/bin/libaoem_ffi.so"^[[0m
Rust checks	UNKNOWN STEP	2026-10-03T23:57:42.0156893Z ^[[36;1mif [[ ! -f "$runtime" ]]; then^[[0m
Rust checks	UNKNOWN STEP	2026-10-03T23:57:42.0157172Z ^[[36;1m  echo "AOEM Linux runtime is missing: $runtime" >&2^[[0m
Rust checks	UNKNOWN STEP	2026-10-03T23:57:42.0157432Z ^[[36;1m  exit 1^[[0m
Rust checks	UNKNOWN STEP	2026-10-03T23:57:42.0157592Z ^[[36;1mfi^[[0m
Rust checks	UNKNOWN STEP	2026-10-03T23:57:42.0157914Z ^[[36;1mif head -c 128 "$runtime" | grep -q '^version https://git-lfs.github.com/spec/v1'; then^[[0m
Rust checks	UNKNOWN STEP	2026-10-03T23:57:42.0158335Z ^[[36;1m  echo "AOEM Linux runtime is still a Git LFS pointer: $runtime" >&2^[[0m
Rust checks	UNKNOWN STEP	2026-10-03T23:57:42.0158622Z ^[[36;1m  exit 1^[[0m
Rust checks	UNKNOWN STEP	2026-10-03T23:57:42.0158782Z ^[[36;1mfi^[[0m
Rust checks	UNKNOWN STEP	2026-10-03T23:57:42.0159000Z ^[[36;1mmagic="$(od -An -N4 -tx1 "$runtime" | tr -d '[:space:]')"^[[0m
Rust checks	UNKNOWN STEP	2026-10-03T23:57:42.0159278Z ^[[36;1mif [[ "$magic" != "7f454c46" ]]; then^[[0m
Rust checks	UNKNOWN STEP	2026-10-03T23:57:42.0159645Z ^[[36;1m  echo "AOEM Linux runtime is not an ELF binary: $runtime (magic=$magic)" >&2^[[0m
Rust checks	UNKNOWN STEP	2026-10-03T23:57:42.0159959Z ^[[36;1m  exit 1^[[0m
Rust checks	UNKNOWN STEP	2026-10-03T23:57:42.0160117Z ^[[36;1mfi^[[0m
Rust checks	UNKNOWN STEP	2026-10-03T23:57:42.0160315Z ^[[36;1mecho "AOEM Linux runtime materialized: $runtime"^[[0m
Rust checks	UNKNOWN STEP	2026-10-03T23:57:42.0406071Z shell: /usr/bin/bash --noprofile --norc -e -o pipefail {0}
Rust checks	UNKNOWN STEP	2026-10-03T23:57:42.0406365Z ##[endgroup]
Rust checks	UNKNOWN STEP	2026-10-03T23:57:42.0529965Z AOEM Linux runtime materialized: aoem/linux/core/bin/libaoem_ffi.so
Rust checks	UNKNOWN STEP	2026-10-03T23:57:42.0670677Z ##[group]Run dtolnay/rust-toolchain@stable
Rust checks	UNKNOWN STEP	2026-10-03T23:57:42.0670921Z with:
Rust checks	UNKNOWN STEP	2026-10-03T23:57:42.0671103Z   components: rustfmt, clippy
Rust checks	UNKNOWN STEP	2026-10-03T23:57:42.0671301Z   toolchain: stable
Rust checks	UNKNOWN STEP	2026-10-03T23:57:42.0671470Z ##[endgroup]
Rust checks	UNKNOWN STEP	2026-10-03T23:57:42.0726101Z ##[start-action display=Parse toolchain version;id=__dtolnay_rust-toolchain.parse]
Rust checks	UNKNOWN STEP	2026-10-03T23:57:42.0765510Z ##[group]Run if [[ -z $toolchain ]]; then
Rust checks	UNKNOWN STEP	2026-10-03T23:57:42.0765913Z ^[[36;1mif [[ -z $toolchain ]]; then^[[0m
Rust checks	UNKNOWN STEP	2026-10-03T23:57:42.0766674Z ^[[36;1m  # GitHub does not enforce `required: true` inputs itself. https://github.com/actions/runner/issues/1070^[[0m
Rust checks	UNKNOWN STEP	2026-10-03T23:57:42.0767283Z ^[[36;1m  echo "'toolchain' is a required input" >&2^[[0m
Rust checks	UNKNOWN STEP	2026-10-03T23:57:42.0767520Z ^[[36;1m  exit 1^[[0m
Rust checks	UNKNOWN STEP	2026-10-03T23:57:42.0767794Z ^[[36;1melif [[ $toolchain =~ ^stable' '[0-9]+' '(year|month|week|day)s?' 'ago$ ]]; then^[[0m
Rust checks	UNKNOWN STEP	2026-10-03T23:57:42.0768132Z ^[[36;1m  if [[ Linux == macOS ]]; then^[[0m
Rust checks	UNKNOWN STEP	2026-10-03T23:57:42.0768607Z ^[[36;1m    echo "toolchain=1.$((($(date -v-$(sed 's/stable \([0-9]*\) \(.\).*/\1\2/' <<< $toolchain) +%s)/60/60/24-16569)/7/6))" >> $GITHUB_OUTPUT^[[0m
Rust checks	UNKNOWN STEP	2026-10-03T23:57:42.0768994Z ^[[36;1m  else^[[0m
Rust checks	UNKNOWN STEP	2026-10-03T23:57:42.0769310Z ^[[36;1m    echo "toolchain=1.$((($(date --date "${toolchain#stable }" +%s)/60/60/24-16569)/7/6))" >> $GITHUB_OUTPUT^[[0m
Rust checks	UNKNOWN STEP	2026-10-03T23:57:42.0769657Z ^[[36;1m  fi^[[0m
Rust checks	UNKNOWN STEP	2026-10-03T23:57:42.0769897Z ^[[36;1melif [[ $toolchain =~ ^stable' 'minus' '[0-9]+' 'releases?$ ]]; then^[[0m
Rust checks	UNKNOWN STEP	2026-10-03T23:57:42.0770293Z ^[[36;1m  echo "toolchain=1.$((($(date +%s)/60/60/24-16569)/7/6-${toolchain//[^0-9]/}))" >> $GITHUB_OUTPUT^[[0m
Rust checks	UNKNOWN STEP	2026-10-03T23:57:42.0770876Z ^[[36;1melif [[ $toolchain =~ ^1\.[0-9]+$ ]]; then^[[0m
Rust checks	UNKNOWN STEP	2026-10-03T23:57:42.0771439Z ^[[36;1m  echo "toolchain=1.$((i=${toolchain#1.}, c=($(date +%s)/60/60/24-16569)/7/6, i+9*i*(10*i<=c)+90*i*(100*i<=c)))" >> $GITHUB_OUTPUT^[[0m
Rust checks	UNKNOWN STEP	2026-10-03T23:57:42.0771978Z ^[[36;1melse^[[0m
Rust checks	UNKNOWN STEP	2026-10-03T23:57:42.0772266Z ^[[36;1m  echo "toolchain=$toolchain" >> $GITHUB_OUTPUT^[[0m
Rust checks	UNKNOWN STEP	2026-10-03T23:57:42.0772623Z ^[[36;1mfi^[[0m
Rust checks	UNKNOWN STEP	2026-10-03T23:57:42.0829270Z shell: /usr/bin/bash --noprofile --norc -e -o pipefail {0}
Rust checks	UNKNOWN STEP	2026-10-03T23:57:42.0829542Z env:
Rust checks	UNKNOWN STEP	2026-10-03T23:57:42.0829704Z   toolchain: stable
Rust checks	UNKNOWN STEP	2026-10-03T23:57:42.0829876Z ##[endgroup]
Rust checks	UNKNOWN STEP	2026-10-03T23:57:42.0924797Z ##[end-action id=__dtolnay_rust-toolchain.parse;outcome=success;conclusion=success;duration_ms=19]
Rust checks	UNKNOWN STEP	2026-10-03T23:57:42.0934049Z ##[start-action display=Construct rustup command line;id=__dtolnay_rust-toolchain.flags]
Rust checks	UNKNOWN STEP	2026-10-03T23:57:42.0956273Z ##[group]Run echo "targets=$(for t in ${targets//,/ }; do echo -n ' --target' $t; done)" >> $GITHUB_OUTPUT
Rust checks	UNKNOWN STEP	2026-10-03T23:57:42.0956971Z ^[[36;1mecho "targets=$(for t in ${targets//,/ }; do echo -n ' --target' $t; done)" >> $GITHUB_OUTPUT^[[0m
Rust checks	UNKNOWN STEP	2026-10-03T23:57:42.0957473Z ^[[36;1mecho "components=$(for c in ${components//,/ }; do echo -n ' --component' $c; done)" >> $GITHUB_OUTPUT^[[0m
Rust checks	UNKNOWN STEP	2026-10-03T23:57:42.0957884Z ^[[36;1mecho "downgrade=" >> $GITHUB_OUTPUT^[[0m
Rust checks	UNKNOWN STEP	2026-10-03T23:57:42.1012827Z shell: /usr/bin/bash --noprofile --norc -e -o pipefail {0}
Rust checks	UNKNOWN STEP	2026-10-03T23:57:42.1013091Z env:
Rust checks	UNKNOWN STEP	2026-10-03T23:57:42.1013255Z   targets: 
Rust checks	UNKNOWN STEP	2026-10-03T23:57:42.1013425Z   components: rustfmt, clippy
Rust checks	UNKNOWN STEP	2026-10-03T23:57:42.1013627Z ##[endgroup]
Rust checks	UNKNOWN STEP	2026-10-03T23:57:42.1096413Z ##[end-action id=__dtolnay_rust-toolchain.flags;outcome=success;conclusion=success;duration_ms=16]
Rust checks	UNKNOWN STEP	2026-10-03T23:57:42.1098391Z ##[start-action display=Set $CARGO_HOME;id=__dtolnay_rust-toolchain.__run]
Rust checks	UNKNOWN STEP	2026-10-03T23:57:42.1113428Z ##[group]Run echo CARGO_HOME=${CARGO_HOME:-"$HOME/.cargo"} >> $GITHUB_ENV
Rust checks	UNKNOWN STEP	2026-10-03T23:57:42.1113805Z ^[[36;1mecho CARGO_HOME=${CARGO_HOME:-"$HOME/.cargo"} >> $GITHUB_ENV^[[0m
Rust checks	UNKNOWN STEP	2026-10-03T23:57:42.1167524Z shell: /usr/bin/bash --noprofile --norc -e -o pipefail {0}
Rust checks	UNKNOWN STEP	2026-10-03T23:57:42.1167804Z ##[endgroup]
Rust checks	UNKNOWN STEP	2026-10-03T23:57:42.1244464Z ##[end-action id=__dtolnay_rust-toolchain.__run;outcome=success;conclusion=success;duration_ms=14]
Rust checks	UNKNOWN STEP	2026-10-03T23:57:42.1246439Z ##[start-action display=Install rustup if needed;id=__dtolnay_rust-toolchain.__run_2]
Rust checks	UNKNOWN STEP	2026-10-03T23:57:42.1267121Z ##[group]Run if ! command -v rustup &>/dev/null; then
Rust checks	UNKNOWN STEP	2026-10-03T23:57:42.1267421Z ^[[36;1mif ! command -v rustup &>/dev/null; then^[[0m
Rust checks	UNKNOWN STEP	2026-10-03T23:57:42.1268018Z ^[[36;1m  curl --proto '=https' --tlsv1.2 --retry 10 --retry-connrefused --location --silent --show-error --fail https://sh.rustup.rs | sh -s -- --default-toolchain none -y^[[0m
Rust checks	UNKNOWN STEP	2026-10-03T23:57:42.1268625Z ^[[36;1m  echo "$CARGO_HOME/bin" >> $GITHUB_PATH^[[0m
Rust checks	UNKNOWN STEP	2026-10-03T23:57:42.1268870Z ^[[36;1mfi^[[0m
Rust checks	UNKNOWN STEP	2026-10-03T23:57:42.1322852Z shell: /usr/bin/bash --noprofile --norc -e -o pipefail {0}
Rust checks	UNKNOWN STEP	2026-10-03T23:57:42.1323309Z env:
Rust checks	UNKNOWN STEP	2026-10-03T23:57:42.1323480Z   CARGO_HOME: /home/runner/.cargo
Rust checks	UNKNOWN STEP	2026-10-03T23:57:42.1323685Z ##[endgroup]
Rust checks	UNKNOWN STEP	2026-10-03T23:57:42.1399201Z ##[end-action id=__dtolnay_rust-toolchain.__run_2;outcome=success;conclusion=success;duration_ms=15]
Rust checks	UNKNOWN STEP	2026-10-03T23:57:42.1401044Z ##[start-action display=Install rustup if needed on windows;id=__dtolnay_rust-toolchain.__run_3]
Rust checks	UNKNOWN STEP	2026-10-03T23:57:42.1406121Z ##[end-action id=__dtolnay_rust-toolchain.__run_3;outcome=skipped;conclusion=skipped;duration_ms=0]
Rust checks	UNKNOWN STEP	2026-10-03T23:57:42.1414896Z ##[start-action display=rustup toolchain install stable;id=__dtolnay_rust-toolchain.__run_4]
Rust checks	UNKNOWN STEP	2026-10-03T23:57:42.1430886Z ##[group]Run log=$(mktemp)
Rust checks	UNKNOWN STEP	2026-10-03T23:57:42.1431129Z ^[[36;1mlog=$(mktemp)^[[0m
Rust checks	UNKNOWN STEP	2026-10-03T23:57:42.1431326Z ^[[36;1mtrap 'rm -f "$log"' EXIT^[[0m
Rust checks	UNKNOWN STEP	2026-10-03T23:57:42.1431540Z ^[[36;1mfor attempt in 1 2 3 4 5; do^[[0m
Rust checks	UNKNOWN STEP	2026-10-03T23:57:42.1432063Z ^[[36;1m  if rustup toolchain install stable --component rustfmt --component clippy --profile minimal --no-self-update --force-non-host 2>&1 | tee "$log"; then^[[0m
Rust checks	UNKNOWN STEP	2026-10-03T23:57:42.1432582Z ^[[36;1m    break^[[0m
Rust checks	UNKNOWN STEP	2026-10-03T23:57:42.1432756Z ^[[36;1m  else^[[0m
Rust checks	UNKNOWN STEP	2026-10-03T23:57:42.1432928Z ^[[36;1m    status=$?^[[0m
Rust checks	UNKNOWN STEP	2026-10-03T23:57:42.1433109Z ^[[36;1m  fi^[[0m
Rust checks	UNKNOWN STEP	2026-10-03T23:57:42.1433352Z ^[[36;1m  if [[ $attempt == 5 ]] || ! grep -Fq 'checksum failed for ' "$log" \^[[0m
Rust checks	UNKNOWN STEP	2026-10-03T23:57:42.1433802Z ^[[36;1m      || ! grep -Fq 'this is likely due to an ongoing update of the official release server' "$log"; then^[[0m
Rust checks	UNKNOWN STEP	2026-10-03T23:57:42.1434160Z ^[[36;1m    exit "$status"^[[0m
Rust checks	UNKNOWN STEP	2026-10-03T23:57:42.1434342Z ^[[36;1m  fi^[[0m
Rust checks	UNKNOWN STEP	2026-10-03T23:57:42.1434625Z ^[[36;1m  echo "Retrying rustup toolchain install in 30 seconds (retry $attempt of 4)" >&2^[[0m
Rust checks	UNKNOWN STEP	2026-10-03T23:57:42.1434953Z ^[[36;1m  sleep 30^[[0m
Rust checks	UNKNOWN STEP	2026-10-03T23:57:42.1435127Z ^[[36;1mdone^[[0m
Rust checks	UNKNOWN STEP	2026-10-03T23:57:42.1490150Z shell: /usr/bin/bash --noprofile --norc -e -o pipefail {0}
Rust checks	UNKNOWN STEP	2026-10-03T23:57:42.1490430Z env:
Rust checks	UNKNOWN STEP	2026-10-03T23:57:42.1490618Z   CARGO_HOME: /home/runner/.cargo
Rust checks	UNKNOWN STEP	2026-10-03T23:57:42.1490849Z   RUSTUP_PERMIT_COPY_RENAME: 1
Rust checks	UNKNOWN STEP	2026-10-03T23:57:42.1491049Z ##[endgroup]
Rust checks	UNKNOWN STEP	2026-10-03T23:57:42.4313035Z info: syncing channel updates for stable-x86_64-unknown-linux-gnu
Rust checks	UNKNOWN STEP	2026-10-03T23:57:42.6944730Z info: latest update on 2026-10-01 for version 1.99.0 (b940084d7 2026-09-28)
Rust checks	UNKNOWN STEP	2026-10-03T23:57:42.7041435Z info: removing previous version of component rustfmt
Rust checks	UNKNOWN STEP	2026-10-03T23:57:42.7212312Z info: removing previous version of component clippy
Rust checks	UNKNOWN STEP	2026-10-03T23:57:42.7222916Z info: removing previous version of component cargo
Rust checks	UNKNOWN STEP	2026-10-03T23:57:42.7268568Z info: removing previous version of component rust-std
Rust checks	UNKNOWN STEP	2026-10-03T23:57:42.7309943Z info: removing previous version of component rustc
Rust checks	UNKNOWN STEP	2026-10-03T23:57:42.7353375Z info: downloading 5 components
Rust checks	UNKNOWN STEP	2026-10-03T23:57:50.3950271Z 
Rust checks	UNKNOWN STEP	2026-10-03T23:57:50.4010382Z   stable-x86_64-unknown-linux-gnu updated - rustc 1.99.0 (b940084d7 2026-09-28) (from rustc 1.98.1 (48a229cea 2026-09-01))
Rust checks	UNKNOWN STEP	2026-10-03T23:57:50.4010793Z 
Rust checks	UNKNOWN STEP	2026-10-03T23:57:50.6033662Z ##[end-action id=__dtolnay_rust-toolchain.__run_4;outcome=success;conclusion=success;duration_ms=8461]
Rust checks	UNKNOWN STEP	2026-10-03T23:57:50.6039040Z ##[start-action display=rustup default stable;id=__dtolnay_rust-toolchain.__run_5]
Rust checks	UNKNOWN STEP	2026-10-03T23:57:50.6055273Z ##[group]Run rustup default stable --force-non-host
Rust checks	UNKNOWN STEP	2026-10-03T23:57:50.6055594Z ^[[36;1mrustup default stable --force-non-host^[[0m
Rust checks	UNKNOWN STEP	2026-10-03T23:57:50.6111138Z shell: /usr/bin/bash --noprofile --norc -e -o pipefail {0}
Rust checks	UNKNOWN STEP	2026-10-03T23:57:50.6111417Z env:
Rust checks	UNKNOWN STEP	2026-10-03T23:57:50.6111593Z   CARGO_HOME: /home/runner/.cargo
Rust checks	UNKNOWN STEP	2026-10-03T23:57:50.6111801Z ##[endgroup]
Rust checks	UNKNOWN STEP	2026-10-03T23:57:50.6830944Z info: using existing install for stable-x86_64-unknown-linux-gnu
Rust checks	UNKNOWN STEP	2026-10-03T23:57:50.6863090Z info: default toolchain set to stable-x86_64-unknown-linux-gnu
Rust checks	UNKNOWN STEP	2026-10-03T23:57:50.6863910Z 
Rust checks	UNKNOWN STEP	2026-10-03T23:57:50.6918223Z   stable-x86_64-unknown-linux-gnu unchanged - rustc 1.99.0 (b940084d7 2026-09-28)
Rust checks	UNKNOWN STEP	2026-10-03T23:57:50.6918538Z 
Rust checks	UNKNOWN STEP	2026-10-03T23:57:50.6919029Z info: note that the toolchain '1.94.0-x86_64-unknown-linux-gnu' is currently in use (overridden by '/home/runner/work/supervm/supervm/rust-toolchain.toml')
Rust checks	UNKNOWN STEP	2026-10-03T23:57:50.6933036Z ##[end-action id=__dtolnay_rust-toolchain.__run_5;outcome=success;conclusion=success;duration_ms=89]
Rust checks	UNKNOWN STEP	2026-10-03T23:57:50.6935083Z ##[start-action display=Create cachekey;id=__dtolnay_rust-toolchain.rustc-version]
Rust checks	UNKNOWN STEP	2026-10-03T23:57:50.6951524Z ##[group]Run DATE=$(rustc +stable --version --verbose | sed -ne 's/^commit-date: \(20[0-9][0-9]\)-\([01][0-9]\)-\([0-3][0-9]\)$/\1\2\3/p')
Rust checks	UNKNOWN STEP	2026-10-03T23:57:50.6952197Z ^[[36;1mDATE=$(rustc +stable --version --verbose | sed -ne 's/^commit-date: \(20[0-9][0-9]\)-\([01][0-9]\)-\([0-3][0-9]\)$/\1\2\3/p')^[[0m
Rust checks	UNKNOWN STEP	2026-10-03T23:57:50.6952696Z ^[[36;1mHASH=$(rustc +stable --version --verbose | sed -ne 's/^commit-hash: //p')^[[0m
Rust checks	UNKNOWN STEP	2026-10-03T23:57:50.6953095Z ^[[36;1mecho "cachekey=$(echo $DATE$HASH | head -c12)" >> $GITHUB_OUTPUT^[[0m
Rust checks	UNKNOWN STEP	2026-10-03T23:57:50.7007859Z shell: /usr/bin/bash --noprofile --norc -e -o pipefail {0}
Rust checks	UNKNOWN STEP	2026-10-03T23:57:50.7008134Z env:
Rust checks	UNKNOWN STEP	2026-10-03T23:57:50.7008302Z   CARGO_HOME: /home/runner/.cargo
Rust checks	UNKNOWN STEP	2026-10-03T23:57:50.7008508Z ##[endgroup]
Rust checks	UNKNOWN STEP	2026-10-03T23:57:50.7470858Z ##[end-action id=__dtolnay_rust-toolchain.rustc-version;outcome=success;conclusion=success;duration_ms=53]
Rust checks	UNKNOWN STEP	2026-10-03T23:57:50.7473109Z ##[start-action display=Disable incremental compilation;id=__dtolnay_rust-toolchain.__run_6]
Rust checks	UNKNOWN STEP	2026-10-03T23:57:50.7489463Z ##[group]Run if [ -z "${CARGO_INCREMENTAL+set}" ]; then
Rust checks	UNKNOWN STEP	2026-10-03T23:57:50.7489773Z ^[[36;1mif [ -z "${CARGO_INCREMENTAL+set}" ]; then^[[0m
Rust checks	UNKNOWN STEP	2026-10-03T23:57:50.7490037Z ^[[36;1m  echo CARGO_INCREMENTAL=0 >> $GITHUB_ENV^[[0m
Rust checks	UNKNOWN STEP	2026-10-03T23:57:50.7490264Z ^[[36;1mfi^[[0m
Rust checks	UNKNOWN STEP	2026-10-03T23:57:50.7544971Z shell: /usr/bin/bash --noprofile --norc -e -o pipefail {0}
Rust checks	UNKNOWN STEP	2026-10-03T23:57:50.7545237Z env:
Rust checks	UNKNOWN STEP	2026-10-03T23:57:50.7545410Z   CARGO_HOME: /home/runner/.cargo
Rust checks	UNKNOWN STEP	2026-10-03T23:57:50.7545617Z ##[endgroup]
Rust checks	UNKNOWN STEP	2026-10-03T23:57:50.7681116Z ##[end-action id=__dtolnay_rust-toolchain.__run_6;outcome=success;conclusion=success;duration_ms=20]
Rust checks	UNKNOWN STEP	2026-10-03T23:57:50.7682886Z ##[start-action display=Enable colors in Cargo output;id=__dtolnay_rust-toolchain.__run_7]
Rust checks	UNKNOWN STEP	2026-10-03T23:57:50.7743963Z ##[group]Run if [ -z "${CARGO_TERM_COLOR+set}" ]; then
Rust checks	UNKNOWN STEP	2026-10-03T23:57:50.7744264Z ^[[36;1mif [ -z "${CARGO_TERM_COLOR+set}" ]; then^[[0m
Rust checks	UNKNOWN STEP	2026-10-03T23:57:50.7744528Z ^[[36;1m  echo CARGO_TERM_COLOR=always >> $GITHUB_ENV^[[0m
Rust checks	UNKNOWN STEP	2026-10-03T23:57:50.7744761Z ^[[36;1mfi^[[0m
Rust checks	UNKNOWN STEP	2026-10-03T23:57:50.7795511Z shell: /usr/bin/bash --noprofile --norc -e -o pipefail {0}
Rust checks	UNKNOWN STEP	2026-10-03T23:57:50.7795779Z env:
Rust checks	UNKNOWN STEP	2026-10-03T23:57:50.7795944Z   CARGO_HOME: /home/runner/.cargo
Rust checks	UNKNOWN STEP	2026-10-03T23:57:50.7796154Z   CARGO_INCREMENTAL: 0
Rust checks	UNKNOWN STEP	2026-10-03T23:57:50.7796328Z ##[endgroup]
Rust checks	UNKNOWN STEP	2026-10-03T23:57:50.8112720Z ##[end-action id=__dtolnay_rust-toolchain.__run_7;outcome=success;conclusion=success;duration_ms=42]
Rust checks	UNKNOWN STEP	2026-10-03T23:57:50.8114680Z ##[start-action display=Enable Cargo sparse registry;id=__dtolnay_rust-toolchain.__run_8]
Rust checks	UNKNOWN STEP	2026-10-03T23:57:50.8131064Z ##[group]Run # implemented in 1.66, stabilized in 1.68, made default in 1.70
Rust checks	UNKNOWN STEP	2026-10-03T23:57:50.8131473Z ^[[36;1m# implemented in 1.66, stabilized in 1.68, made default in 1.70^[[0m
Rust checks	UNKNOWN STEP	2026-10-03T23:57:50.8132031Z ^[[36;1mif [ -z "${CARGO_REGISTRIES_CRATES_IO_PROTOCOL+set}" -o -f "/home/runner/work/_temp"/.implicit_cargo_registries_crates_io_protocol ]; then^[[0m
Rust checks	UNKNOWN STEP	2026-10-03T23:57:50.8132621Z ^[[36;1m  if rustc +stable --version --verbose | grep -q '^release: 1\.6[89]\.'; then^[[0m
Rust checks	UNKNOWN STEP	2026-10-03T23:57:50.8133241Z ^[[36;1m    touch "/home/runner/work/_temp"/.implicit_cargo_registries_crates_io_protocol || true^[[0m
Rust checks	UNKNOWN STEP	2026-10-03T23:57:50.8133669Z ^[[36;1m    echo CARGO_REGISTRIES_CRATES_IO_PROTOCOL=sparse >> $GITHUB_ENV^[[0m
Rust checks	UNKNOWN STEP	2026-10-03T23:57:50.8134066Z ^[[36;1m  elif rustc +stable --version --verbose | grep -q '^release: 1\.6[67]\.'; then^[[0m
Rust checks	UNKNOWN STEP	2026-10-03T23:57:50.8134501Z ^[[36;1m    touch "/home/runner/work/_temp"/.implicit_cargo_registries_crates_io_protocol || true^[[0m
Rust checks	UNKNOWN STEP	2026-10-03T23:57:50.8134898Z ^[[36;1m    echo CARGO_REGISTRIES_CRATES_IO_PROTOCOL=git >> $GITHUB_ENV^[[0m
Rust checks	UNKNOWN STEP	2026-10-03T23:57:50.8135297Z ^[[36;1m  fi^[[0m
Rust checks	UNKNOWN STEP	2026-10-03T23:57:50.8135464Z ^[[36;1mfi^[[0m
Rust checks	UNKNOWN STEP	2026-10-03T23:57:50.8190417Z shell: /usr/bin/bash --noprofile --norc -e -o pipefail {0}
Rust checks	UNKNOWN STEP	2026-10-03T23:57:50.8190692Z env:
Rust checks	UNKNOWN STEP	2026-10-03T23:57:50.8190857Z   CARGO_HOME: /home/runner/.cargo
Rust checks	UNKNOWN STEP	2026-10-03T23:57:50.8191069Z   CARGO_INCREMENTAL: 0
Rust checks	UNKNOWN STEP	2026-10-03T23:57:50.8191253Z   CARGO_TERM_COLOR: always
Rust checks	UNKNOWN STEP	2026-10-03T23:57:50.8191434Z ##[endgroup]
Rust checks	UNKNOWN STEP	2026-10-03T23:57:50.8471250Z ##[end-action id=__dtolnay_rust-toolchain.__run_8;outcome=success;conclusion=success;duration_ms=35]
Rust checks	UNKNOWN STEP	2026-10-03T23:57:50.8473565Z ##[start-action display=Work around spurious network errors in curl 8.0;id=__dtolnay_rust-toolchain.__run_9]
Rust checks	UNKNOWN STEP	2026-10-03T23:57:50.8489702Z ##[group]Run # https://rust-lang.zulipchat.com/#narrow/stream/246057-t-cargo/topic/timeout.20investigation
Rust checks	UNKNOWN STEP	2026-10-03T23:57:50.8490291Z ^[[36;1m# https://rust-lang.zulipchat.com/#narrow/stream/246057-t-cargo/topic/timeout.20investigation^[[0m
Rust checks	UNKNOWN STEP	2026-10-03T23:57:50.8490763Z ^[[36;1mif rustc +stable --version --verbose | grep -q '^release: 1\.7[01]\.'; then^[[0m
Rust checks	UNKNOWN STEP	2026-10-03T23:57:50.8491148Z ^[[36;1m  echo CARGO_HTTP_MULTIPLEXING=false >> $GITHUB_ENV^[[0m
Rust checks	UNKNOWN STEP	2026-10-03T23:57:50.8491404Z ^[[36;1mfi^[[0m
Rust checks	UNKNOWN STEP	2026-10-03T23:57:50.8544628Z shell: /usr/bin/bash --noprofile --norc -e -o pipefail {0}
Rust checks	UNKNOWN STEP	2026-10-03T23:57:50.8544899Z env:
Rust checks	UNKNOWN STEP	2026-10-03T23:57:50.8545065Z   CARGO_HOME: /home/runner/.cargo
Rust checks	UNKNOWN STEP	2026-10-03T23:57:50.8545279Z   CARGO_INCREMENTAL: 0
Rust checks	UNKNOWN STEP	2026-10-03T23:57:50.8545475Z   CARGO_TERM_COLOR: always
Rust checks	UNKNOWN STEP	2026-10-03T23:57:50.8545665Z ##[endgroup]
Rust checks	UNKNOWN STEP	2026-10-03T23:57:50.8868843Z ##[end-action id=__dtolnay_rust-toolchain.__run_9;outcome=success;conclusion=success;duration_ms=39]
Rust checks	UNKNOWN STEP	2026-10-03T23:57:50.8871784Z ##[start-action display=rustc +stable --version --verbose;id=__dtolnay_rust-toolchain.__run_10]
Rust checks	UNKNOWN STEP	2026-10-03T23:57:50.8886788Z ##[group]Run rustc +stable --version --verbose
Rust checks	UNKNOWN STEP	2026-10-03T23:57:50.8887066Z ^[[36;1mrustc +stable --version --verbose^[[0m
Rust checks	UNKNOWN STEP	2026-10-03T23:57:50.8938692Z shell: /usr/bin/bash --noprofile --norc -e -o pipefail {0}
Rust checks	UNKNOWN STEP	2026-10-03T23:57:50.8938973Z env:
Rust checks	UNKNOWN STEP	2026-10-03T23:57:50.8939137Z   CARGO_HOME: /home/runner/.cargo
Rust checks	UNKNOWN STEP	2026-10-03T23:57:50.8939342Z   CARGO_INCREMENTAL: 0
Rust checks	UNKNOWN STEP	2026-10-03T23:57:50.8939523Z   CARGO_TERM_COLOR: always
Rust checks	UNKNOWN STEP	2026-10-03T23:57:50.8939712Z ##[endgroup]
Rust checks	UNKNOWN STEP	2026-10-03T23:57:50.9370375Z rustc 1.99.0 (b940084d7 2026-09-28)
Rust checks	UNKNOWN STEP	2026-10-03T23:57:50.9370753Z binary: rustc
Rust checks	UNKNOWN STEP	2026-10-03T23:57:50.9371087Z commit-hash: b940084d7eb6a299eb4bfeb8e34901bc051e7ac4
Rust checks	UNKNOWN STEP	2026-10-03T23:57:50.9371506Z commit-date: 2026-09-28
Rust checks	UNKNOWN STEP	2026-10-03T23:57:50.9371806Z host: x86_64-unknown-linux-gnu
Rust checks	UNKNOWN STEP	2026-10-03T23:57:50.9372118Z release: 1.99.0
Rust checks	UNKNOWN STEP	2026-10-03T23:57:50.9372385Z LLVM version: 23.1.1
Rust checks	UNKNOWN STEP	2026-10-03T23:57:50.9390559Z ##[end-action id=__dtolnay_rust-toolchain.__run_10;outcome=success;conclusion=success;duration_ms=51]
Rust checks	UNKNOWN STEP	2026-10-03T23:57:50.9478490Z ##[group]Run Swatinem/rust-cache@v2
Rust checks	UNKNOWN STEP	2026-10-03T23:57:50.9478720Z with:
Rust checks	UNKNOWN STEP	2026-10-03T23:57:50.9478893Z   prefix-key: v0-rust
Rust checks	UNKNOWN STEP	2026-10-03T23:57:50.9479085Z   add-job-id-key: true
Rust checks	UNKNOWN STEP	2026-10-03T23:57:50.9479281Z   add-rust-environment-hash-key: true
Rust checks	UNKNOWN STEP	2026-10-03T23:57:50.9479516Z   cache-targets: true
Rust checks	UNKNOWN STEP	2026-10-03T23:57:50.9479693Z   cache-all-crates: false
Rust checks	UNKNOWN STEP	2026-10-03T23:57:50.9479888Z   cache-workspace-crates: false
Rust checks	UNKNOWN STEP	2026-10-03T23:57:50.9480085Z   save-if: true
Rust checks	UNKNOWN STEP	2026-10-03T23:57:50.9480252Z   cache-provider: github
Rust checks	UNKNOWN STEP	2026-10-03T23:57:50.9480437Z   cache-bin: true
Rust checks	UNKNOWN STEP	2026-10-03T23:57:50.9480600Z   lookup-only: false
Rust checks	UNKNOWN STEP	2026-10-03T23:57:50.9480768Z   cmd-format: {0}
Rust checks	UNKNOWN STEP	2026-10-03T23:57:50.9480919Z env:
Rust checks	UNKNOWN STEP	2026-10-03T23:57:50.9481079Z   CARGO_HOME: /home/runner/.cargo
Rust checks	UNKNOWN STEP	2026-10-03T23:57:50.9481278Z   CARGO_INCREMENTAL: 0
Rust checks	UNKNOWN STEP	2026-10-03T23:57:50.9481450Z   CARGO_TERM_COLOR: always
Rust checks	UNKNOWN STEP	2026-10-03T23:57:50.9481633Z ##[endgroup]
Rust checks	UNKNOWN STEP	2026-10-03T23:57:59.8962174Z ##[group]Cache Configuration
Rust checks	UNKNOWN STEP	2026-10-03T23:57:59.8962661Z Cache Provider:
Rust checks	UNKNOWN STEP	2026-10-03T23:57:59.8962897Z     github
Rust checks	UNKNOWN STEP	2026-10-03T23:57:59.8963110Z Workspaces:
Rust checks	UNKNOWN STEP	2026-10-03T23:57:59.8963357Z     /home/runner/work/supervm/supervm
Rust checks	UNKNOWN STEP	2026-10-03T23:57:59.8963679Z Cache Paths:
Rust checks	UNKNOWN STEP	2026-10-03T23:57:59.8963914Z     /home/runner/.cargo/bin
Rust checks	UNKNOWN STEP	2026-10-03T23:57:59.8964451Z     /home/runner/.cargo/.crates.toml
Rust checks	UNKNOWN STEP	2026-10-03T23:57:59.8964666Z     /home/runner/.cargo/.crates2.json
Rust checks	UNKNOWN STEP	2026-10-03T23:57:59.8964873Z     /home/runner/.cargo/registry
Rust checks	UNKNOWN STEP	2026-10-03T23:57:59.8965071Z     /home/runner/.cargo/git
Rust checks	UNKNOWN STEP	2026-10-03T23:57:59.8965278Z     /home/runner/work/supervm/supervm/target
Rust checks	UNKNOWN STEP	2026-10-03T23:57:59.8965498Z Restore Key:
Rust checks	UNKNOWN STEP	2026-10-03T23:57:59.8965669Z     v0-rust-rust-Linux-x64-6f59b9e5
Rust checks	UNKNOWN STEP	2026-10-03T23:57:59.8965869Z Cache Key:
Rust checks	UNKNOWN STEP	2026-10-03T23:57:59.8966044Z     v0-rust-rust-Linux-x64-6f59b9e5-06c87977
Rust checks	UNKNOWN STEP	2026-10-03T23:57:59.8966254Z .. Prefix:
Rust checks	UNKNOWN STEP	2026-10-03T23:57:59.8966419Z   - v0-rust-rust-Linux-x64
Rust checks	UNKNOWN STEP	2026-10-03T23:57:59.8966903Z .. Environment considered:
Rust checks	UNKNOWN STEP	2026-10-03T23:57:59.8967179Z   - Rust Versions:
Rust checks	UNKNOWN STEP	2026-10-03T23:57:59.8967558Z     - 1.94.0 x86_64-unknown-linux-gnu 4a4ef493e3a1488c6e321570238084b38948f6db
Rust checks	UNKNOWN STEP	2026-10-03T23:57:59.8968116Z     - 1.99.0 x86_64-unknown-linux-gnu b940084d7eb6a299eb4bfeb8e34901bc051e7ac4
Rust checks	UNKNOWN STEP	2026-10-03T23:57:59.8968552Z   - CARGO_HOME
Rust checks	UNKNOWN STEP	2026-10-03T23:57:59.8968809Z   - CARGO_INCREMENTAL
Rust checks	UNKNOWN STEP	2026-10-03T23:57:59.8969497Z   - CARGO_TERM_COLOR
Rust checks	UNKNOWN STEP	2026-10-03T23:57:59.8969921Z .. Lockfiles considered:
Rust checks	UNKNOWN STEP	2026-10-03T23:57:59.8970540Z   - /home/runner/work/supervm/supervm/.cargo/config.toml
Rust checks	UNKNOWN STEP	2026-10-03T23:57:59.8971208Z   - /home/runner/work/supervm/supervm/Cargo.lock
Rust checks	UNKNOWN STEP	2026-10-03T23:57:59.8971832Z   - /home/runner/work/supervm/supervm/crates/aoem-bindings/Cargo.toml
Rust checks	UNKNOWN STEP	2026-10-03T23:57:59.8972704Z   - /home/runner/work/supervm/supervm/crates/gateways/evm-gateway/Cargo.toml
Rust checks	UNKNOWN STEP	2026-10-03T23:57:59.8973514Z   - /home/runner/work/supervm/supervm/crates/novovm-adapter-api/Cargo.toml
Rust checks	UNKNOWN STEP	2026-10-03T23:57:59.8974374Z   - /home/runner/work/supervm/supervm/crates/novovm-adapter-novovm/Cargo.toml
Rust checks	UNKNOWN STEP	2026-10-03T23:57:59.8975411Z   - /home/runner/work/supervm/supervm/crates/novovm-adapter-sample-plugin/Cargo.toml
Rust checks	UNKNOWN STEP	2026-10-03T23:57:59.8976236Z   - /home/runner/work/supervm/supervm/crates/novovm-bench/Cargo.toml
Rust checks	UNKNOWN STEP	2026-10-03T23:57:59.8977191Z   - /home/runner/work/supervm/supervm/crates/novovm-consensus/Cargo.toml
Rust checks	UNKNOWN STEP	2026-10-03T23:57:59.8977996Z   - /home/runner/work/supervm/supervm/crates/novovm-coordinator/Cargo.toml
Rust checks	UNKNOWN STEP	2026-10-03T23:57:59.8978782Z   - /home/runner/work/supervm/supervm/crates/novovm-exec/Cargo.toml
Rust checks	UNKNOWN STEP	2026-10-03T23:57:59.8997122Z   - /home/runner/work/supervm/supervm/crates/novovm-governance-observability/Cargo.toml
Rust checks	UNKNOWN STEP	2026-10-03T23:57:59.8998013Z   - /home/runner/work/supervm/supervm/crates/novovm-network/Cargo.toml
Rust checks	UNKNOWN STEP	2026-10-03T23:57:59.8998744Z   - /home/runner/work/supervm/supervm/crates/novovm-node/Cargo.toml
Rust checks	UNKNOWN STEP	2026-10-03T23:57:59.8999432Z   - /home/runner/work/supervm/supervm/crates/novovm-protocol/Cargo.toml
Rust checks	UNKNOWN STEP	2026-10-03T23:57:59.9000120Z   - /home/runner/work/supervm/supervm/crates/novovm-prover/Cargo.toml
Rust checks	UNKNOWN STEP	2026-10-03T23:57:59.9001157Z   - /home/runner/work/supervm/supervm/crates/novovm-relay/Cargo.toml
Rust checks	UNKNOWN STEP	2026-10-03T23:57:59.9002057Z   - /home/runner/work/supervm/supervm/crates/novovm-rollout-policy/Cargo.toml
Rust checks	UNKNOWN STEP	2026-10-03T23:57:59.9002764Z   - /home/runner/work/supervm/supervm/crates/novovm-udp-batch/Cargo.toml
Rust checks	UNKNOWN STEP	2026-10-03T23:57:59.9003321Z   - /home/runner/work/supervm/supervm/crates/novovmctl/Cargo.toml
Rust checks	UNKNOWN STEP	2026-10-03T23:57:59.9003889Z   - /home/runner/work/supervm/supervm/crates/plugins/evm/core/Cargo.toml
Rust checks	UNKNOWN STEP	2026-10-03T23:57:59.9004474Z   - /home/runner/work/supervm/supervm/crates/plugins/evm/plugin/Cargo.toml
Rust checks	UNKNOWN STEP	2026-10-03T23:57:59.9005051Z   - /home/runner/work/supervm/supervm/rust-toolchain.toml
Rust checks	UNKNOWN STEP	2026-10-03T23:57:59.9005570Z   - /home/runner/work/supervm/supervm/vendor/web30-core/Cargo.toml
Rust checks	UNKNOWN STEP	2026-10-03T23:57:59.9006200Z ##[endgroup]
Rust checks	UNKNOWN STEP	2026-10-03T23:57:59.9006342Z 
Rust checks	UNKNOWN STEP	2026-10-03T23:57:59.9006594Z ... Restoring cache ...
Rust checks	UNKNOWN STEP	2026-10-03T23:57:59.9779854Z Cache hit for restore-key: v0-rust-rust-Linux-x64-6f59b9e5-1eb7242d
Rust checks	UNKNOWN STEP	2026-10-03T23:58:01.0079691Z Received 314572800 of 1263185921 (24.9%), 299.1 MBs/sec
Rust checks	UNKNOWN STEP	2026-10-03T23:58:02.0089367Z Received 671088640 of 1263185921 (53.1%), 319.4 MBs/sec
Rust checks	UNKNOWN STEP	2026-10-03T23:58:03.0110857Z Received 1040187392 of 1263185921 (82.3%), 330.0 MBs/sec
Rust checks	UNKNOWN STEP	2026-10-03T23:58:03.6942499Z Received 1263185921 of 1263185921 (100.0%), 326.6 MBs/sec
Rust checks	UNKNOWN STEP	2026-10-03T23:58:03.6943209Z Cache Size: ~1205 MB (1263185921 B)
Rust checks	UNKNOWN STEP	2026-10-03T23:58:03.6966908Z [command]/usr/bin/tar -xf /home/runner/work/_temp/eb25ee15-e10e-4451-902c-9b771b0fe8f1/cache.tzst -P -C /home/runner/work/supervm/supervm --use-compress-program unzstd
Rust checks	UNKNOWN STEP	2026-10-03T23:58:30.8374169Z Cache restored successfully
Rust checks	UNKNOWN STEP	2026-10-03T23:58:30.8874929Z Restored from cache key "v0-rust-rust-Linux-x64-6f59b9e5-1eb7242d" full match: false.
Rust checks	UNKNOWN STEP	2026-10-03T23:58:30.9055848Z ##[group]Run ./runtime/check-isolation.ps1
Rust checks	UNKNOWN STEP	2026-10-03T23:58:30.9056141Z ^[[36;1m./runtime/check-isolation.ps1^[[0m
Rust checks	UNKNOWN STEP	2026-10-03T23:58:30.9078252Z shell: /usr/bin/pwsh -command ". '{0}'"
Rust checks	UNKNOWN STEP	2026-10-03T23:58:30.9078594Z env:
Rust checks	UNKNOWN STEP	2026-10-03T23:58:30.9078831Z   CARGO_HOME: /home/runner/.cargo
Rust checks	UNKNOWN STEP	2026-10-03T23:58:30.9079134Z   CARGO_INCREMENTAL: 0
Rust checks	UNKNOWN STEP	2026-10-03T23:58:30.9079415Z   CARGO_TERM_COLOR: always
Rust checks	UNKNOWN STEP	2026-10-03T23:58:30.9079709Z   CACHE_ON_FAILURE: false
Rust checks	UNKNOWN STEP	2026-10-03T23:58:30.9080005Z ##[endgroup]
Rust checks	UNKNOWN STEP	2026-10-03T23:58:39.0154816Z ^[[1m^[[92m    Updating^[[0m crates.io index
Rust checks	UNKNOWN STEP	2026-10-03T23:58:40.9697245Z PASS: Product has 21 approved members and no legacy dependency.
Rust checks	UNKNOWN STEP	2026-10-03T23:58:41.0174223Z ^[[1m^[[92m Downloading^[[0m crates ...
Rust checks	UNKNOWN STEP	2026-10-03T23:58:41.2451269Z ^[[1m^[[92m  Downloaded^[[0m zeroize v1.9.0
Rust checks	UNKNOWN STEP	2026-10-03T23:58:41.2538516Z ^[[1m^[[92m  Downloaded^[[0m log v0.4.33
Rust checks	UNKNOWN STEP	2026-10-03T23:58:41.2562963Z ^[[1m^[[92m  Downloaded^[[0m proc-macro2 v1.0.107
Rust checks	UNKNOWN STEP	2026-10-03T23:58:41.2596908Z ^[[1m^[[92m  Downloaded^[[0m find-msvc-tools v0.1.11
Rust checks	UNKNOWN STEP	2026-10-03T23:58:41.2623003Z ^[[1m^[[92m  Downloaded^[[0m time v0.3.55
Rust checks	UNKNOWN STEP	2026-10-03T23:58:41.2768876Z ^[[1m^[[92m  Downloaded^[[0m thiserror v2.0.21
Rust checks	UNKNOWN STEP	2026-10-03T23:58:41.2825700Z ^[[1m^[[92m  Downloaded^[[0m pkg-config v0.3.34
Rust checks	UNKNOWN STEP	2026-10-03T23:58:41.2847472Z ^[[1m^[[92m  Downloaded^[[0m bitflags v2.13.1
Rust checks	UNKNOWN STEP	2026-10-03T23:58:41.2889935Z ^[[1m^[[92m  Downloaded^[[0m zmij v1.0.23
Rust checks	UNKNOWN STEP	2026-10-03T23:58:41.2908450Z ^[[1m^[[92m  Downloaded^[[0m zeroize_derive v1.5.0
Rust checks	UNKNOWN STEP	2026-10-03T23:58:41.2917527Z ^[[1m^[[92m  Downloaded^[[0m semver v1.0.28
Rust checks	UNKNOWN STEP	2026-10-03T23:58:41.2941542Z ^[[1m^[[92m  Downloaded^[[0m zerocopy-derive v0.8.48
Rust checks	UNKNOWN STEP	2026-10-03T23:58:41.3022000Z ^[[1m^[[92m  Downloaded^[[0m typenum v1.20.1
Rust checks	UNKNOWN STEP	2026-10-03T23:58:41.3053259Z ^[[1m^[[92m  Downloaded^[[0m socket2 v0.6.1
Rust checks	UNKNOWN STEP	2026-10-03T23:58:41.3073511Z ^[[1m^[[92m  Downloaded^[[0m shlex v2.0.1
Rust checks	UNKNOWN STEP	2026-10-03T23:58:41.3088357Z ^[[1m^[[92m  Downloaded^[[0m memchr v2.8.3
Rust checks	UNKNOWN STEP	2026-10-03T23:58:41.3137565Z ^[[1m^[[92m  Downloaded^[[0m cc v1.4.3
Rust checks	UNKNOWN STEP	2026-10-03T23:58:41.3166154Z ^[[1m^[[92m  Downloaded^[[0m thiserror-impl v2.0.21
Rust checks	UNKNOWN STEP	2026-10-03T23:58:41.3181805Z ^[[1m^[[92m  Downloaded^[[0m syn v2.0.119
Rust checks	UNKNOWN STEP	2026-10-03T23:58:41.3270332Z ^[[1m^[[92m  Downloaded^[[0m windows_aarch64_msvc v0.53.1
Rust checks	UNKNOWN STEP	2026-10-03T23:58:41.3377235Z ^[[1m^[[92m  Downloaded^[[0m windows-targets v0.53.5
Rust checks	UNKNOWN STEP	2026-10-03T23:58:41.3386792Z ^[[1m^[[92m  Downloaded^[[0m rustls-pki-types v1.14.1
Rust checks	UNKNOWN STEP	2026-10-03T23:58:41.3411916Z ^[[1m^[[92m  Downloaded^[[0m zerocopy v0.8.48
Rust checks	UNKNOWN STEP	2026-10-03T23:58:41.3592213Z ^[[1m^[[92m  Downloaded^[[0m syn v3.0.6
Rust checks	UNKNOWN STEP	2026-10-03T23:58:41.3683232Z ^[[1m^[[92m  Downloaded^[[0m quote v1.0.47
Rust checks	UNKNOWN STEP	2026-10-03T23:58:41.3776877Z ^[[1m^[[92m  Downloaded^[[0m windows_i686_gnullvm v0.53.1
Rust checks	UNKNOWN STEP	2026-10-03T23:58:41.3883938Z ^[[1m^[[92m  Downloaded^[[0m windows_i686_msvc v0.53.1
Rust checks	UNKNOWN STEP	2026-10-03T23:58:41.3997335Z ^[[1m^[[92m  Downloaded^[[0m windows_x86_64_gnu v0.53.1
Rust checks	UNKNOWN STEP	2026-10-03T23:58:41.4156565Z ^[[1m^[[92m  Downloaded^[[0m libc v0.2.189
Rust checks	UNKNOWN STEP	2026-10-03T23:58:41.4521764Z ^[[1m^[[92m  Downloaded^[[0m windows_aarch64_gnullvm v0.53.1
Rust checks	UNKNOWN STEP	2026-10-03T23:58:41.4617151Z ^[[1m^[[92m  Downloaded^[[0m windows_x86_64_gnullvm v0.53.1
Rust checks	UNKNOWN STEP	2026-10-03T23:58:41.4714124Z ^[[1m^[[92m  Downloaded^[[0m windows_x86_64_msvc v0.53.1
Rust checks	UNKNOWN STEP	2026-10-03T23:58:41.4817678Z ^[[1m^[[92m  Downloaded^[[0m windows_i686_gnu v0.53.1
Rust checks	UNKNOWN STEP	2026-10-03T23:58:41.4997076Z ^[[1m^[[92m  Downloaded^[[0m windows-sys v0.60.2
Rust checks	UNKNOWN STEP	2026-10-03T23:58:41.7413767Z PASS: Preserved components has 3 approved members and no legacy dependency.
Rust checks	UNKNOWN STEP	2026-10-03T23:58:41.7414268Z Assembly boundaries only; not execution ownership or mainnet acceptance.
Rust checks	UNKNOWN STEP	2026-10-03T23:58:41.9324102Z ##[group]Run cargo fmt --manifest-path "Cargo.toml" --all -- --check
Rust checks	UNKNOWN STEP	2026-10-03T23:58:41.9324517Z ^[[36;1mcargo fmt --manifest-path "Cargo.toml" --all -- --check^[[0m
Rust checks	UNKNOWN STEP	2026-10-03T23:58:41.9381060Z shell: /usr/bin/bash -e {0}
Rust checks	UNKNOWN STEP	2026-10-03T23:58:41.9381276Z env:
Rust checks	UNKNOWN STEP	2026-10-03T23:58:41.9381447Z   CARGO_HOME: /home/runner/.cargo
Rust checks	UNKNOWN STEP	2026-10-03T23:58:41.9381673Z   CARGO_INCREMENTAL: 0
Rust checks	UNKNOWN STEP	2026-10-03T23:58:41.9381872Z   CARGO_TERM_COLOR: always
Rust checks	UNKNOWN STEP	2026-10-03T23:58:41.9382072Z   CACHE_ON_FAILURE: false
Rust checks	UNKNOWN STEP	2026-10-03T23:58:41.9382258Z ##[endgroup]
Rust checks	UNKNOWN STEP	2026-10-03T23:58:46.4843580Z ##[group]Run cargo clippy --manifest-path "Cargo.toml" --all-targets -- -D warnings
Rust checks	UNKNOWN STEP	2026-10-03T23:58:46.4844043Z ^[[36;1mcargo clippy --manifest-path "Cargo.toml" --all-targets -- -D warnings^[[0m
Rust checks	UNKNOWN STEP	2026-10-03T23:58:46.4899799Z shell: /usr/bin/bash -e {0}
Rust checks	UNKNOWN STEP	2026-10-03T23:58:46.4900014Z env:
Rust checks	UNKNOWN STEP	2026-10-03T23:58:46.4900194Z   CARGO_HOME: /home/runner/.cargo
Rust checks	UNKNOWN STEP	2026-10-03T23:58:46.4900415Z   CARGO_INCREMENTAL: 0
Rust checks	UNKNOWN STEP	2026-10-03T23:58:46.4900626Z   CARGO_TERM_COLOR: always
Rust checks	UNKNOWN STEP	2026-10-03T23:58:46.4900821Z   CACHE_ON_FAILURE: false
Rust checks	UNKNOWN STEP	2026-10-03T23:58:46.4901007Z ##[endgroup]
Rust checks	UNKNOWN STEP	2026-10-03T23:58:46.5427404Z ^[[1m^[[33mwarning^[[0m: /home/runner/work/supervm/supervm/crates/novovm-node/Cargo.toml: file `/home/runner/work/supervm/supervm/crates/novovm-node/src/bin/supervm-native-pipeline-cross-machine-udp-soak.rs` found to be present in multiple build targets:
Rust checks	UNKNOWN STEP	2026-10-03T23:58:46.5428945Z   * `bin` target `supervm-native-pipeline-cross-machine-udp-soak`
Rust checks	UNKNOWN STEP	2026-10-03T23:58:46.5429437Z   * `bin` target `supervm-native-pipeline-cross-machine-fault-udp-soak`
Rust checks	UNKNOWN STEP	2026-10-03T23:58:46.5429841Z   * `bin` target `supervm-native-pipeline-cross-machine-sustained-soak`
Rust checks	UNKNOWN STEP	2026-10-03T23:58:46.5430206Z   * `bin` target `supervm-native-pipeline-memory-bisect-gate`
Rust checks	UNKNOWN STEP	2026-10-03T23:58:46.7472039Z ^[[1m^[[92m    Checking^[[0m aoem-bindings v0.1.0 (/home/runner/work/supervm/supervm/crates/aoem-bindings)
Rust checks	UNKNOWN STEP	2026-10-03T23:58:46.7474110Z ^[[1m^[[92m    Checking^[[0m novovm-protocol v0.1.0 (/home/runner/work/supervm/supervm/crates/novovm-protocol)
Rust checks	UNKNOWN STEP	2026-10-03T23:58:46.7518322Z ^[[1m^[[92m    Checking^[[0m novovm-adapter-api v0.1.0 (/home/runner/work/supervm/supervm/crates/novovm-adapter-api)
Rust checks	UNKNOWN STEP	2026-10-03T23:58:46.7663461Z ^[[1m^[[92m    Checking^[[0m novovm-governance-observability v0.1.0 (/home/runner/work/supervm/supervm/crates/novovm-governance-observability)
Rust checks	UNKNOWN STEP	2026-10-03T23:58:47.4318174Z ^[[1m^[[92m    Checking^[[0m web30-core v0.1.0 (/home/runner/work/supervm/supervm/vendor/web30-core)
Rust checks	UNKNOWN STEP	2026-10-03T23:58:47.4787683Z ^[[1m^[[92m    Checking^[[0m novovm-udp-batch v0.1.0 (/home/runner/work/supervm/supervm/crates/novovm-udp-batch)
Rust checks	UNKNOWN STEP	2026-10-03T23:58:47.5267621Z ^[[1m^[[92m    Checking^[[0m novovm-rollout-policy v0.1.0 (/home/runner/work/supervm/supervm/crates/novovm-rollout-policy)
Rust checks	UNKNOWN STEP	2026-10-03T23:58:48.1988156Z ^[[1m^[[92m    Checking^[[0m novovm-consensus v0.1.0 (/home/runner/work/supervm/supervm/crates/novovm-consensus)
Rust checks	UNKNOWN STEP	2026-10-03T23:58:48.3268148Z ^[[1m^[[92m    Checking^[[0m novovm-network v0.1.0 (/home/runner/work/supervm/supervm/crates/novovm-network)
Rust checks	UNKNOWN STEP	2026-10-03T23:58:48.5458193Z ^[[1m^[[92m    Checking^[[0m novovm-exec v0.1.0 (/home/runner/work/supervm/supervm/crates/novovm-exec)
Rust checks	UNKNOWN STEP	2026-10-03T23:58:48.6648242Z ^[[1m^[[92m    Checking^[[0m novovm-adapter-evm-core v0.1.0 (/home/runner/work/supervm/supervm/crates/plugins/evm/core)
Rust checks	UNKNOWN STEP	2026-10-03T23:58:48.9268143Z ^[[1m^[[92m    Checking^[[0m novovm-coordinator v0.1.0 (/home/runner/work/supervm/supervm/crates/novovm-coordinator)
Rust checks	UNKNOWN STEP	2026-10-03T23:58:50.3131011Z ^[[1m^[[92m    Checking^[[0m novovm-adapter-novovm v0.1.0 (/home/runner/work/supervm/supervm/crates/novovm-adapter-novovm)
Rust checks	UNKNOWN STEP	2026-10-03T23:58:50.3207778Z ^[[1m^[[92m    Checking^[[0m novovm-prover v0.1.0 (/home/runner/work/supervm/supervm/crates/novovm-prover)
Rust checks	UNKNOWN STEP	2026-10-03T23:58:50.6198035Z ^[[1m^[[92m    Checking^[[0m novovm-adapter-evm-plugin v0.1.0 (/home/runner/work/supervm/supervm/crates/plugins/evm/plugin)
Rust checks	UNKNOWN STEP	2026-10-03T23:58:50.7618261Z ^[[1m^[[92m    Checking^[[0m novovm-adapter-sample-plugin v0.1.0 (/home/runner/work/supervm/supervm/crates/novovm-adapter-sample-plugin)
Rust checks	UNKNOWN STEP	2026-10-03T23:59:01.3490009Z ^[[1m^[[92m    Checking^[[0m novovm-node v0.1.0 (/home/runner/work/supervm/supervm/crates/novovm-node)
Rust checks	UNKNOWN STEP	2026-10-03T23:59:01.3491416Z ^[[1m^[[92m    Checking^[[0m novovm-relay v0.1.0 (/home/runner/work/supervm/supervm/crates/novovm-relay)
Rust checks	UNKNOWN STEP	2026-10-03T23:59:21.6474696Z ^[[1m^[[92m    Checking^[[0m novovm-bench v0.1.0 (/home/runner/work/supervm/supervm/crates/novovm-bench)
Rust checks	UNKNOWN STEP	2026-10-03T23:59:22.4361739Z ^[[1m^[[92m    Checking^[[0m novovmctl v0.1.0 (/home/runner/work/supervm/supervm/crates/novovmctl)
Rust checks	UNKNOWN STEP	2026-10-03T23:59:24.3768545Z ^[[1m^[[92m    Checking^[[0m novovm-evm-gateway v0.1.0 (/home/runner/work/supervm/supervm/crates/gateways/evm-gateway)
Rust checks	UNKNOWN STEP	2026-10-03T23:59:48.6042835Z ^[[1m^[[92m    Finished^[[0m `dev` profile [unoptimized + debuginfo] target(s) in 1m 02s
Rust checks	UNKNOWN STEP	2026-10-03T23:59:48.6736016Z ##[group]Run cargo test --manifest-path "Cargo.toml" -p novovmctl
Rust checks	UNKNOWN STEP	2026-10-03T23:59:48.6736402Z ^[[36;1mcargo test --manifest-path "Cargo.toml" -p novovmctl^[[0m
Rust checks	UNKNOWN STEP	2026-10-03T23:59:48.6791467Z shell: /usr/bin/bash -e {0}
Rust checks	UNKNOWN STEP	2026-10-03T23:59:48.6791676Z env:
Rust checks	UNKNOWN STEP	2026-10-03T23:59:48.6791846Z   CARGO_HOME: /home/runner/.cargo
Rust checks	UNKNOWN STEP	2026-10-03T23:59:48.6792063Z   CARGO_INCREMENTAL: 0
Rust checks	UNKNOWN STEP	2026-10-03T23:59:48.6792256Z   CARGO_TERM_COLOR: always
Rust checks	UNKNOWN STEP	2026-10-03T23:59:48.6792450Z   CACHE_ON_FAILURE: false
Rust checks	UNKNOWN STEP	2026-10-03T23:59:48.6792636Z ##[endgroup]
Rust checks	UNKNOWN STEP	2026-10-03T23:59:48.7226132Z ^[[1m^[[33mwarning^[[0m: /home/runner/work/supervm/supervm/crates/novovm-node/Cargo.toml: file `/home/runner/work/supervm/supervm/crates/novovm-node/src/bin/supervm-native-pipeline-cross-machine-udp-soak.rs` found to be present in multiple build targets:
Rust checks	UNKNOWN STEP	2026-10-03T23:59:48.7227704Z   * `bin` target `supervm-native-pipeline-cross-machine-udp-soak`
Rust checks	UNKNOWN STEP	2026-10-03T23:59:48.7228305Z   * `bin` target `supervm-native-pipeline-cross-machine-fault-udp-soak`
Rust checks	UNKNOWN STEP	2026-10-03T23:59:48.7229077Z   * `bin` target `supervm-native-pipeline-cross-machine-sustained-soak`
Rust checks	UNKNOWN STEP	2026-10-03T23:59:48.7229629Z   * `bin` target `supervm-native-pipeline-memory-bisect-gate`
Rust checks	UNKNOWN STEP	2026-10-03T23:59:48.8562071Z ^[[1m^[[92m   Compiling^[[0m aoem-bindings v0.1.0 (/home/runner/work/supervm/supervm/crates/aoem-bindings)
Rust checks	UNKNOWN STEP	2026-10-03T23:59:48.8598665Z ^[[1m^[[92m   Compiling^[[0m novovm-protocol v0.1.0 (/home/runner/work/supervm/supervm/crates/novovm-protocol)
Rust checks	UNKNOWN STEP	2026-10-03T23:59:48.8609149Z ^[[1m^[[92m   Compiling^[[0m novovm-adapter-api v0.1.0 (/home/runner/work/supervm/supervm/crates/novovm-adapter-api)
Rust checks	UNKNOWN STEP	2026-10-03T23:59:48.8696995Z ^[[1m^[[92m   Compiling^[[0m mio v1.1.1
Rust checks	UNKNOWN STEP	2026-10-03T23:59:49.2178034Z ^[[1m^[[92m   Compiling^[[0m novovm-governance-observability v0.1.0 (/home/runner/work/supervm/supervm/crates/novovm-governance-observability)
Rust checks	UNKNOWN STEP	2026-10-03T23:59:50.7010426Z ^[[1m^[[92m   Compiling^[[0m novovm-adapter-evm-core v0.1.0 (/home/runner/work/supervm/supervm/crates/plugins/evm/core)
Rust checks	UNKNOWN STEP	2026-10-03T23:59:50.7938070Z ^[[1m^[[92m   Compiling^[[0m web30-core v0.1.0 (/home/runner/work/supervm/supervm/vendor/web30-core)
Rust checks	UNKNOWN STEP	2026-10-03T23:59:50.8588135Z ^[[1m^[[92m   Compiling^[[0m novovm-exec v0.1.0 (/home/runner/work/supervm/supervm/crates/novovm-exec)
Rust checks	UNKNOWN STEP	2026-10-03T23:59:51.1848232Z ^[[1m^[[92m   Compiling^[[0m novovm-network v0.1.0 (/home/runner/work/supervm/supervm/crates/novovm-network)
Rust checks	UNKNOWN STEP	2026-10-03T23:59:51.7678163Z ^[[1m^[[92m   Compiling^[[0m novovm-udp-batch v0.1.0 (/home/runner/work/supervm/supervm/crates/novovm-udp-batch)
Rust checks	UNKNOWN STEP	2026-10-03T23:59:52.2523391Z ^[[1m^[[92m   Compiling^[[0m novovm-consensus v0.1.0 (/home/runner/work/supervm/supervm/crates/novovm-consensus)
Rust checks	UNKNOWN STEP	2026-10-03T23:59:52.3579797Z ^[[1m^[[92m   Compiling^[[0m novovm-adapter-novovm v0.1.0 (/home/runner/work/supervm/supervm/crates/novovm-adapter-novovm)
Rust checks	UNKNOWN STEP	2026-10-03T23:59:53.5749184Z ^[[1m^[[92m   Compiling^[[0m novovm-adapter-evm-plugin v0.1.0 (/home/runner/work/supervm/supervm/crates/plugins/evm/plugin)
Rust checks	UNKNOWN STEP	2026-10-04T00:00:00.4298598Z ^[[1m^[[92m   Compiling^[[0m novovm-node v0.1.0 (/home/runner/work/supervm/supervm/crates/novovm-node)
Rust checks	UNKNOWN STEP	2026-10-04T00:00:29.6733054Z ^[[1m^[[92m   Compiling^[[0m novovmctl v0.1.0 (/home/runner/work/supervm/supervm/crates/novovmctl)
Rust checks	UNKNOWN STEP	2026-10-04T00:00:34.3290752Z ^[[1m^[[92m    Finished^[[0m `test` profile [unoptimized + debuginfo] target(s) in 45.61s
Rust checks	UNKNOWN STEP	2026-10-04T00:00:34.4905163Z ^[[1m^[[92m     Running^[[0m unittests src/main.rs (target/runtime-rebuild/debug/deps/novovmctl-9b0082c9a4b11307)
Rust checks	UNKNOWN STEP	2026-10-04T00:00:34.4940049Z 
Rust checks	UNKNOWN STEP	2026-10-04T00:00:34.4940200Z running 24 tests
Rust checks	UNKNOWN STEP	2026-10-04T00:00:34.4992805Z test cli::native_nonce_migration::tests::native_nonce_migration_verify_requires_independent_bundle_digest ... ok
Rust checks	UNKNOWN STEP	2026-10-04T00:00:34.4993813Z test cli::native_nonce_migration::tests::native_nonce_migration_parser_requires_explicit_sources_and_pins ... ok
Rust checks	UNKNOWN STEP	2026-10-04T00:00:34.5017227Z test commands::evm_block_access_list::tests::inner_run_by_hash_returns_payload_report ... ok
Rust checks	UNKNOWN STEP	2026-10-04T00:00:34.5041602Z test commands::evm_block_access_list::tests::inner_run_by_number_latest_works ... ok
Rust checks	UNKNOWN STEP	2026-10-04T00:00:34.5085982Z test commands::evm_block_access_list::tests::inner_run_require_complete_rejects_incomplete_payload ... ok
Rust checks	UNKNOWN STEP	2026-10-04T00:00:34.5086964Z test cli::native_nonce_migration::tests::native_nonce_upgrade_parser_requires_explicit_target_and_workspace ... ok
Rust checks	UNKNOWN STEP	2026-10-04T00:00:34.5087882Z test commands::evm_block_access_list_scan::tests::inner_run_from_to_window_works ... ok
Rust checks	UNKNOWN STEP	2026-10-04T00:00:34.5097364Z test cli::native_nonce_migration::tests::native_nonce_upgrade_authorization_parser_requires_all_pins_and_documents ... ok
Rust checks	UNKNOWN STEP	2026-10-04T00:00:34.5098414Z test commands::evm_block_access_list_scan::tests::inner_run_only_problems_filters_healthy_blocks ... ok
Rust checks	UNKNOWN STEP	2026-10-04T00:00:34.5099211Z test cli::native_nonce_migration::tests::native_nonce_source_qc_parser_requires_old_chain_pins_without_upgrade_authority ... ok
Rust checks	UNKNOWN STEP	2026-10-04T00:00:34.5099942Z test commands::evm_block_access_list_scan::tests::inner_run_latest_count_reports_summary ... ok
Rust checks	UNKNOWN STEP	2026-10-04T00:00:34.5100691Z test commands::native_nonce_migration::tests::native_nonce_migration_missing_inputs_fail_nonzero_without_creation ... ok
Rust checks	UNKNOWN STEP	2026-10-04T00:00:34.5101474Z test commands::native_nonce_migration::tests::native_nonce_migration_bundle_digest_rejects_before_decoding ... ok
Rust checks	UNKNOWN STEP	2026-10-04T00:00:34.5102262Z test commands::native_nonce_migration::tests::native_nonce_migration_output_rejects_non_unicode_before_creation ... ok
Rust checks	UNKNOWN STEP	2026-10-04T00:00:34.5103059Z test commands::native_nonce_migration::tests::native_nonce_migration_output_rejects_symlinked_ledger_parent ... ok
Rust checks	UNKNOWN STEP	2026-10-04T00:00:34.5103810Z test commands::evm_block_access_list_scan::tests::inner_run_require_complete_rejects_incomplete_blocks ... ok
Rust checks	UNKNOWN STEP	2026-10-04T00:00:34.5104525Z test commands::native_nonce_migration::tests::native_nonce_upgrade_authorization_target_mismatch_rejects_before_file_access ... ok
Rust checks	UNKNOWN STEP	2026-10-04T00:00:34.5107980Z test commands::native_nonce_migration::tests::native_nonce_upgrade_target_mismatch_rejects_before_workspace_access ... ok
Rust checks	UNKNOWN STEP	2026-10-04T00:00:34.5112435Z test runtime::paths::tests::directories_never_shadow_real_binary_candidates ... ok
Rust checks	UNKNOWN STEP	2026-10-04T00:00:34.5116996Z test runtime::paths::tests::executable_ancestor_anchors_candidates_when_called_from_outside_repo ... ok
Rust checks	UNKNOWN STEP	2026-10-04T00:00:34.5121362Z test runtime::paths::tests::relative_target_dir_is_repo_anchored_and_candidates_use_only_that_target ... ok
Rust checks	UNKNOWN STEP	2026-10-04T00:00:34.5917425Z test commands::native_nonce_migration::tests::native_nonce_source_qc_document_is_regular_nonempty_and_bounded ... ok
Rust checks	UNKNOWN STEP	2026-10-04T00:00:34.6418296Z test commands::native_nonce_migration::tests::native_nonce_upgrade_authorization_documents_are_regular_nonempty_and_bounded ... ok
Rust checks	UNKNOWN STEP	2026-10-04T00:00:34.6419761Z ^[[1m^[[92m     Running^[[0m tests/native_nonce_checkpoint_cli.rs (target/runtime-rebuild/debug/deps/native_nonce_checkpoint_cli-702ae8eef9450486)
Rust checks	UNKNOWN STEP	2026-10-04T00:00:34.6420507Z test commands::native_nonce_migration::tests::native_nonce_migration_output_never_overwrites_or_enters_ledger ... ok
Rust checks	UNKNOWN STEP	2026-10-04T00:00:34.6421001Z 
Rust checks	UNKNOWN STEP	2026-10-04T00:00:34.6421316Z test result: ok. 24 passed; 0 failed; 0 ignored; 0 measured; 0 filtered out; finished in 0.15s
Rust checks	UNKNOWN STEP	2026-10-04T00:00:34.6421719Z 
Rust checks	UNKNOWN STEP	2026-10-04T00:00:34.6449508Z 
Rust checks	UNKNOWN STEP	2026-10-04T00:00:34.6449738Z running 9 tests
Rust checks	UNKNOWN STEP	2026-10-04T00:00:34.6858399Z test native_nonce_checkpoint_cli_rejects_malformed_bundle_and_missing_arguments_as_json ... ok
Rust checks	UNKNOWN STEP	2026-10-04T00:00:36.1858794Z test native_nonce_checkpoint_cli_exports_and_verifies_without_sources_or_mutation ... ok
Rust checks	UNKNOWN STEP	2026-10-04T00:00:36.5633258Z test native_nonce_source_qc_cli_verifies_prepare_chain_read_only_without_sources_or_finality ... ok
Rust checks	UNKNOWN STEP	2026-10-04T00:00:37.6714455Z test native_nonce_upgrade_authorization_cli_rejects_forged_quorum_roots_domains_and_pins ... ok
Rust checks	UNKNOWN STEP	2026-10-04T00:00:37.7033698Z test native_nonce_source_qc_cli_rejects_missing_heights_forged_votes_tampering_and_pins ... ok
Rust checks	UNKNOWN STEP	2026-10-04T00:00:37.7968024Z test target_protocol_checks_approved_pin_without_writes_or_activation ... ok
Rust checks	UNKNOWN STEP	2026-10-04T00:00:38.0055584Z test native_nonce_upgrade_authorization_cli_verifies_quorum_without_source_mutation_or_activation ... ok
Rust checks	UNKNOWN STEP	2026-10-04T00:00:38.8866866Z test native_nonce_upgrade_cli_inspects_partial_artifact_resumes_and_rejects_corruption ... ok
Rust checks	UNKNOWN STEP	2026-10-04T00:00:38.9949025Z test native_nonce_upgrade_cli_stages_pinned_proposal_without_source_mutation_or_activation ... ok
Rust checks	UNKNOWN STEP	2026-10-04T00:00:38.9949493Z 
Rust checks	UNKNOWN STEP	2026-10-04T00:00:38.9949751Z test result: ok. 9 passed; 0 failed; 0 ignored; 0 measured; 0 filtered out; finished in 4.35s
Rust checks	UNKNOWN STEP	2026-10-04T00:00:38.9950154Z 
Rust checks	UNKNOWN STEP	2026-10-04T00:00:39.0011495Z ##[group]Run set -euo pipefail
Rust checks	UNKNOWN STEP	2026-10-04T00:00:39.0011757Z ^[[36;1mset -euo pipefail^[[0m
Rust checks	UNKNOWN STEP	2026-10-04T00:00:39.0012076Z ^[[36;1mcargo test -p novovm-exec --lib semantic_integer --locked -- --test-threads=1^[[0m
Rust checks	UNKNOWN STEP	2026-10-04T00:00:39.0012514Z ^[[36;1mcargo test -p novovm-node --lib transfer_semantic --locked -- --test-threads=1^[[0m
Rust checks	UNKNOWN STEP	2026-10-04T00:00:39.0068864Z shell: /usr/bin/bash --noprofile --norc -e -o pipefail {0}
Rust checks	UNKNOWN STEP	2026-10-04T00:00:39.0069129Z env:
Rust checks	UNKNOWN STEP	2026-10-04T00:00:39.0069299Z   CARGO_HOME: /home/runner/.cargo
Rust checks	UNKNOWN STEP	2026-10-04T00:00:39.0069521Z   CARGO_INCREMENTAL: 0
Rust checks	UNKNOWN STEP	2026-10-04T00:00:39.0069699Z   CARGO_TERM_COLOR: always
Rust checks	UNKNOWN STEP	2026-10-04T00:00:39.0092845Z   CACHE_ON_FAILURE: false
Rust checks	UNKNOWN STEP	2026-10-04T00:00:39.0093071Z   NOVOVM_ALLOW_LEGACY_HOST_EXECUTION: 0
Rust checks	UNKNOWN STEP	2026-10-04T00:00:39.0093288Z ##[endgroup]
Rust checks	UNKNOWN STEP	2026-10-04T00:00:39.0453249Z ^[[1m^[[33mwarning^[[0m: /home/runner/work/supervm/supervm/crates/novovm-node/Cargo.toml: file `/home/runner/work/supervm/supervm/crates/novovm-node/src/bin/supervm-native-pipeline-cross-machine-udp-soak.rs` found to be present in multiple build targets:
Rust checks	UNKNOWN STEP	2026-10-04T00:00:39.0454340Z   * `bin` target `supervm-native-pipeline-cross-machine-udp-soak`
Rust checks	UNKNOWN STEP	2026-10-04T00:00:39.0454728Z   * `bin` target `supervm-native-pipeline-cross-machine-fault-udp-soak`
Rust checks	UNKNOWN STEP	2026-10-04T00:00:39.0455100Z   * `bin` target `supervm-native-pipeline-cross-machine-sustained-soak`
Rust checks	UNKNOWN STEP	2026-10-04T00:00:39.0455472Z   * `bin` target `supervm-native-pipeline-memory-bisect-gate`
Rust checks	UNKNOWN STEP	2026-10-04T00:00:39.0975305Z ^[[1m^[[92m   Compiling^[[0m novovm-protocol v0.1.0 (/home/runner/work/supervm/supervm/crates/novovm-protocol)
Rust checks	UNKNOWN STEP	2026-10-04T00:00:39.0976344Z ^[[1m^[[92m   Compiling^[[0m novovm-adapter-api v0.1.0 (/home/runner/work/supervm/supervm/crates/novovm-adapter-api)
Rust checks	UNKNOWN STEP	2026-10-04T00:00:39.0977426Z ^[[1m^[[92m   Compiling^[[0m aoem-bindings v0.1.0 (/home/runner/work/supervm/supervm/crates/aoem-bindings)
Rust checks	UNKNOWN STEP	2026-10-04T00:00:40.9225347Z ^[[1m^[[92m   Compiling^[[0m novovm-exec v0.1.0 (/home/runner/work/supervm/supervm/crates/novovm-exec)
Rust checks	UNKNOWN STEP	2026-10-04T00:00:42.9984841Z ^[[1m^[[92m    Finished^[[0m `test` profile [unoptimized + debuginfo] target(s) in 3.96s
Rust checks	UNKNOWN STEP	2026-10-04T00:00:43.0024262Z ^[[1m^[[92m     Running^[[0m unittests src/lib.rs (target/runtime-rebuild/debug/deps/novovm_exec-947d14610a14af86)
Rust checks	UNKNOWN STEP	2026-10-04T00:00:43.0034870Z 
Rust checks	UNKNOWN STEP	2026-10-04T00:00:43.0035085Z running 5 tests
Rust checks	UNKNOWN STEP	2026-10-04T00:00:43.0059049Z test semantic_integer::tests::integer_container_is_exact_bounded_and_does_not_reimplement_ssa ... ok
Rust checks	UNKNOWN STEP	2026-10-04T00:00:43.0059721Z test semantic_integer::tests::integer_execution_requires_one_complete_write_before_readback ... ok
Rust checks	UNKNOWN STEP	2026-10-04T00:00:43.0061492Z test semantic_integer::tests::integer_outcome_real_aoem_vulkan_full_width_and_typed_rejections ... ignored, requires explicit NOVOVM_AOEM_DLL/AOEM_DLL and Vulkan shaderInt64 device; no CPU fallback
Rust checks	UNKNOWN STEP	2026-10-04T00:00:43.0062324Z test semantic_integer::tests::integer_projection_preserves_full_u128_and_rejects_wide_or_negative ... ok
Rust checks	UNKNOWN STEP	2026-10-04T00:00:43.0065370Z test semantic_integer::tests::integer_result_requires_exact_metadata_shape_and_failure_semantics ... ok
Rust checks	UNKNOWN STEP	2026-10-04T00:00:43.0065925Z 
Rust checks	UNKNOWN STEP	2026-10-04T00:00:43.0066134Z test result: ok. 4 passed; 0 failed; 1 ignored; 0 measured; 68 filtered out; finished in 0.00s
Rust checks	UNKNOWN STEP	2026-10-04T00:00:43.0066400Z 
Rust checks	UNKNOWN STEP	2026-10-04T00:00:43.0391819Z ^[[1m^[[33mwarning^[[0m: /home/runner/work/supervm/supervm/crates/novovm-node/Cargo.toml: file `/home/runner/work/supervm/supervm/crates/novovm-node/src/bin/supervm-native-pipeline-cross-machine-udp-soak.rs` found to be present in multiple build targets:
Rust checks	UNKNOWN STEP	2026-10-04T00:00:43.0392766Z   * `bin` target `supervm-native-pipeline-cross-machine-udp-soak`
Rust checks	UNKNOWN STEP	2026-10-04T00:00:43.0393147Z   * `bin` target `supervm-native-pipeline-cross-machine-fault-udp-soak`
Rust checks	UNKNOWN STEP	2026-10-04T00:00:43.0393522Z   * `bin` target `supervm-native-pipeline-cross-machine-sustained-soak`
Rust checks	UNKNOWN STEP	2026-10-04T00:00:43.0393871Z   * `bin` target `supervm-native-pipeline-memory-bisect-gate`
Rust checks	UNKNOWN STEP	2026-10-04T00:00:43.1490815Z ^[[1m^[[92m   Compiling^[[0m novovm-consensus v0.1.0 (/home/runner/work/supervm/supervm/crates/novovm-consensus)
Rust checks	UNKNOWN STEP	2026-10-04T00:00:45.2870309Z ^[[1m^[[92m   Compiling^[[0m novovm-node v0.1.0 (/home/runner/work/supervm/supervm/crates/novovm-node)
Rust checks	UNKNOWN STEP	2026-10-04T00:01:36.7957362Z ^[[1m^[[92m    Finished^[[0m `test` profile [unoptimized + debuginfo] target(s) in 53.76s
Rust checks	UNKNOWN STEP	2026-10-04T00:01:36.8094630Z ^[[1m^[[92m     Running^[[0m unittests src/lib.rs (target/runtime-rebuild/debug/deps/novovm_node-8ed10d0afdf94e9a)
Rust checks	UNKNOWN STEP	2026-10-04T00:01:36.8143072Z 
Rust checks	UNKNOWN STEP	2026-10-04T00:01:36.8143487Z running 3 tests
Rust checks	UNKNOWN STEP	2026-10-04T00:01:36.8144212Z test native_transfer_delta::semantic_tests::real_aoem_transfer_semantic_outcomes_match_existing_full_u128_rules ... ignored, requires packaged AOEM typed i1024 Vulkan runtime; run explicitly for real GPU evidence
Rust checks	UNKNOWN STEP	2026-10-04T00:01:36.8150448Z test native_transfer_delta::semantic_tests::transfer_semantic_asset_has_bounded_wide_shape_and_real_predicates ... ok
Rust checks	UNKNOWN STEP	2026-10-04T00:01:36.8156185Z test native_transfer_delta::semantic_tests::transfer_semantic_rows_preserve_full_width_and_existing_failure_priority ... ok
Rust checks	UNKNOWN STEP	2026-10-04T00:01:36.8157030Z 
Rust checks	UNKNOWN STEP	2026-10-04T00:01:36.8157321Z test result: ok. 2 passed; 0 failed; 1 ignored; 0 measured; 1534 filtered out; finished in 0.00s
Rust checks	UNKNOWN STEP	2026-10-04T00:01:36.8157721Z 
Rust checks	UNKNOWN STEP	2026-10-04T00:01:36.8244295Z ##[group]Run set -euo pipefail
Rust checks	UNKNOWN STEP	2026-10-04T00:01:36.8244554Z ^[[36;1mset -euo pipefail^[[0m
Rust checks	UNKNOWN STEP	2026-10-04T00:01:36.8244850Z ^[[36;1mcargo test -p novovm-consensus --lib native_seal_authority --locked^[[0m
Rust checks	UNKNOWN STEP	2026-10-04T00:01:36.8245278Z ^[[36;1mcargo test -p novovm-node --lib validator_authority_is_owned_by_consensus --locked^[[0m
Rust checks	UNKNOWN STEP	2026-10-04T00:01:36.8245672Z ^[[36;1mcargo test -p novovm-consensus --lib round_bft --locked^[[0m
Rust checks	UNKNOWN STEP	2026-10-04T00:01:36.8246050Z ^[[36;1mcargo test -p novovm-node --lib round_bft_candidate --locked -- --test-threads=1^[[0m
Rust checks	UNKNOWN STEP	2026-10-04T00:01:36.9154867Z shell: /usr/bin/bash --noprofile --norc -e -o pipefail {0}
Rust checks	UNKNOWN STEP	2026-10-04T00:01:36.9155172Z env:
Rust checks	UNKNOWN STEP	2026-10-04T00:01:36.9155361Z   CARGO_HOME: /home/runner/.cargo
Rust checks	UNKNOWN STEP	2026-10-04T00:01:36.9155586Z   CARGO_INCREMENTAL: 0
Rust checks	UNKNOWN STEP	2026-10-04T00:01:36.9155795Z   CARGO_TERM_COLOR: always
Rust checks	UNKNOWN STEP	2026-10-04T00:01:36.9155986Z   CACHE_ON_FAILURE: false
Rust checks	UNKNOWN STEP	2026-10-04T00:01:36.9156181Z   NOVOVM_ALLOW_LEGACY_HOST_EXECUTION: 0
Rust checks	UNKNOWN STEP	2026-10-04T00:01:36.9156546Z ##[endgroup]
Rust checks	UNKNOWN STEP	2026-10-04T00:01:36.9528669Z ^[[1m^[[33mwarning^[[0m: /home/runner/work/supervm/supervm/crates/novovm-node/Cargo.toml: file `/home/runner/work/supervm/supervm/crates/novovm-node/src/bin/supervm-native-pipeline-cross-machine-udp-soak.rs` found to be present in multiple build targets:
Rust checks	UNKNOWN STEP	2026-10-04T00:01:36.9529618Z   * `bin` target `supervm-native-pipeline-cross-machine-udp-soak`
Rust checks	UNKNOWN STEP	2026-10-04T00:01:36.9530012Z   * `bin` target `supervm-native-pipeline-cross-machine-fault-udp-soak`
Rust checks	UNKNOWN STEP	2026-10-04T00:01:36.9530391Z   * `bin` target `supervm-native-pipeline-cross-machine-sustained-soak`
Rust checks	UNKNOWN STEP	2026-10-04T00:01:36.9530752Z   * `bin` target `supervm-native-pipeline-memory-bisect-gate`
Rust checks	UNKNOWN STEP	2026-10-04T00:01:37.0210955Z ^[[1m^[[92m   Compiling^[[0m thiserror-impl v2.0.18
Rust checks	UNKNOWN STEP	2026-10-04T00:01:37.0245036Z ^[[1m^[[92m   Compiling^[[0m web30-core v0.1.0 (/home/runner/work/supervm/supervm/vendor/web30-core)
Rust checks	UNKNOWN STEP	2026-10-04T00:01:37.4404720Z ^[[1m^[[92m   Compiling^[[0m thiserror v2.0.18
Rust checks	UNKNOWN STEP	2026-10-04T00:01:37.4589340Z ^[[1m^[[92m   Compiling^[[0m cobs v0.3.0
Rust checks	UNKNOWN STEP	2026-10-04T00:01:37.4982459Z ^[[1m^[[92m   Compiling^[[0m postcard v1.1.3
Rust checks	UNKNOWN STEP	2026-10-04T00:01:38.1673754Z ^[[1m^[[92m   Compiling^[[0m novovm-consensus v0.1.0 (/home/runner/work/supervm/supervm/crates/novovm-consensus)
Rust checks	UNKNOWN STEP	2026-10-04T00:01:41.5934899Z ^[[1m^[[92m    Finished^[[0m `test` profile [unoptimized + debuginfo] target(s) in 4.65s
Rust checks	UNKNOWN STEP	2026-10-04T00:01:41.6003629Z ^[[1m^[[92m     Running^[[0m unittests src/lib.rs (target/runtime-rebuild/debug/deps/novovm_consensus-3c299ab7ed2ede71)
Rust checks	UNKNOWN STEP	2026-10-04T00:01:41.6015740Z 
Rust checks	UNKNOWN STEP	2026-10-04T00:01:41.6015881Z running 8 tests
Rust checks	UNKNOWN STEP	2026-10-04T00:01:41.6023378Z test native_seal_authority::tests::native_seal_authority_canonicalizes_constructor_but_rejects_unsorted_wire ... ok
Rust checks	UNKNOWN STEP	2026-10-04T00:01:41.6024530Z test native_seal_authority::tests::native_seal_authority_preserves_pre_move_golden_bytes_and_commitments ... ok
Rust checks	UNKNOWN STEP	2026-10-04T00:01:41.6026376Z test native_seal_authority::tests::native_seal_authority_rejects_duplicate_identity_even_with_different_weight ... ok
Rust checks	UNKNOWN STEP	2026-10-04T00:01:41.6028961Z test native_seal_authority::tests::native_seal_authority_rejects_invalid_metadata_and_member_counts ... ok
Rust checks	UNKNOWN STEP	2026-10-04T00:01:41.6030435Z test native_seal_authority::tests::native_seal_authority_rejects_zero_weight_invalid_and_weak_keys ... ok
Rust checks	UNKNOWN STEP	2026-10-04T00:01:41.6032001Z test native_seal_authority::tests::native_seal_authority_rejects_weight_overflow_in_constructor_and_readback ... ok
Rust checks	UNKNOWN STEP	2026-10-04T00:01:41.6034743Z test native_seal_authority::tests::native_seal_authority_rejects_tampered_serialized_set_fields ... ok
Rust checks	UNKNOWN STEP	2026-10-04T00:01:41.6035616Z test native_seal_authority::tests::native_seal_authority_quorum_is_strict_even_at_three_divisibility_boundary ... ok
Rust checks	UNKNOWN STEP	2026-10-04T00:01:41.6035960Z 
Rust checks	UNKNOWN STEP	2026-10-04T00:01:41.6036173Z test result: ok. 8 passed; 0 failed; 0 ignored; 0 measured; 169 filtered out; finished in 0.00s
Rust checks	UNKNOWN STEP	2026-10-04T00:01:41.6036632Z 
Rust checks	UNKNOWN STEP	2026-10-04T00:01:41.6375807Z ^[[1m^[[33mwarning^[[0m: /home/runner/work/supervm/supervm/crates/novovm-node/Cargo.toml: file `/home/runner/work/supervm/supervm/crates/novovm-node/src/bin/supervm-native-pipeline-cross-machine-udp-soak.rs` found to be present in multiple build targets:
Rust checks	UNKNOWN STEP	2026-10-04T00:01:41.6376929Z   * `bin` target `supervm-native-pipeline-cross-machine-udp-soak`
Rust checks	UNKNOWN STEP	2026-10-04T00:01:41.6377323Z   * `bin` target `supervm-native-pipeline-cross-machine-fault-udp-soak`
Rust checks	UNKNOWN STEP	2026-10-04T00:01:41.6377698Z   * `bin` target `supervm-native-pipeline-cross-machine-sustained-soak`
Rust checks	UNKNOWN STEP	2026-10-04T00:01:41.6378045Z   * `bin` target `supervm-native-pipeline-memory-bisect-gate`
Rust checks	UNKNOWN STEP	2026-10-04T00:01:41.7501263Z ^[[1m^[[92m   Compiling^[[0m web30-core v0.1.0 (/home/runner/work/supervm/supervm/vendor/web30-core)
Rust checks	UNKNOWN STEP	2026-10-04T00:01:42.5169282Z ^[[1m^[[92m   Compiling^[[0m novovm-adapter-novovm v0.1.0 (/home/runner/work/supervm/supervm/crates/novovm-adapter-novovm)
Rust checks	UNKNOWN STEP	2026-10-04T00:01:42.5170346Z ^[[1m^[[92m   Compiling^[[0m novovm-consensus v0.1.0 (/home/runner/work/supervm/supervm/crates/novovm-consensus)
Rust checks	UNKNOWN STEP	2026-10-04T00:01:42.8970030Z ^[[1m^[[92m   Compiling^[[0m novovm-adapter-evm-plugin v0.1.0 (/home/runner/work/supervm/supervm/crates/plugins/evm/plugin)
Rust checks	UNKNOWN STEP	2026-10-04T00:01:45.4087850Z ^[[1m^[[92m   Compiling^[[0m novovm-node v0.1.0 (/home/runner/work/supervm/supervm/crates/novovm-node)
Rust checks	UNKNOWN STEP	2026-10-04T00:02:36.4271775Z ^[[1m^[[92m    Finished^[[0m `test` profile [unoptimized + debuginfo] target(s) in 54.79s
Rust checks	UNKNOWN STEP	2026-10-04T00:02:36.4409386Z ^[[1m^[[92m     Running^[[0m unittests src/lib.rs (target/runtime-rebuild/debug/deps/novovm_node-8ed10d0afdf94e9a)
Rust checks	UNKNOWN STEP	2026-10-04T00:02:36.4458635Z 
Rust checks	UNKNOWN STEP	2026-10-04T00:02:36.4458822Z running 1 test
Rust checks	UNKNOWN STEP	2026-10-04T00:02:36.4469917Z test native_block_seal::tests::validator_authority_is_owned_by_consensus_and_preserves_stored_bytes ... ok
Rust checks	UNKNOWN STEP	2026-10-04T00:02:36.4470438Z 
Rust checks	UNKNOWN STEP	2026-10-04T00:02:36.4470734Z test result: ok. 1 passed; 0 failed; 0 ignored; 0 measured; 1536 filtered out; finished in 0.00s
Rust checks	UNKNOWN STEP	2026-10-04T00:02:36.4471153Z 
Rust checks	UNKNOWN STEP	2026-10-04T00:02:36.4855148Z ^[[1m^[[33mwarning^[[0m: /home/runner/work/supervm/supervm/crates/novovm-node/Cargo.toml: file `/home/runner/work/supervm/supervm/crates/novovm-node/src/bin/supervm-native-pipeline-cross-machine-udp-soak.rs` found to be present in multiple build targets:
Rust checks	UNKNOWN STEP	2026-10-04T00:02:36.4856073Z   * `bin` target `supervm-native-pipeline-cross-machine-udp-soak`
Rust checks	UNKNOWN STEP	2026-10-04T00:02:36.4856608Z   * `bin` target `supervm-native-pipeline-cross-machine-fault-udp-soak`
Rust checks	UNKNOWN STEP	2026-10-04T00:02:36.4857001Z   * `bin` target `supervm-native-pipeline-cross-machine-sustained-soak`
Rust checks	UNKNOWN STEP	2026-10-04T00:02:36.4857349Z   * `bin` target `supervm-native-pipeline-memory-bisect-gate`
Rust checks	UNKNOWN STEP	2026-10-04T00:02:36.5538625Z ^[[1m^[[92m   Compiling^[[0m web30-core v0.1.0 (/home/runner/work/supervm/supervm/vendor/web30-core)
Rust checks	UNKNOWN STEP	2026-10-04T00:02:37.2844895Z ^[[1m^[[92m   Compiling^[[0m novovm-consensus v0.1.0 (/home/runner/work/supervm/supervm/crates/novovm-consensus)
Rust checks	UNKNOWN STEP	2026-10-04T00:02:40.4647481Z ^[[1m^[[92m    Finished^[[0m `test` profile [unoptimized + debuginfo] target(s) in 3.98s
Rust checks	UNKNOWN STEP	2026-10-04T00:02:40.4714148Z ^[[1m^[[92m     Running^[[0m unittests src/lib.rs (target/runtime-rebuild/debug/deps/novovm_consensus-3c299ab7ed2ede71)
Rust checks	UNKNOWN STEP	2026-10-04T00:02:40.4728194Z 
Rust checks	UNKNOWN STEP	2026-10-04T00:02:40.4729036Z running 86 tests
Rust checks	UNKNOWN STEP	2026-10-04T00:02:40.4747970Z test round_bft::collector::tests::every_context_field_is_pinned_and_context_advancement_rejects_old_votes ... ok
Rust checks	UNKNOWN STEP	2026-10-04T00:02:40.4759189Z test round_bft::collector::tests::duplicate_and_equivocation_never_add_weight_or_overwrite_the_first_vote ... ok
Rust checks	UNKNOWN STEP	2026-10-04T00:02:40.4767450Z test round_bft::collector::tests::forged_signatures_and_verified_votes_from_another_set_are_not_trusted ... ok
Rust checks	UNKNOWN STEP	2026-10-04T00:02:40.4768559Z test round_bft::collector::tests::budgets_fail_explicitly_without_overwrite_and_retirement_is_explicit ... ok
Rust checks	UNKNOWN STEP	2026-10-04T00:02:40.4769439Z test round_bft::collector::tests::advancing_a_full_current_round_requires_explicit_retirement_and_reserves_the_next ... ok
Rust checks	UNKNOWN STEP	2026-10-04T00:02:40.4787457Z test round_bft::collector::tests::failed_promotion_preserves_future_tips_and_pinned_witness_atomically ... ok
Rust checks	UNKNOWN STEP	2026-10-04T00:02:40.4788400Z test round_bft::collector::tests::future_phase_threshold_is_not_current_timer_eligibility ... ok
Rust checks	UNKNOWN STEP	2026-10-04T00:02:40.4790055Z test round_bft::collector::tests::future_reservation_rejects_small_configuration_and_does_not_consume_history_buckets ... ok
Rust checks	UNKNOWN STEP	2026-10-04T00:02:40.4798176Z test round_bft::collector::tests::high_round_catch_up_deduplicates_phases_and_rejects_cross_round_fragments ... ok
Rust checks	UNKNOWN STEP	2026-10-04T00:02:40.4811230Z test round_bft::collector::tests::maximum_round_does_not_overflow_future_admission_or_weight_arithmetic ... ok
Rust checks	UNKNOWN STEP	2026-10-04T00:02:40.4833205Z test round_bft::collector::tests::future_tip_updates_cannot_revoke_an_already_formed_exact_round_witness ... ok
Rust checks	UNKNOWN STEP	2026-10-04T00:02:40.4834453Z test round_bft::collector::tests::mixed_values_only_qualify_phase_timeout_and_never_a_block_quorum ... ok
Rust checks	UNKNOWN STEP	2026-10-04T00:02:40.4835572Z test round_bft::collector::tests::one_validator_future_bucket_poison_cannot_block_honest_exact_round_catchup ... ok
Rust checks	UNKNOWN STEP	2026-10-04T00:02:40.4836695Z test round_bft::collector::tests::two_of_four_do_not_certify_three_same_value_do ... ok
Rust checks	UNKNOWN STEP	2026-10-04T00:02:40.4837693Z test round_bft::collector::tests::phases_and_rounds_never_combine_into_quorum_or_timeout_weight ... ok
Rust checks	UNKNOWN STEP	2026-10-04T00:02:40.4838721Z test round_bft::collector::tests::zero_overflowing_or_impossible_budgets_and_invalid_context_are_rejected ... ok
Rust checks	UNKNOWN STEP	2026-10-04T00:02:40.4839818Z test round_bft::collector::tests::unequal_weight_catch_up_may_have_one_heavy_signer_but_never_two_light_phases ... ok
Rust checks	UNKNOWN STEP	2026-10-04T00:02:40.4855959Z test round_bft::collector::tests::weighted_thresholds_are_strict_and_count_weight_not_signer_count ... ok
Rust checks	UNKNOWN STEP	2026-10-04T00:02:40.4857137Z test round_bft::decision_tests::verified_decision_accepts_real_same_round_precommits_as_read_only_evidence ... ok
Rust checks	UNKNOWN STEP	2026-10-04T00:02:40.4858042Z test round_bft::decision_tests::verified_decision_rejects_bad_proposal_and_vote_signatures ... ok
Rust checks	UNKNOWN STEP	2026-10-04T00:02:40.4875531Z test round_bft::decision_tests::verified_decision_rejects_duplicate_and_mixed_authentic_votes ... ok
Rust checks	UNKNOWN STEP	2026-10-04T00:02:40.5687980Z test round_bft::decision_tests::verified_decision_rejects_genuinely_signed_unscheduled_leader ... ok
Rust checks	UNKNOWN STEP	2026-10-04T00:02:40.5688526Z test round_bft::decision_tests::verified_decision_rejects_insufficient_precommit_weight ... ok
Rust checks	UNKNOWN STEP	2026-10-04T00:02:40.5689083Z test round_bft::decision_tests::verified_decision_requires_the_independent_expected_context_and_value ... ok
Rust checks	UNKNOWN STEP	2026-10-04T00:02:40.5689606Z test round_bft::decision_tests::verified_decision_rejects_exactly_signed_foreign_context ... ok
Rust checks	UNKNOWN STEP	2026-10-04T00:02:40.5690126Z test round_bft::journal::codec::tests::current_round_lock_does_not_retroactively_restrict_original_prevote ... ok
Rust checks	UNKNOWN STEP	2026-10-04T00:02:40.5690738Z test round_bft::decision_tests::verified_decision_rejects_other_phase_round_value_and_nil_even_with_valid_quorum ... ok
Rust checks	UNKNOWN STEP	2026-10-04T00:02:40.5691322Z test round_bft::journal::codec::tests::journal_snapshot_and_outbox_are_exactly_bound_and_validate_real_signature ... ok
Rust checks	UNKNOWN STEP	2026-10-04T00:02:40.5691901Z test round_bft::journal::codec::tests::journal_corrupt_truncated_noncanonical_parent_and_declared_lengths_fail ... ok
Rust checks	UNKNOWN STEP	2026-10-04T00:02:40.5692451Z test round_bft::journal::codec::tests::late_quorum_replay_preserves_nil_votes_and_distinct_old_lock ... ok
Rust checks	UNKNOWN STEP	2026-10-04T00:02:40.5692943Z test round_bft::journal::codec::tests::nil_precommit_rejects_a_resealed_current_round_lock ... ok
Rust checks	UNKNOWN STEP	2026-10-04T00:02:40.5693432Z test round_bft::journal::codec::tests::original_proposal_justification_survives_newer_valid_witness ... ok
Rust checks	UNKNOWN STEP	2026-10-04T00:02:40.5693953Z test round_bft::journal::codec::tests::replay_roles_digest_domain_and_legacy_snapshot_are_fail_closed ... ok
Rust checks	UNKNOWN STEP	2026-10-04T00:02:40.5694488Z test round_bft::journal::codec::tests::restored_locked_state_requires_exact_valid_quorum_not_a_claimed_round ... ok
Rust checks	UNKNOWN STEP	2026-10-04T00:02:40.5695037Z test round_bft::journal::codec::tests::retained_lock_rejects_resealed_equal_round_conflicting_justification ... ok
Rust checks	UNKNOWN STEP	2026-10-04T00:02:40.5695575Z test round_bft::journal::codec::tests::retained_lock_accepts_same_value_or_newer_proposal_justification ... ok
Rust checks	UNKNOWN STEP	2026-10-04T00:02:40.5696283Z test round_bft::journal::codec::tests::state_only_certified_record_cannot_replace_lock_origin ... ok
Rust checks	UNKNOWN STEP	2026-10-04T00:02:40.5697028Z test round_bft::journal::tests::backpressure_does_not_adopt_or_emit_and_wrong_owner_cannot_submit ... ok
Rust checks	UNKNOWN STEP	2026-10-04T00:02:40.5697543Z test round_bft::journal::codec::tests::retained_old_lock_rejects_resealed_unjustified_other_prevote ... ok
Rust checks	UNKNOWN STEP	2026-10-04T00:02:40.5698047Z test round_bft::journal::tests::lost_ack_reopen_recovers_exact_signed_outbox_without_resigning ... ok
Rust checks	UNKNOWN STEP	2026-10-04T00:02:40.5698554Z test round_bft::journal::tests::exact_already_present_transition_is_replayed_but_stale_head_is_not ... ok
Rust checks	UNKNOWN STEP	2026-10-04T00:02:40.5699046Z test round_bft::journal::tests::opening_rejects_missing_or_corrupt_outbox_and_foreign_domain ... ok
Rust checks	UNKNOWN STEP	2026-10-04T00:02:40.5699524Z test round_bft::journal::tests::stale_expected_state_freezes_without_releasing_a_signature ... ok
Rust checks	UNKNOWN STEP	2026-10-04T00:02:40.5700020Z test round_bft::journal::tests::pending_signature_is_released_only_after_its_exact_ack_and_once ... ok
Rust checks	UNKNOWN STEP	2026-10-04T00:02:40.5700501Z test round_bft::journal::tests::unknown_completion_freezes_even_when_write_really_happened ... ok
Rust checks	UNKNOWN STEP	2026-10-04T00:02:40.5700966Z test round_bft::pacemaker::tests::no_phase_timeout_without_distinct_weight_threshold ... ok
Rust checks	UNKNOWN STEP	2026-10-04T00:02:40.5701689Z test round_bft::pacemaker::tests::precommit_wait_can_expire_before_local_body_or_prevote_arrives ... ok
Rust checks	UNKNOWN STEP	2026-10-04T00:02:40.5702463Z test round_bft::pacemaker::tests::qualification_starts_once_and_repeated_votes_do_not_extend_deadline ... ok
Rust checks	UNKNOWN STEP	2026-10-04T00:02:40.5703254Z test round_bft::pacemaker::tests::timeout_grows_by_round_and_new_height_restarts_schedule ... ok
Rust checks	UNKNOWN STEP	2026-10-04T00:02:40.5704009Z test round_bft::pacemaker::tests::zero_and_unrepresentable_timeout_are_rejected_without_wrapping ... ok
Rust checks	UNKNOWN STEP	2026-10-04T00:02:40.5704845Z test round_bft::round::tests::authenticated_round_change_preserves_lock_valid_and_never_invents_votes ... ok
Rust checks	UNKNOWN STEP	2026-10-04T00:02:40.5705878Z test round_bft::round::tests::cross_context_evidence_is_rejected_even_when_signed_by_same_set ... ok
Rust checks	UNKNOWN STEP	2026-10-04T00:02:40.5706858Z test round_bft::round::tests::decision_can_arrive_for_older_round_without_old_vote_and_is_terminal ... ok
Rust checks	UNKNOWN STEP	2026-10-04T00:02:40.5707768Z test round_bft::round::tests::current_quorum_can_be_processed_after_equivocating_proposal_but_not_without_execution ... ok
Rust checks	UNKNOWN STEP	2026-10-04T00:02:40.5708734Z test round_bft::collector::tests::malicious_future_fragments_cannot_starve_the_current_round_slots_or_votes ... ok
Rust checks	UNKNOWN STEP	2026-10-04T00:02:40.5709622Z test round_bft::round::tests::duplicate_and_old_round_quorums_cannot_create_more_votes ... ok
Rust checks	UNKNOWN STEP	2026-10-04T00:02:40.5710425Z test round_bft::round::tests::local_timeout_requires_exact_context_round_step_and_checked_increment ... ok
Rust checks	UNKNOWN STEP	2026-10-04T00:02:40.5711241Z test round_bft::round::tests::locked_value_rejects_unjustified_change_but_accepts_same_value ... ok
Rust checks	UNKNOWN STEP	2026-10-04T00:02:40.5711869Z test round_bft::round::tests::new_and_restore_reject_invalid_context_domain_and_parent_convention ... ok
Rust checks	UNKNOWN STEP	2026-10-04T00:02:40.5712404Z test round_bft::round::tests::late_current_quorum_after_nil_precommit_updates_valid_without_second_vote ... ok
Rust checks	UNKNOWN STEP	2026-10-04T00:02:40.5712942Z test round_bft::round::tests::justification_requires_exact_domain_round_phase_value_and_presence ... ok
Rust checks	UNKNOWN STEP	2026-10-04T00:02:40.5713486Z test round_bft::round::tests::newer_verified_prevote_quorum_allows_lock_migration_only_when_current_qc_arrives ... ok
Rust checks	UNKNOWN STEP	2026-10-04T00:02:40.5713988Z test round_bft::round::tests::nil_quorum_and_all_timeouts_preserve_existing_lock ... ok
Rust checks	UNKNOWN STEP	2026-10-04T00:02:40.5714434Z test round_bft::round::tests::no_quorum_a_a_b_split_does_not_lock_and_can_converge_next_round ... ok
Rust checks	UNKNOWN STEP	2026-10-04T00:02:40.5714934Z test round_bft::round::tests::old_justification_cannot_override_newer_lock_or_invent_equal_round_value ... ok
Rust checks	UNKNOWN STEP	2026-10-04T00:02:40.5715442Z test round_bft::round::tests::only_non_nil_precommit_certificate_and_exact_proposal_can_decide ... ok
Rust checks	UNKNOWN STEP	2026-10-04T00:02:40.5715958Z test round_bft::round::tests::preparing_transition_does_not_mutate_or_grant_durable_signing_authority ... ok
Rust checks	UNKNOWN STEP	2026-10-04T00:02:40.5716759Z test round_bft::round::tests::proposal_local_value_mismatch_does_not_change_state ... ok
Rust checks	UNKNOWN STEP	2026-10-04T00:02:40.5717221Z test round_bft::round::tests::snapshot_rejects_invalid_checkpoint_pairs_and_early_locks ... ok
Rust checks	UNKNOWN STEP	2026-10-04T00:02:40.5717705Z test round_bft::wire::tests::codec_bounds_counts_before_allocation_and_requires_canonical_tags ... ok
Rust checks	UNKNOWN STEP	2026-10-04T00:02:40.5718200Z test round_bft::wire::tests::context_requires_full_domain_and_exact_first_block_parent_convention ... ok
Rust checks	UNKNOWN STEP	2026-10-04T00:02:40.5718694Z test round_bft::wire::tests::independently_signed_foreign_set_epoch_and_chain_are_not_replayed ... ok
Rust checks	UNKNOWN STEP	2026-10-04T00:02:40.5719179Z test round_bft::wire::tests::invalid_keys_duplicates_counts_and_weight_overflow_are_rejected ... ok
Rust checks	UNKNOWN STEP	2026-10-04T00:02:40.5719625Z test round_bft::wire::tests::leader_schedule_is_sorted_round_robin_and_checked ... ok
Rust checks	UNKNOWN STEP	2026-10-04T00:02:40.5720066Z test round_bft::wire::tests::codec_rejects_unknown_old_formats_trailing_and_all_truncations ... ok
Rust checks	UNKNOWN STEP	2026-10-04T00:02:40.5720580Z test round_bft::round::tests::snapshot_roundtrip_preserves_locks_validity_steps_and_is_canonical_bounded ... ok
Rust checks	UNKNOWN STEP	2026-10-04T00:02:40.5721091Z test round_bft::wire::tests::proposal_signature_binds_all_fields_and_cannot_be_used_as_vote ... ok
Rust checks	UNKNOWN STEP	2026-10-04T00:02:40.5721561Z test round_bft::wire::tests::proposals_require_the_scheduled_leader_and_strict_valid_round ... ok
Rust checks	UNKNOWN STEP	2026-10-04T00:02:40.5722025Z test round_bft::wire::tests::real_votes_nil_and_value_roundtrip_but_do_not_grant_other_phase ... ok
Rust checks	UNKNOWN STEP	2026-10-04T00:02:40.5722472Z test round_bft::wire::tests::validator_sets_are_canonical_weighted_and_domain_bound ... ok
Rust checks	UNKNOWN STEP	2026-10-04T00:02:40.5722949Z test round_bft::wire::tests::quorum_rejects_duplicate_unsorted_tampered_and_mixed_signed_evidence ... ok
Rust checks	UNKNOWN STEP	2026-10-04T00:02:40.5723470Z test round_bft::wire::tests::vote_signing_preimage_is_explicit_and_old_signatures_cannot_be_relabelled ... ok
Rust checks	UNKNOWN STEP	2026-10-04T00:02:40.5724099Z test round_bft::wire::tests::vote_signature_binds_every_context_field_round_phase_value_and_signer ... ok
Rust checks	UNKNOWN STEP	2026-10-04T00:02:40.5724595Z test round_bft::wire::tests::weighted_quorum_does_not_confuse_signature_count_with_weight ... ok
Rust checks	UNKNOWN STEP	2026-10-04T00:02:40.5725077Z test round_bft::wire::tests::quorum_is_three_of_four_only_for_equal_weight_and_exact_single_phase ... ok
Rust checks	UNKNOWN STEP	2026-10-04T00:02:41.2120071Z test round_bft::journal::codec::tests::maximum_validator_decision_transition_fits_unchanged_metadata_budgets ... ok
Rust checks	UNKNOWN STEP	2026-10-04T00:02:41.2120662Z 
Rust checks	UNKNOWN STEP	2026-10-04T00:02:41.2120973Z test result: ok. 86 passed; 0 failed; 0 ignored; 0 measured; 91 filtered out; finished in 0.74s
Rust checks	UNKNOWN STEP	2026-10-04T00:02:41.2121401Z 
Rust checks	UNKNOWN STEP	2026-10-04T00:02:41.2474168Z ^[[1m^[[33mwarning^[[0m: /home/runner/work/supervm/supervm/crates/novovm-node/Cargo.toml: file `/home/runner/work/supervm/supervm/crates/novovm-node/src/bin/supervm-native-pipeline-cross-machine-udp-soak.rs` found to be present in multiple build targets:
Rust checks	UNKNOWN STEP	2026-10-04T00:02:41.2475301Z   * `bin` target `supervm-native-pipeline-cross-machine-udp-soak`
Rust checks	UNKNOWN STEP	2026-10-04T00:02:41.2475684Z   * `bin` target `supervm-native-pipeline-cross-machine-fault-udp-soak`
Rust checks	UNKNOWN STEP	2026-10-04T00:02:41.2476066Z   * `bin` target `supervm-native-pipeline-cross-machine-sustained-soak`
Rust checks	UNKNOWN STEP	2026-10-04T00:02:41.2476409Z   * `bin` target `supervm-native-pipeline-memory-bisect-gate`
Rust checks	UNKNOWN STEP	2026-10-04T00:02:41.3581473Z ^[[1m^[[92m   Compiling^[[0m web30-core v0.1.0 (/home/runner/work/supervm/supervm/vendor/web30-core)
Rust checks	UNKNOWN STEP	2026-10-04T00:02:42.1383302Z ^[[1m^[[92m   Compiling^[[0m novovm-adapter-novovm v0.1.0 (/home/runner/work/supervm/supervm/crates/novovm-adapter-novovm)
Rust checks	UNKNOWN STEP	2026-10-04T00:02:42.1384390Z ^[[1m^[[92m   Compiling^[[0m novovm-consensus v0.1.0 (/home/runner/work/supervm/supervm/crates/novovm-consensus)
Rust checks	UNKNOWN STEP	2026-10-04T00:02:42.5279244Z ^[[1m^[[92m   Compiling^[[0m novovm-adapter-evm-plugin v0.1.0 (/home/runner/work/supervm/supervm/crates/plugins/evm/plugin)
Rust checks	UNKNOWN STEP	2026-10-04T00:02:44.8068415Z ^[[1m^[[92m   Compiling^[[0m novovm-node v0.1.0 (/home/runner/work/supervm/supervm/crates/novovm-node)
Rust checks	UNKNOWN STEP	2026-10-04T00:03:35.0152178Z ^[[1m^[[92m    Finished^[[0m `test` profile [unoptimized + debuginfo] target(s) in 53.77s
Rust checks	UNKNOWN STEP	2026-10-04T00:03:35.0288505Z ^[[1m^[[92m     Running^[[0m unittests src/lib.rs (target/runtime-rebuild/debug/deps/novovm_node-8ed10d0afdf94e9a)
Rust checks	UNKNOWN STEP	2026-10-04T00:03:35.0335408Z 
Rust checks	UNKNOWN STEP	2026-10-04T00:03:35.0335585Z running 1 test
Rust checks	UNKNOWN STEP	2026-10-04T00:03:45.6988527Z test tx_ingress::tests::candidate_workspace_tests::round_bft_candidate_tests::round_bft_candidate_real_aoem_binding_is_read_only_and_namespace_independent ... ok
Rust checks	UNKNOWN STEP	2026-10-04T00:03:45.6989088Z 
Rust checks	UNKNOWN STEP	2026-10-04T00:03:45.6989355Z test result: ok. 1 passed; 0 failed; 0 ignored; 0 measured; 1536 filtered out; finished in 10.67s
Rust checks	UNKNOWN STEP	2026-10-04T00:03:45.6989690Z 
Rust checks	UNKNOWN STEP	2026-10-04T00:03:45.7167785Z ##[group]Run cargo test --manifest-path "Cargo.toml" -p novovm-node --lib restoration_host_guard --locked -- --test-threads=1
Rust checks	UNKNOWN STEP	2026-10-04T00:03:45.7168907Z ^[[36;1mcargo test --manifest-path "Cargo.toml" -p novovm-node --lib restoration_host_guard --locked -- --test-threads=1^[[0m
Rust checks	UNKNOWN STEP	2026-10-04T00:03:45.7236838Z shell: /usr/bin/bash -e {0}
Rust checks	UNKNOWN STEP	2026-10-04T00:03:45.7237058Z env:
Rust checks	UNKNOWN STEP	2026-10-04T00:03:45.7237235Z   CARGO_HOME: /home/runner/.cargo
Rust checks	UNKNOWN STEP	2026-10-04T00:03:45.7237458Z   CARGO_INCREMENTAL: 0
Rust checks	UNKNOWN STEP	2026-10-04T00:03:45.7237644Z   CARGO_TERM_COLOR: always
Rust checks	UNKNOWN STEP	2026-10-04T00:03:45.7237833Z   CACHE_ON_FAILURE: false
Rust checks	UNKNOWN STEP	2026-10-04T00:03:45.7238019Z ##[endgroup]
Rust checks	UNKNOWN STEP	2026-10-04T00:03:45.7674228Z ^[[1m^[[33mwarning^[[0m: /home/runner/work/supervm/supervm/crates/novovm-node/Cargo.toml: file `/home/runner/work/supervm/supervm/crates/novovm-node/src/bin/supervm-native-pipeline-cross-machine-udp-soak.rs` found to be present in multiple build targets:
Rust checks	UNKNOWN STEP	2026-10-04T00:03:45.7676021Z   * `bin` target `supervm-native-pipeline-cross-machine-udp-soak`
Rust checks	UNKNOWN STEP	2026-10-04T00:03:45.7676828Z   * `bin` target `supervm-native-pipeline-cross-machine-fault-udp-soak`
Rust checks	UNKNOWN STEP	2026-10-04T00:03:45.7677526Z   * `bin` target `supervm-native-pipeline-cross-machine-sustained-soak`
Rust checks	UNKNOWN STEP	2026-10-04T00:03:45.7678176Z   * `bin` target `supervm-native-pipeline-memory-bisect-gate`
Rust checks	UNKNOWN STEP	2026-10-04T00:03:45.9109982Z ^[[1m^[[92m    Finished^[[0m `test` profile [unoptimized + debuginfo] target(s) in 0.15s
Rust checks	UNKNOWN STEP	2026-10-04T00:03:45.9213280Z ^[[1m^[[92m     Running^[[0m unittests src/lib.rs (target/runtime-rebuild/debug/deps/novovm_node-8ed10d0afdf94e9a)
Rust checks	UNKNOWN STEP	2026-10-04T00:03:45.9276981Z 
Rust checks	UNKNOWN STEP	2026-10-04T00:03:45.9277348Z running 5 tests
Rust checks	UNKNOWN STEP	2026-10-04T00:03:45.9346805Z test tx_ingress::tests::restoration_host_guard::restoration_host_guard_default_stops_dispatch_and_mutator_before_io ... ok
Rust checks	UNKNOWN STEP	2026-10-04T00:03:45.9487304Z test tx_ingress::tests::restoration_host_guard::restoration_host_guard_explicit_comparison_can_still_persist ... ok
Rust checks	UNKNOWN STEP	2026-10-04T00:03:46.0527298Z test tx_ingress::tests::restoration_host_guard::restoration_host_guard_immediate_rejected_but_pending_and_queries_remain ... ok
Rust checks	UNKNOWN STEP	2026-10-04T00:03:46.0585765Z test tx_ingress::tests::restoration_host_guard::restoration_host_guard_invalid_operator_token_fails_closed ... ok
Rust checks	UNKNOWN STEP	2026-10-04T00:03:46.0648602Z test tx_ingress::tests::restoration_host_guard::restoration_host_guard_ownership_labels_and_rpc_tokens_cannot_bypass ... ok
Rust checks	UNKNOWN STEP	2026-10-04T00:03:46.0649098Z 
Rust checks	UNKNOWN STEP	2026-10-04T00:03:46.0649450Z test result: ok. 5 passed; 0 failed; 0 ignored; 0 measured; 1532 filtered out; finished in 0.14s
Rust checks	UNKNOWN STEP	2026-10-04T00:03:46.0649729Z 
Rust checks	UNKNOWN STEP	2026-10-04T00:03:46.0872247Z ##[group]Run set -euo pipefail
Rust checks	UNKNOWN STEP	2026-10-04T00:03:46.0872525Z ^[[36;1mset -euo pipefail^[[0m
Rust checks	UNKNOWN STEP	2026-10-04T00:03:46.0872827Z ^[[36;1mexport NOVOVM_AOEM_TEST_LIBRARY="$PWD/aoem/linux/core/bin/libaoem_ffi.so"^[[0m
Rust checks	UNKNOWN STEP	2026-10-04T00:03:46.0873553Z ^[[36;1mcargo test -p aoem-bindings --lib resident --locked -- --include-ignored --test-threads=1^[[0m
Rust checks	UNKNOWN STEP	2026-10-04T00:03:46.0874304Z ^[[36;1mcargo test -p novovm-exec --lib resident --locked -- --test-threads=1^[[0m
Rust checks	UNKNOWN STEP	2026-10-04T00:03:46.0874962Z ^[[36;1mcargo test -p novovm-network --lib duplex --locked -- --test-threads=1^[[0m
Rust checks	UNKNOWN STEP	2026-10-04T00:03:46.0875614Z ^[[36;1mcargo test -p novovm-node --lib native_pipeline --locked -- --test-threads=1^[[0m
Rust checks	UNKNOWN STEP	2026-10-04T00:03:46.0876223Z ^[[36;1mcargo build -p novovm-node --bin novovm-node --locked^[[0m
Rust checks	UNKNOWN STEP	2026-10-04T00:03:46.0877229Z ^[[36;1mtarget_dir="$(cargo metadata --no-deps --format-version 1 | python -c 'import json,sys; print(json.load(sys.stdin)["target_directory"])')"^[[0m
Rust checks	UNKNOWN STEP	2026-10-04T00:03:46.0878217Z ^[[36;1mexport NOVOVM_RESIDENT_NODE_BINARY="$target_dir/debug/novovm-node"^[[0m
Rust checks	UNKNOWN STEP	2026-10-04T00:03:46.0879107Z ^[[36;1mcargo test -p novovm-node --lib actual_product_rpc_signed_batches_failures_quorum_and_restart --locked -- --ignored --test-threads=1^[[0m
Rust checks	UNKNOWN STEP	2026-10-04T00:03:46.0880329Z ^[[36;1mcargo test -p novovm-node --lib actual_product_rpc_single_ingress_gossip_failures_and_restart --locked -- --ignored --test-threads=1^[[0m
Rust checks	UNKNOWN STEP	2026-10-04T00:03:46.0881527Z ^[[36;1mcargo test -p novovm-node --lib actual_product_rpc_offline_peer_isolation_quorum_catchup_and_restart --locked -- --ignored --test-threads=1^[[0m
Rust checks	UNKNOWN STEP	2026-10-04T00:03:46.0882805Z ^[[36;1mcargo test -p novovm-node --lib actual_product_rpc_a_a_b_equivocation_recovers_with_three_honest_signers --locked -- --ignored --test-threads=1^[[0m
Rust checks	UNKNOWN STEP	2026-10-04T00:03:46.0945249Z shell: /usr/bin/bash --noprofile --norc -e -o pipefail {0}
Rust checks	UNKNOWN STEP	2026-10-04T00:03:46.0945535Z env:
Rust checks	UNKNOWN STEP	2026-10-04T00:03:46.0945710Z   CARGO_HOME: /home/runner/.cargo
Rust checks	UNKNOWN STEP	2026-10-04T00:03:46.0945931Z   CARGO_INCREMENTAL: 0
Rust checks	UNKNOWN STEP	2026-10-04T00:03:46.0946120Z   CARGO_TERM_COLOR: always
Rust checks	UNKNOWN STEP	2026-10-04T00:03:46.0946306Z   CACHE_ON_FAILURE: false
Rust checks	UNKNOWN STEP	2026-10-04T00:03:46.0946672Z   NOVOVM_ALLOW_LEGACY_HOST_EXECUTION: 0
Rust checks	UNKNOWN STEP	2026-10-04T00:03:46.0946895Z ##[endgroup]
Rust checks	UNKNOWN STEP	2026-10-04T00:03:46.1333402Z ^[[1m^[[33mwarning^[[0m: /home/runner/work/supervm/supervm/crates/novovm-node/Cargo.toml: file `/home/runner/work/supervm/supervm/crates/novovm-node/src/bin/supervm-native-pipeline-cross-machine-udp-soak.rs` found to be present in multiple build targets:
Rust checks	UNKNOWN STEP	2026-10-04T00:03:46.1337163Z   * `bin` target `supervm-native-pipeline-cross-machine-udp-soak`
Rust checks	UNKNOWN STEP	2026-10-04T00:03:46.1337825Z   * `bin` target `supervm-native-pipeline-cross-machine-fault-udp-soak`
Rust checks	UNKNOWN STEP	2026-10-04T00:03:46.1338855Z   * `bin` target `supervm-native-pipeline-cross-machine-sustained-soak`
Rust checks	UNKNOWN STEP	2026-10-04T00:03:46.1339612Z   * `bin` target `supervm-native-pipeline-memory-bisect-gate`
Rust checks	UNKNOWN STEP	2026-10-04T00:03:46.2007158Z ^[[1m^[[92m   Compiling^[[0m serde_core v1.0.228
Rust checks	UNKNOWN STEP	2026-10-04T00:03:47.3339363Z ^[[1m^[[92m   Compiling^[[0m serde_json v1.0.149
Rust checks	UNKNOWN STEP	2026-10-04T00:03:47.8636203Z ^[[1m^[[92m   Compiling^[[0m aoem-bindings v0.1.0 (/home/runner/work/supervm/supervm/crates/aoem-bindings)
Rust checks	UNKNOWN STEP	2026-10-04T00:03:48.9049516Z ^[[1m^[[92m    Finished^[[0m `test` profile [unoptimized + debuginfo] target(s) in 2.78s
Rust checks	UNKNOWN STEP	2026-10-04T00:03:48.9082708Z ^[[1m^[[92m     Running^[[0m unittests src/lib.rs (target/runtime-rebuild/debug/deps/aoem_bindings-4ddb3a2613ee8e1a)
Rust checks	UNKNOWN STEP	2026-10-04T00:03:48.9092736Z 
Rust checks	UNKNOWN STEP	2026-10-04T00:03:48.9092912Z running 32 tests
Rust checks	UNKNOWN STEP	2026-10-04T00:03:48.9094177Z test resident::abi::tests::resident_layouts_reuse_the_packaged_product_abi ... ok
Rust checks	UNKNOWN STEP	2026-10-04T00:03:48.9095593Z test resident::compute::tests::compute_callback_contains_panics_and_errors ... ok
Rust checks	UNKNOWN STEP	2026-10-04T00:03:48.9096245Z test resident::compute::tests::compute_callbacks_execute_once_and_keep_input_order ... ok
Rust checks	UNKNOWN STEP	2026-10-04T00:03:48.9097757Z test resident::compute::tests::compute_catches_a_panic_payload_with_a_panicking_destructor ... ok
Rust checks	UNKNOWN STEP	2026-10-04T00:03:48.9098799Z test resident::compute::tests::compute_completion_is_owned_and_single_delivery ... ok
Rust checks	UNKNOWN STEP	2026-10-04T00:03:48.9457382Z 
Rust checks	UNKNOWN STEP	2026-10-04T00:03:48.9460826Z thread '<unnamed>' (10261) panicked at crates/aoem-bindings/src/resident/compute_tests.rs:324:26:
Rust checks	UNKNOWN STEP	2026-10-04T00:03:48.9461370Z contained AOEM worker panic
Rust checks	UNKNOWN STEP	2026-10-04T00:03:49.0797160Z test resident::compute::tests::compute_real_aoem_parallel_order_panic_and_cancel ... ok
Rust checks	UNKNOWN STEP	2026-10-04T00:03:51.5914316Z test resident::compute::tests::compute_real_aoem_undrained_timeout_retains_owned_capture ... ok
Rust checks	UNKNOWN STEP	2026-10-04T00:03:51.5915175Z test resident::compute::tests::compute_rejects_invalid_descriptor_and_nulls ... ok
Rust checks	UNKNOWN STEP	2026-10-04T00:03:51.5915939Z test resident::compute::tests::compute_rejects_invalid_wave_before_loading_runtime ... ok
Rust checks	UNKNOWN STEP	2026-10-04T00:03:51.5940462Z test resident::compute::tests::compute_rejects_task_count_overflow_before_loading_a_library ... ok
Rust checks	UNKNOWN STEP	2026-10-04T00:03:51.5941333Z test resident::compute::tests::compute_result_budget_is_checked_before_retaining_an_output ... ok
Rust checks	UNKNOWN STEP	2026-10-04T00:03:51.5975611Z test resident::compute::tests::compute_session_host_unwind_retains_the_complete_flight ... ok
Rust checks	UNKNOWN STEP	2026-10-04T00:03:51.5995082Z test resident::compute::tests::compute_session_reuses_graphs_and_preserves_poison_boundary ... ok
Rust checks	UNKNOWN STEP	2026-10-04T00:03:53.6037375Z test resident::compute::tests::compute_session_timeout_retains_the_complete_flight ... ok
Rust checks	UNKNOWN STEP	2026-10-04T00:03:53.6038444Z test resident::library::tests::computation_rejects_ambient_persistence_without_mutating_environment ... ok
Rust checks	UNKNOWN STEP	2026-10-04T00:03:53.6039425Z test resident::receipt::tests::receipt_abi_check_precedes_initialization_and_requires_success ... ok
Rust checks	UNKNOWN STEP	2026-10-04T00:03:53.6040452Z test resident::receipt::tests::receipt_allocation_guard_releases_on_unwind_and_session_can_move_to_owner ... ok
Rust checks	UNKNOWN STEP	2026-10-04T00:03:53.6041575Z test resident::receipt::tests::receipt_limits_reject_invalid_policy_and_check_hard_abi_edges_without_allocating ... ok
Rust checks	UNKNOWN STEP	2026-10-04T00:03:53.6042531Z test resident::receipt::tests::receipt_policy_rejects_before_any_native_call ... ok
Rust checks	UNKNOWN STEP	2026-10-04T00:03:53.6043415Z test resident::receipt::tests::receipt_producer_errors_and_malformed_buffers_free_exactly_once ... ok
Rust checks	UNKNOWN STEP	2026-10-04T00:03:53.6044435Z test resident::receipt::tests::receipt_prove_forwards_inputs_copies_and_frees_without_claiming_verification ... ok
Rust checks	UNKNOWN STEP	2026-10-04T00:03:53.6045449Z test resident::receipt::tests::receipt_verification_requires_backend_and_exact_independent_pins ... ok
Rust checks	UNKNOWN STEP	2026-10-04T00:03:53.6046562Z test resident::receipt::tests::receipt_version_is_explicit_and_older_or_future_envelopes_never_reach_backend ... ok
Rust checks	UNKNOWN STEP	2026-10-04T00:03:53.6047623Z test resident::storage::tests::read_values_preserve_absence_empty_and_order_and_reject_any_bad_prefix ... ok
Rust checks	UNKNOWN STEP	2026-10-04T00:03:53.6173581Z test resident::storage::tests::real_storage_atomic_batch_order_multiget_fresh_read_and_cold_reopen ... ok
Rust checks	UNKNOWN STEP	2026-10-04T00:03:53.6364627Z test resident::storage::tests::real_storage_owner_threads_have_separate_databases_and_same_path_cannot_reopen ... ok
Rust checks	UNKNOWN STEP	2026-10-04T00:03:53.6469386Z test resident::storage::tests::real_write_bad_ack_is_unknown_poisoned_freed_and_never_automatically_retried ... ok
Rust checks	UNKNOWN STEP	2026-10-04T00:03:53.6470355Z test resident::storage::tests::response_envelope_and_acknowledgement_are_exact_not_just_zero_return_code ... ok
Rust checks	UNKNOWN STEP	2026-10-04T00:03:53.6471364Z test resident::storage::tests::storage_environment_requires_real_durability_without_changing_global_settings ... ok
Rust checks	UNKNOWN STEP	2026-10-04T00:03:53.6472310Z test resident::storage::tests::storage_open_wire_has_explicit_path_and_mandatory_sync_one ... ok
Rust checks	UNKNOWN STEP	2026-10-04T00:03:53.6473083Z test resident::storage::tests::storage_wire_checks_counts_bytes_and_worst_case_read_response_before_admission ... ok
Rust checks	UNKNOWN STEP	2026-10-04T00:03:53.6473897Z test resident::storage::tests::write_wire_is_one_ordered_batch_including_empty_values_and_deletion ... ok
Rust checks	UNKNOWN STEP	2026-10-04T00:03:53.6478857Z 
Rust checks	UNKNOWN STEP	2026-10-04T00:03:53.6503089Z test result: ok. 32 passed; 0 failed; 0 ignored; 0 measured; 6 filtered out; finished in 4.74s
Rust checks	UNKNOWN STEP	2026-10-04T00:03:53.6503563Z 
Rust checks	UNKNOWN STEP	2026-10-04T00:03:53.6829507Z ^[[1m^[[33mwarning^[[0m: /home/runner/work/supervm/supervm/crates/novovm-node/Cargo.toml: file `/home/runner/work/supervm/supervm/crates/novovm-node/src/bin/supervm-native-pipeline-cross-machine-udp-soak.rs` found to be present in multiple build targets:
Rust checks	UNKNOWN STEP	2026-10-04T00:03:53.6831239Z   * `bin` target `supervm-native-pipeline-cross-machine-udp-soak`
Rust checks	UNKNOWN STEP	2026-10-04T00:03:53.6831946Z   * `bin` target `supervm-native-pipeline-cross-machine-fault-udp-soak`
Rust checks	UNKNOWN STEP	2026-10-04T00:03:53.6832658Z   * `bin` target `supervm-native-pipeline-cross-machine-sustained-soak`
Rust checks	UNKNOWN STEP	2026-10-04T00:03:53.6833273Z   * `bin` target `supervm-native-pipeline-memory-bisect-gate`
Rust checks	UNKNOWN STEP	2026-10-04T00:03:53.7365869Z ^[[1m^[[92m    Finished^[[0m `test` profile [unoptimized + debuginfo] target(s) in 0.06s
Rust checks	UNKNOWN STEP	2026-10-04T00:03:53.7381865Z ^[[1m^[[92m     Running^[[0m unittests src/lib.rs (target/runtime-rebuild/debug/deps/novovm_exec-947d14610a14af86)
Rust checks	UNKNOWN STEP	2026-10-04T00:03:53.7392623Z 
Rust checks	UNKNOWN STEP	2026-10-04T00:03:53.7392802Z running 3 tests
Rust checks	UNKNOWN STEP	2026-10-04T00:03:53.7395033Z test resident::tests::explicit_selection_never_falls_back_for_missing_or_directory_paths ... ok
Rust checks	UNKNOWN STEP	2026-10-04T00:03:53.7395971Z test resident::tests::explicit_selection_preserves_original_wire_worker_options_without_loading ... ok
Rust checks	UNKNOWN STEP	2026-10-04T00:03:53.7397073Z test resident::tests::resident_tasks_and_storage_writes_are_the_original_bindings_types ... ok
Rust checks	UNKNOWN STEP	2026-10-04T00:03:53.7398995Z 
Rust checks	UNKNOWN STEP	2026-10-04T00:03:53.7399425Z test result: ok. 3 passed; 0 failed; 0 ignored; 0 measured; 70 filtered out; finished in 0.00s
Rust checks	UNKNOWN STEP	2026-10-04T00:03:53.7399883Z 
Rust checks	UNKNOWN STEP	2026-10-04T00:03:53.7721592Z ^[[1m^[[33mwarning^[[0m: /home/runner/work/supervm/supervm/crates/novovm-node/Cargo.toml: file `/home/runner/work/supervm/supervm/crates/novovm-node/src/bin/supervm-native-pipeline-cross-machine-udp-soak.rs` found to be present in multiple build targets:
Rust checks	UNKNOWN STEP	2026-10-04T00:03:53.7723330Z   * `bin` target `supervm-native-pipeline-cross-machine-udp-soak`
Rust checks	UNKNOWN STEP	2026-10-04T00:03:53.7723979Z   * `bin` target `supervm-native-pipeline-cross-machine-fault-udp-soak`
Rust checks	UNKNOWN STEP	2026-10-04T00:03:53.7724632Z   * `bin` target `supervm-native-pipeline-cross-machine-sustained-soak`
Rust checks	UNKNOWN STEP	2026-10-04T00:03:53.7725247Z   * `bin` target `supervm-native-pipeline-memory-bisect-gate`
Rust checks	UNKNOWN STEP	2026-10-04T00:03:53.8523707Z ^[[1m^[[92m   Compiling^[[0m rustls-pki-types v1.14.0
Rust checks	UNKNOWN STEP	2026-10-04T00:03:53.8555018Z ^[[1m^[[92m   Compiling^[[0m aws-lc-rs v1.18.1
Rust checks	UNKNOWN STEP	2026-10-04T00:03:53.8577605Z ^[[1m^[[92m   Compiling^[[0m rustls v0.23.45
Rust checks	UNKNOWN STEP	2026-10-04T00:03:53.8605896Z ^[[1m^[[92m   Compiling^[[0m tokio v1.50.0
Rust checks	UNKNOWN STEP	2026-10-04T00:03:53.9768070Z ^[[1m^[[92m   Compiling^[[0m novovm-protocol v0.1.0 (/home/runner/work/supervm/supervm/crates/novovm-protocol)
Rust checks	UNKNOWN STEP	2026-10-04T00:03:54.3837804Z ^[[1m^[[92m   Compiling^[[0m rustls-native-certs v0.8.4
Rust checks	UNKNOWN STEP	2026-10-04T00:03:54.7838020Z ^[[1m^[[92m   Compiling^[[0m rustls-webpki v0.103.15
Rust checks	UNKNOWN STEP	2026-10-04T00:03:55.8627776Z ^[[1m^[[92m   Compiling^[[0m sha1 v0.10.6
Rust checks	UNKNOWN STEP	2026-10-04T00:03:58.7558710Z ^[[1m^[[92m   Compiling^[[0m novovm-network v0.1.0 (/home/runner/work/supervm/supervm/crates/novovm-network)
Rust checks	UNKNOWN STEP	2026-10-04T00:04:16.1232137Z ^[[1m^[[92m    Finished^[[0m `test` profile [unoptimized + debuginfo] target(s) in 22.36s
Rust checks	UNKNOWN STEP	2026-10-04T00:04:16.1310111Z ^[[1m^[[92m     Running^[[0m unittests src/lib.rs (target/runtime-rebuild/debug/deps/novovm_network-cf4dd012e3269dfd)
Rust checks	UNKNOWN STEP	2026-10-04T00:04:16.1328782Z 
Rust checks	UNKNOWN STEP	2026-10-04T00:04:16.1328962Z running 212 tests
Rust checks	UNKNOWN STEP	2026-10-04T00:04:16.1438963Z test duplex::fragments::tests::completion_hash_failure_returns_quota_and_other_peers_keep_progress ... ok
Rust checks	UNKNOWN STEP	2026-10-04T00:04:16.1493903Z test duplex::fragments::tests::conflicting_duplicates_and_mixed_lengths_preserve_original_message ... ok
Rust checks	UNKNOWN STEP	2026-10-04T00:04:16.1521039Z test duplex::fragments::tests::duplicate_and_new_chunks_do_not_extend_original_ttl ... ok
Rust checks	UNKNOWN STEP	2026-10-04T00:04:16.1522085Z test duplex::fragments::tests::expiration_releases_only_expired_messages_and_push_reclaims_capacity ... ok
Rust checks	UNKNOWN STEP	2026-10-04T00:04:16.1547234Z test duplex::fragments::tests::first_small_tail_reserves_the_whole_declared_message ... ok
Rust checks	UNKNOWN STEP	2026-10-04T00:04:16.1548379Z test duplex::fragments::tests::global_byte_reservations_are_independent_of_peer_counts ... ok
Rust checks	UNKNOWN STEP	2026-10-04T00:04:16.1549726Z test duplex::fragments::tests::global_message_reservations_release_on_completion ... ok
Rust checks	UNKNOWN STEP	2026-10-04T00:04:16.1707341Z test duplex::fragments::tests::hashing_is_incremental_and_duplicates_do_not_rehash_progress ... ok
Rust checks	UNKNOWN STEP	2026-10-04T00:04:16.1708520Z test duplex::fragments::tests::identical_message_ids_from_distinct_peers_do_not_share_reservations ... ok
Rust checks	UNKNOWN STEP	2026-10-04T00:04:16.1711654Z test duplex::fragments::tests::invalid_peers_domains_limits_and_quantums_are_rejected ... ok
Rust checks	UNKNOWN STEP	2026-10-04T00:04:16.1712603Z test duplex::fragments::tests::malformed_frames_wrong_domain_unknown_peer_and_trailing_bytes_spend_no_quota ... ok
Rust checks	UNKNOWN STEP	2026-10-04T00:04:16.1918267Z test duplex::fragments::tests::missing_chunk_does_not_block_another_peer_and_quantum_is_shared ... ok
Rust checks	UNKNOWN STEP	2026-10-04T00:04:16.2016945Z test duplex::fragments::tests::outgoing_validation_and_chunk_boundaries_are_checked ... ok
Rust checks	UNKNOWN STEP	2026-10-04T00:04:16.2017958Z test duplex::fragments::tests::per_peer_byte_limit_leaves_capacity_for_other_peers ... ok
Rust checks	UNKNOWN STEP	2026-10-04T00:04:16.2019016Z test duplex::fragments::tests::per_peer_message_limit_leaves_capacity_for_other_peers ... ok
Rust checks	UNKNOWN STEP	2026-10-04T00:04:16.2148055Z test duplex::fragments::tests::qc_sized_and_larger_body_round_trip_out_of_order_without_raising_carrier_limit ... ok
Rust checks	UNKNOWN STEP	2026-10-04T00:04:16.2148966Z test duplex::novorudp::tests::transport_frame_v0_checked_length_never_clamps_or_wraps ... ok
Rust checks	UNKNOWN STEP	2026-10-04T00:04:16.2149845Z test duplex::novorudp::tests::transport_frame_v0_empty_payload_roundtrips_and_encoding_refreshes_checksum ... ok
Rust checks	UNKNOWN STEP	2026-10-04T00:04:16.2150738Z test duplex::novorudp::tests::transport_frame_v0_rejects_bad_tags_truncation_and_trailing_bytes ... ok
Rust checks	UNKNOWN STEP	2026-10-04T00:04:16.2151517Z test duplex::novorudp::tests::transport_frame_v0_rejects_noncanonical_reserved_byte ... ok
Rust checks	UNKNOWN STEP	2026-10-04T00:04:16.2152202Z test duplex::novorudp::tests::transport_frame_v0_rejects_payload_and_authenticated_header_tamper ... ok
Rust checks	UNKNOWN STEP	2026-10-04T00:04:16.2153889Z test duplex::novorudp::tests::transport_frame_v0_roundtrips_all_transport_kinds_without_business_envelope ... ok
Rust checks	UNKNOWN STEP	2026-10-04T00:04:16.2196017Z test duplex::product_overlay::security_tests::authenticated_malformed_frame_is_rejected_and_cannot_be_replayed ... ok
Rust checks	UNKNOWN STEP	2026-10-04T00:04:16.2223311Z test duplex::product_overlay::security_tests::invalid_key_signature_length_and_wrong_responder_are_rejected ... ok
Rust checks	UNKNOWN STEP	2026-10-04T00:04:16.2260863Z test duplex::product_overlay::security_tests::outbound_sequence_exhaustion_never_wraps_or_reuses_a_nonce ... ok
Rust checks	UNKNOWN STEP	2026-10-04T00:04:16.2289038Z test duplex::product_overlay::security_tests::response_transcript_replay_signature_and_offer_expiry_are_checked ... ok
Rust checks	UNKNOWN STEP	2026-10-04T00:04:16.2329024Z test duplex::product_overlay::security_tests::unauthenticated_future_sequence_does_not_poison_the_replay_window ... ok
Rust checks	UNKNOWN STEP	2026-10-04T00:04:16.2355169Z test duplex::product_overlay::security_tests::weak_identity_forgery_is_rejected_on_offer_and_response ... ok
Rust checks	UNKNOWN STEP	2026-10-04T00:04:16.2393941Z test duplex::product_overlay::tests::challenge_response_derives_matching_secure_channels ... ok
Rust checks	UNKNOWN STEP	2026-10-04T00:04:16.2419478Z test duplex::product_overlay::tests::excessive_clock_skew_is_rejected_without_extending_expiration ... ok
Rust checks	UNKNOWN STEP	2026-10-04T00:04:16.2429368Z test duplex::product_overlay::tests::handshake_rejects_identity_and_signature_tamper ... ok
Rust checks	UNKNOWN STEP	2026-10-04T00:04:16.2440905Z test duplex::product_overlay::tests::handshake_replay_and_expiry_are_rejected ... ok
Rust checks	UNKNOWN STEP	2026-10-04T00:04:16.2514528Z test duplex::product_overlay::tests::independent_device_clocks_allow_bounded_skew_in_both_directions ... ok
Rust checks	UNKNOWN STEP	2026-10-04T00:04:16.2515158Z test duplex::product_overlay::tests::replay_window_accepts_reordering_once_within_window ... ok
Rust checks	UNKNOWN STEP	2026-10-04T00:04:16.2553292Z test duplex::product_overlay::tests::secure_frame_rejects_ciphertext_route_nonce_and_replay_tamper ... ok
Rust checks	UNKNOWN STEP	2026-10-04T00:04:16.2571503Z test duplex::product_relay::encoded::tests::encoded_delivery_respects_existing_wire_bound_including_metadata ... ok
Rust checks	UNKNOWN STEP	2026-10-04T00:04:16.3288733Z test duplex::product_relay::encoded_tests::both_encoded_lanes_revalidate_source_and_shutdown_without_recharging ... ok
Rust checks	UNKNOWN STEP	2026-10-04T00:04:16.3339676Z test duplex::product_relay::encoded_tests::delivery_encoding_does_not_hold_the_shared_session_lock ... ok
Rust checks	UNKNOWN STEP	2026-10-04T00:04:16.3527245Z test duplex::product_relay::encoded_tests::encoded_bytes_match_v2_and_decoded_compatibility_while_charge_matches_output ... ok
Rust checks	UNKNOWN STEP	2026-10-04T00:04:16.3789554Z test duplex::product_relay::encoded_tests::encoded_dispatch_allows_cross_thread_heartbeat_snapshot_and_target_replacement ... ok
Rust checks	UNKNOWN STEP	2026-10-04T00:04:16.4878040Z test duplex::product_relay::encoded_tests::encoded_dispatch_delay_cannot_freeze_source_expiry_at_ingress ... ok
Rust checks	UNKNOWN STEP	2026-10-04T00:04:16.5506287Z test duplex::product_relay::encoded_tests::encoded_offline_routes_keep_original_timestamp_and_exact_ttl_boundary ... ok
Rust checks	UNKNOWN STEP	2026-10-04T00:04:16.5615274Z test duplex::product_relay::encoded_tests::lookahead_and_encoded_send_guards_hold_shared_quota_across_replacement_and_shutdown ... ok
Rust checks	UNKNOWN STEP	2026-10-04T00:04:16.5665671Z test duplex::product_relay::tests::active_and_offline_byte_caps_release_and_refill_without_reconnect ... ok
Rust checks	UNKNOWN STEP	2026-10-04T00:04:16.5725681Z test duplex::product_relay::tests::active_data_and_control_share_count_and_refill_without_reconnect ... ok
Rust checks	UNKNOWN STEP	2026-10-04T00:04:16.5799507Z test duplex::product_relay::tests::aggregate_frame_budget_spans_authenticated_sources ... ok
Rust checks	UNKNOWN STEP	2026-10-04T00:04:16.5909479Z test duplex::product_relay::tests::armed_lookahead_retains_quota_and_both_lane_receive_orders ... ok
Rust checks	UNKNOWN STEP	2026-10-04T00:04:16.5994242Z test duplex::product_relay::tests::authenticated_sessions_forward_end_to_end_ciphertext ... ok
Rust checks	UNKNOWN STEP	2026-10-04T00:04:16.6053718Z test duplex::product_relay::tests::authenticated_sessions_relay_signed_peer_handshake_without_payload_access ... ok
Rust checks	UNKNOWN STEP	2026-10-04T00:04:16.6151416Z test duplex::product_relay::tests::byte_budgets_survive_reconnect_and_aggregate_limit_blocks_identity_spread ... ok
Rust checks	UNKNOWN STEP	2026-10-04T00:04:16.6211378Z test duplex::product_relay::tests::data_and_control_share_offline_limits_and_expire_together ... ok
Rust checks	UNKNOWN STEP	2026-10-04T00:04:16.6270357Z test duplex::product_relay::tests::delivery_wrapper_must_fit_wire_limit_before_admission_ack ... ok
Rust checks	UNKNOWN STEP	2026-10-04T00:04:16.6344273Z test duplex::product_relay::tests::disconnect_and_ttl_keep_real_payload_counted_until_inbox_drop ... ok
Rust checks	UNKNOWN STEP	2026-10-04T00:04:16.6441233Z test duplex::product_relay::tests::empty_armed_inbox_wakes_for_both_lanes_but_not_rejected_source ... ok
Rust checks	UNKNOWN STEP	2026-10-04T00:04:16.6441788Z test duplex::product_relay::tests::independent_active_queue_totals_are_strictly_validated ... ok
Rust checks	UNKNOWN STEP	2026-10-04T00:04:16.6526993Z test duplex::product_relay::tests::offline_queue_drains_on_authenticated_reconnect ... ok
Rust checks	UNKNOWN STEP	2026-10-04T00:04:16.6616093Z test duplex::product_relay::tests::rate_limit_backpressure_expiry_and_shutdown_are_enforced ... ok
Rust checks	UNKNOWN STEP	2026-10-04T00:04:16.6642415Z test duplex::product_relay::tests::raw_wire_admission_is_charged_once_and_malformed_payload_is_accounted ... ok
Rust checks	UNKNOWN STEP	2026-10-04T00:04:16.6753322Z test duplex::product_relay::tests::replaced_session_lookahead_stays_owned_and_counted_until_drop ... ok
Rust checks	UNKNOWN STEP	2026-10-04T00:04:16.6827602Z test duplex::product_relay::tests::replacement_held_inbox_obeys_global_byte_limit_and_refills_after_drop ... ok
Rust checks	UNKNOWN STEP	2026-10-04T00:04:16.6925584Z test duplex::product_relay::tests::replacement_held_inboxes_remain_globally_counted_until_drop_or_recv ... ok
Rust checks	UNKNOWN STEP	2026-10-04T00:04:16.7000112Z test duplex::product_relay::tests::session_cap_allows_replacement_and_stale_session_releases_capacity ... ok
Rust checks	UNKNOWN STEP	2026-10-04T00:04:16.7050556Z test duplex::product_relay::tests::shutdown_keeps_real_payload_counted_until_inbox_drop ... ok
Rust checks	UNKNOWN STEP	2026-10-04T00:04:16.7341367Z test duplex::product_relay::tests::source_budget_tracking_is_hard_bounded_under_identity_churn ... ok
Rust checks	UNKNOWN STEP	2026-10-04T00:04:16.7449234Z test duplex::product_relay::tests::stale_replaced_session_cannot_send ... ok
Rust checks	UNKNOWN STEP	2026-10-04T00:04:17.3218785Z test duplex::product_relay_client::pipeline::tests::actual_tls_close_notify_delivers_complete_last_event_but_rejects_partial_ws ... ok
Rust checks	UNKNOWN STEP	2026-10-04T00:04:18.0667988Z test duplex::product_relay_client::pipeline::tests::duplicate_and_mismatched_outcomes_are_terminal_not_another_ticket_completion ... ok
Rust checks	UNKNOWN STEP	2026-10-04T00:04:18.3228575Z test duplex::product_relay_client::pipeline::tests::handshake_is_single_flight_while_data_remains_pipelineable ... ok
Rust checks	UNKNOWN STEP	2026-10-04T00:04:18.8264352Z test duplex::product_relay_client::pipeline::tests::incremental_partial_write_failure_never_resends_or_completes_an_obligation ... ok
Rust checks	UNKNOWN STEP	2026-10-04T00:04:19.0790854Z test duplex::product_relay_client::pipeline::tests::metadata_capacity_and_oldest_deadline_remain_bounded_without_ack ... ok
Rust checks	UNKNOWN STEP	2026-10-04T00:04:19.5754529Z test duplex::product_relay_client::pipeline::tests::partial_inbound_and_write_stall_deadlines_survive_other_progress ... ok
Rust checks	UNKNOWN STEP	2026-10-04T00:04:21.1154886Z test duplex::product_relay_client::pipeline::tests::real_worker_retains_originals_and_serves_inbound_before_reverse_order_acks ... ok
Rust checks	UNKNOWN STEP	2026-10-04T00:04:21.1156702Z test duplex::product_relay_client::pipeline::tests::real_wss_eight_large_inflight_forwards_receive_seven_deliveries_before_reverse_acks ... ignored, real socket backpressure/latency: run release --include-ignored --test-threads=1
Rust checks	UNKNOWN STEP	2026-10-04T00:04:21.1158204Z test duplex::product_relay_client::pipeline::tests::real_wss_large_read_progresses_during_unfinished_write_with_fixed_socket_buffers ... ignored, real socket backpressure/latency: run release --include-ignored --test-threads=1
Rust checks	UNKNOWN STEP	2026-10-04T00:04:21.3637349Z test duplex::product_relay_client::tests::authenticated_write_error_keeps_timeout_source_but_marks_it_terminal ... ok
Rust checks	UNKNOWN STEP	2026-10-04T00:04:21.8601856Z test duplex::product_relay_client::tests::authenticated_write_failure_cannot_retry_or_write_during_close ... ok
Rust checks	UNKNOWN STEP	2026-10-04T00:04:21.8602779Z test duplex::product_relay_client::tests::buffered_decoder_preserves_partial_websocket_frame_across_reads ... ok
Rust checks	UNKNOWN STEP	2026-10-04T00:04:21.9210210Z test duplex::product_relay_client::tests::client_handshake_deadline_is_not_reset_by_byte_progress ... ok
Rust checks	UNKNOWN STEP	2026-10-04T00:04:21.9211196Z test duplex::product_relay_client::tests::client_websocket_bounds_writes_and_rejects_masked_server_frames ... ok
Rust checks	UNKNOWN STEP	2026-10-04T00:04:21.9213273Z test duplex::product_relay_client::tests::client_websocket_length_boundaries_preserve_payload_and_next_frame ... ok
Rust checks	UNKNOWN STEP	2026-10-04T00:04:22.3417629Z test duplex::product_relay_client::tests::delayed_tls_upgrade_and_forward_outcome_outlive_idle_polls_without_desync ... ok
Rust checks	UNKNOWN STEP	2026-10-04T00:04:23.8823461Z test duplex::product_relay_client::tests::delivery_window_consumes_returned_events_not_outcome_wait_buffering ... ok
Rust checks	UNKNOWN STEP	2026-10-04T00:04:24.3871374Z test duplex::product_relay_client::tests::delivery_window_credit_write_failure_and_counter_overflow_are_terminal ... ok
Rust checks	UNKNOWN STEP	2026-10-04T00:04:25.1312919Z test duplex::product_relay_client::tests::delivery_window_negotiation_rejects_wrong_size_and_legacy_messages ... ok
Rust checks	UNKNOWN STEP	2026-10-04T00:04:28.1342577Z test duplex::product_relay_client::tests::formal_client_establishes_peer_e2e_session_through_relay ... ok
Rust checks	UNKNOWN STEP	2026-10-04T00:04:28.1343735Z test duplex::product_relay_client::tests::forward_wait_event_buffer_enforces_count_and_wire_byte_caps ... ok
Rust checks	UNKNOWN STEP	2026-10-04T00:04:28.1749352Z test duplex::product_relay_client::tests::handshake_read_exact_keeps_partial_bytes_across_idle_socket_timeouts ... ok
Rust checks	UNKNOWN STEP	2026-10-04T00:04:28.1750267Z test duplex::product_relay_client::tests::heartbeat_health_measures_response_and_silence_is_terminal ... ok
Rust checks	UNKNOWN STEP	2026-10-04T00:04:28.4232354Z test duplex::product_relay_client::tests::implicit_tls_write_during_read_timeout_is_terminal_on_first_error ... ok
Rust checks	UNKNOWN STEP	2026-10-04T00:04:28.4233926Z test duplex::product_relay_client::tests::node_key_bound_tls_is_loopback_only_before_connect ... ok
Rust checks	UNKNOWN STEP	2026-10-04T00:04:28.7623790Z test duplex::product_relay_client::tests::ordinary_read_idle_still_allows_heartbeat_and_ack ... ok
Rust checks	UNKNOWN STEP	2026-10-04T00:04:29.0918035Z test duplex::product_relay_client::tests::outcome_absolute_timeout_is_terminal_and_restores_idle_read_scope ... ok
Rust checks	UNKNOWN STEP	2026-10-04T00:04:29.3603474Z test duplex::product_relay_client::tests::partial_inbound_frame_deadline_survives_idle_and_outbound_heartbeat ... ok
Rust checks	UNKNOWN STEP	2026-10-04T00:04:29.6087296Z test duplex::product_relay_client::tests::ping_reply_write_timeout_is_not_read_idle ... ok
Rust checks	UNKNOWN STEP	2026-10-04T00:04:29.8570011Z test duplex::product_relay_client::tests::prefetched_inbound_deadline_is_not_reset_by_outbound_completion ... ok
Rust checks	UNKNOWN STEP	2026-10-04T00:04:29.8571029Z test duplex::product_relay_client::tests::protocol_item_control_frames_and_wall_clock_are_bounded ... ok
Rust checks	UNKNOWN STEP	2026-10-04T00:04:30.2784724Z test duplex::product_relay_client::tests::real_tls_upgrade_rejects_missing_duplicate_or_other_subprotocol_before_identity ... ok
Rust checks	UNKNOWN STEP	2026-10-04T00:04:30.7834456Z test duplex::product_relay_client::tests::real_wss_compact_session_rejects_legacy_json_delivery_for_both_client_apis ... ok
Rust checks	UNKNOWN STEP	2026-10-04T00:04:31.5991064Z test duplex::product_relay_client::tests::real_wss_multiple_forwards_progress_before_first_outcome ... ok
Rust checks	UNKNOWN STEP	2026-10-04T00:04:31.5991650Z test duplex::product_relay_client::tests::reconnect_state_is_bounded_after_failures ... ok
Rust checks	UNKNOWN STEP	2026-10-04T00:04:31.5993332Z test duplex::product_relay_client::tests::successful_short_socket_write_reports_progress_before_terminal_deadline ... ok
Rust checks	UNKNOWN STEP	2026-10-04T00:04:31.5996352Z test duplex::product_relay_client::tests::successful_socket_read_preserves_progress_on_deadline_or_restore_failure ... ok
Rust checks	UNKNOWN STEP	2026-10-04T00:04:31.5998490Z test duplex::product_relay_client::tests::websocket_upgrade_accepts_case_insensitive_header_names_and_connection_tokens ... ok
Rust checks	UNKNOWN STEP	2026-10-04T00:04:31.6001403Z test duplex::product_relay_client::tests::websocket_upgrade_rejects_status_prefix_accept_alias_suffix_duplicate_and_missing_tokens ... ok
Rust checks	UNKNOWN STEP	2026-10-04T00:04:31.6002375Z test duplex::product_relay_daemon::connection::tests::pending_reply_deadlines_are_original_absolute_and_not_fifo_assumptions ... ok
Rust checks	UNKNOWN STEP	2026-10-04T00:04:31.6046825Z test duplex::product_relay_daemon::connection::tests::reply_count_and_actual_owned_bytes_are_bounded_without_partial_admission ... ok
Rust checks	UNKNOWN STEP	2026-10-04T00:04:31.6064914Z test duplex::product_relay_daemon::pump::tests::completed_frame_flush_watermark_excludes_later_tls_key_update ... ok
Rust checks	UNKNOWN STEP	2026-10-04T00:04:31.6079553Z test duplex::product_relay_daemon::pump::tests::completed_prefix_advances_timestamp_but_append_never_refreshes_unread_prefix ... ok
Rust checks	UNKNOWN STEP	2026-10-04T00:04:31.6106264Z test duplex::product_relay_daemon::pump::tests::consumed_frame_keeps_its_deadline_after_read_timer_advances ... ok
Rust checks	UNKNOWN STEP	2026-10-04T00:04:31.6167611Z test duplex::product_relay_daemon::pump::tests::independent_expired_read_write_stall_and_queued_response_remain_terminal ... ok
Rust checks	UNKNOWN STEP	2026-10-04T00:04:31.6174739Z test duplex::product_relay_daemon::pump::tests::initial_tls_plaintext_inherits_handshake_deadline_without_refresh ... ok
Rust checks	UNKNOWN STEP	2026-10-04T00:04:31.6189337Z test duplex::product_relay_daemon::pump::tests::masked_frame_preflight_shares_strict_parser_and_bounds ... ok
Rust checks	UNKNOWN STEP	2026-10-04T00:04:31.6203873Z test duplex::product_relay_daemon::pump::tests::plaintext_storage_and_timestamp_metadata_are_bounded ... ok
Rust checks	UNKNOWN STEP	2026-10-04T00:04:31.6218786Z test duplex::product_relay_daemon::pump::tests::real_tls_close_notify_delivers_all_complete_frames_then_terminates ... ok
Rust checks	UNKNOWN STEP	2026-10-04T00:04:31.6234003Z test duplex::product_relay_daemon::pump::tests::real_tls_close_notify_rejects_partial_websocket_frame ... ok
Rust checks	UNKNOWN STEP	2026-10-04T00:04:31.6249225Z test duplex::product_relay_daemon::pump::tests::real_tls_completed_frame_does_not_clear_next_partial_record_deadline ... ok
Rust checks	UNKNOWN STEP	2026-10-04T00:04:31.6266176Z test duplex::product_relay_daemon::pump::tests::real_tls_incremental_control_exact_wire_and_quantum_no_implicit_complete_io ... ok
Rust checks	UNKNOWN STEP	2026-10-04T00:04:31.6282087Z test duplex::product_relay_daemon::pump::tests::real_tls_key_update_during_partial_websocket_keeps_original_deadline ... ok
Rust checks	UNKNOWN STEP	2026-10-04T00:04:31.6297397Z test duplex::product_relay_daemon::pump::tests::real_tls_only_key_update_does_not_start_a_phantom_websocket_deadline ... ok
Rust checks	UNKNOWN STEP	2026-10-04T00:04:31.6337114Z test duplex::product_relay_daemon::pump::tests::real_tls_partial_or_indeterminate_write_is_terminal_without_retransmit ... ok
Rust checks	UNKNOWN STEP	2026-10-04T00:04:31.6351043Z test duplex::product_relay_daemon::pump::tests::shutdown_poison_is_shared_and_does_not_write_a_new_frame ... ok
Rust checks	UNKNOWN STEP	2026-10-04T00:04:31.6352185Z test duplex::product_relay_daemon::pump::tests::tls_record_tracker_retains_split_header_body_and_advances_only_on_completion ... ok
Rust checks	UNKNOWN STEP	2026-10-04T00:04:31.6455678Z test duplex::product_relay_daemon::tests::absolute_handshake_deadline_is_not_reset_by_byte_progress ... ok
Rust checks	UNKNOWN STEP	2026-10-04T00:04:31.6458955Z test duplex::product_relay_daemon::tests::carrier_negotiation_rejects_legacy_before_reading_identity_or_writing_success ... ok
Rust checks	UNKNOWN STEP	2026-10-04T00:04:31.6459875Z test duplex::product_relay_daemon::tests::completed_frame_can_advance_to_the_remaining_prefetch_timestamp ... ok
Rust checks	UNKNOWN STEP	2026-10-04T00:04:33.1558155Z test duplex::product_relay_daemon::tests::daemon_authenticates_nodes_and_forwards_only_opaque_e2e_ciphertext ... ok
Rust checks	UNKNOWN STEP	2026-10-04T00:04:33.1762518Z test duplex::product_relay_daemon::tests::daemon_bad_json_or_credit_closes_before_following_heartbeat_and_releases_guard ... ok
Rust checks	UNKNOWN STEP	2026-10-04T00:04:33.3388227Z test duplex::product_relay_daemon::tests::daemon_configured_duration_still_stops_without_external_request ... ok
Rust checks	UNKNOWN STEP	2026-10-04T00:04:33.3389221Z test duplex::product_relay_daemon::tests::daemon_dispatches_inbound_application_while_large_delivery_is_write_blocked ... ignored, real socket backpressure and original 100ms write budget: run release --include-ignored --test-threads=1
Rust checks	UNKNOWN STEP	2026-10-04T00:04:33.3904062Z test duplex::product_relay_daemon::tests::daemon_encoded_delivery_failure_releases_guard_but_cannot_revive_tls ... ok
Rust checks	UNKNOWN STEP	2026-10-04T00:04:33.4075152Z test duplex::product_relay_daemon::tests::daemon_encoded_delivery_preserves_exact_wire_and_holds_quota_through_real_tls_flush ... ok
Rust checks	UNKNOWN STEP	2026-10-04T00:04:33.4264479Z test duplex::product_relay_daemon::tests::daemon_encoded_delivery_rechecks_replaced_session_before_any_write ... ok
Rust checks	UNKNOWN STEP	2026-10-04T00:04:33.4454340Z test duplex::product_relay_daemon::tests::daemon_encoded_delivery_replacement_during_write_keeps_old_guard_not_new_session_quota ... ok
Rust checks	UNKNOWN STEP	2026-10-04T00:04:33.4739047Z test duplex::product_relay_daemon::tests::daemon_encoded_inbox_idle_and_fair_service_keep_both_lane_guards_until_write ... ok
Rust checks	UNKNOWN STEP	2026-10-04T00:04:33.6019273Z test duplex::product_relay_daemon::tests::daemon_external_shutdown_interrupts_idle_handshake_and_joins_worker ... ok
Rust checks	UNKNOWN STEP	2026-10-04T00:04:33.6279611Z test duplex::product_relay_daemon::tests::daemon_external_shutdown_without_duration_or_clients_is_joined ... ok
Rust checks	UNKNOWN STEP	2026-10-04T00:04:33.6887323Z test duplex::product_relay_daemon::tests::daemon_lower_stream_deadline_is_not_reset_by_tls_record_progress ... ok
Rust checks	UNKNOWN STEP	2026-10-04T00:04:33.8118417Z test duplex::product_relay_daemon::tests::daemon_report_failure_stops_and_joins_existing_idle_connection ... ok
Rust checks	UNKNOWN STEP	2026-10-04T00:04:33.8136283Z test duplex::product_relay_daemon::tests::daemon_tls_indeterminate_write_is_terminal_without_duplicate_ciphertext ... ok
Rust checks	UNKNOWN STEP	2026-10-04T00:04:33.8150791Z test duplex::product_relay_daemon::tests::daemon_tls_non_idle_read_error_is_permanently_terminal ... ok
Rust checks	UNKNOWN STEP	2026-10-04T00:04:33.8166257Z test duplex::product_relay_daemon::tests::daemon_tls_post_read_deadline_preserves_received_bytes_and_cannot_revive ... ok
Rust checks	UNKNOWN STEP	2026-10-04T00:04:33.8180894Z test duplex::product_relay_daemon::tests::daemon_tls_post_write_deadline_preserves_progress_and_cannot_revive ... ok
Rust checks	UNKNOWN STEP	2026-10-04T00:04:33.8247140Z test duplex::product_relay_daemon::tests::daemon_tls_read_idle_remains_usable_for_real_authenticated_traffic ... ok
Rust checks	UNKNOWN STEP	2026-10-04T00:04:33.8261855Z test duplex::product_relay_daemon::tests::daemon_tls_zero_progress_write_timeout_is_terminal_without_retry ... ok
Rust checks	UNKNOWN STEP	2026-10-04T00:04:33.8290620Z test duplex::product_relay_daemon::tests::daemon_websocket_length_boundaries_preserve_payload_and_next_frame ... ok
Rust checks	UNKNOWN STEP	2026-10-04T00:04:33.8353450Z test duplex::product_relay_daemon::tests::daemon_websocket_payload_is_written_from_original_slice_after_fixed_header ... ok
Rust checks	UNKNOWN STEP	2026-10-04T00:04:38.5984447Z test duplex::product_relay_daemon::tests::delayed_request_cannot_receive_unbounded_egress_before_its_outcome ... ok
Rust checks	UNKNOWN STEP	2026-10-04T00:04:38.5985541Z test duplex::product_relay_daemon::tests::delivery_window_is_cumulative_not_refilled_by_idle_or_duplicate_credit ... ok
Rust checks	UNKNOWN STEP	2026-10-04T00:04:38.5987119Z test duplex::product_relay_daemon::tests::expired_partial_lower_stream_deadline_closes_instead_of_hot_looping ... ok
Rust checks	UNKNOWN STEP	2026-10-04T00:04:38.5988068Z test duplex::product_relay_daemon::tests::idle_connection_tick_bounds_inbox_delivery_after_request_timeout ... ok
Rust checks	UNKNOWN STEP	2026-10-04T00:04:38.5988982Z test duplex::product_relay_daemon::tests::omitted_connection_limit_preserves_legacy_large_session_configs ... ok
Rust checks	UNKNOWN STEP	2026-10-04T00:04:38.5989785Z test duplex::product_relay_daemon::tests::physical_connection_admission_is_bounded_and_recoverable ... ok
Rust checks	UNKNOWN STEP	2026-10-04T00:04:38.5990641Z test duplex::product_relay_daemon::tests::prefetched_tls_bytes_keep_their_original_deadline_across_outer_clear ... ok
Rust checks	UNKNOWN STEP	2026-10-04T00:04:38.5991883Z test duplex::product_relay_daemon::tests::real_tcp_inbox_notification_interrupts_five_second_idle_read ... ignored, real read-wake deadline regression; run release with --include-ignored --test-threads=1
Rust checks	UNKNOWN STEP	2026-10-04T00:04:38.5993113Z test duplex::product_relay_daemon::tests::relay_runtime_config_applies_explicit_limits ... ok
Rust checks	UNKNOWN STEP	2026-10-04T00:04:38.6135620Z test duplex::product_relay_daemon::tests::sender_outcomes_precede_one_fair_egress_item_per_request ... ok
Rust checks	UNKNOWN STEP	2026-10-04T00:04:38.6136350Z test duplex::product_relay_daemon::tests::websocket_binary_and_masking_round_trip ... ok
Rust checks	UNKNOWN STEP	2026-10-04T00:04:38.6138115Z test duplex::product_relay_daemon::tests::websocket_upgrade_requires_rfc6455_headers_and_fresh_key_shape ... ok
Rust checks	UNKNOWN STEP	2026-10-04T00:04:38.6143238Z test duplex::product_relay_daemon::tests::websocket_write_bounds_data_and_control_before_io ... ok
Rust checks	UNKNOWN STEP	2026-10-04T00:04:38.7503577Z test duplex::product_relay_io::tests::backpressure_readiness_rearms_and_never_duplicates_progress ... ok
Rust checks	UNKNOWN STEP	2026-10-04T00:04:38.7505542Z test duplex::product_relay_io::tests::both_production_socket_directions_disable_nagle_before_tls ... ok
Rust checks	UNKNOWN STEP	2026-10-04T00:04:38.7508867Z test duplex::product_relay_io::tests::buffered_read_precedes_wake_and_eof_does_not_close_write_direction ... ok
Rust checks	UNKNOWN STEP	2026-10-04T00:04:38.7661860Z test duplex::product_relay_io::tests::fixed_budget_survives_spurious_and_interrupted_operations ... ok
Rust checks	UNKNOWN STEP	2026-10-04T00:04:38.7815363Z test duplex::product_relay_io::tests::pre_read_wakes_coalesce_without_losing_the_next_notification ... ok
Rust checks	UNKNOWN STEP	2026-10-04T00:04:38.7817708Z test duplex::product_relay_io::tests::queued_bytes_are_read_before_eof ... ok
Rust checks	UNKNOWN STEP	2026-10-04T00:04:38.7820596Z test duplex::product_relay_io::tests::queued_work_wakes_a_real_blocked_read_without_waiting_for_timeout ... ok
Rust checks	UNKNOWN STEP	2026-10-04T00:04:38.7821634Z test duplex::product_relay_io::tests::read_ahead_byte_and_metadata_limits_stop_read_polling_at_real_backpressure ... ignored, real socket backpressure timing; run release with --include-ignored --test-threads=1
Rust checks	UNKNOWN STEP	2026-10-04T00:04:38.7822800Z test duplex::product_relay_io::tests::read_ahead_timestamps_follow_consumed_chunks_and_do_not_refresh_old_bytes ... ok
Rust checks	UNKNOWN STEP	2026-10-04T00:04:38.8230641Z test duplex::product_relay_io::tests::repeated_idle_and_direction_switches_preserve_exact_bytes ... ok
Rust checks	UNKNOWN STEP	2026-10-04T00:04:38.8231802Z test duplex::product_relay_io::tests::simultaneous_large_socket_writes_drain_exact_opposite_bytes ... ignored, real socket duplex timing; run release with --include-ignored --test-threads=1
Rust checks	UNKNOWN STEP	2026-10-04T00:04:38.8232923Z test duplex::product_relay_io::tests::timeout_settings_and_empty_io_preserve_contract ... ok
Rust checks	UNKNOWN STEP	2026-10-04T00:04:38.8233811Z test duplex::product_relay_wire::tests::binary_preflight_borrows_until_all_lengths_utf8_and_tail_are_valid ... ok
Rust checks	UNKNOWN STEP	2026-10-04T00:04:38.8234986Z test duplex::product_relay_wire::tests::binary_v2_fixed_golden_bytes_pin_field_order_endianness_and_ciphertext ... ok
Rust checks	UNKNOWN STEP	2026-10-04T00:04:38.9232832Z test duplex::product_relay_wire::tests::control_json_serialization_and_deserialization_keep_the_existing_wire_bound ... ok
Rust checks	UNKNOWN STEP	2026-10-04T00:04:38.9235296Z test duplex::product_relay_wire::tests::every_binary_truncation_and_wrong_magic_tag_or_suffix_is_rejected ... ok
Rust checks	UNKNOWN STEP	2026-10-04T00:04:38.9244728Z test duplex::product_relay_wire::tests::every_control_variant_keeps_its_existing_json_bytes_and_fields ... ok
Rust checks	UNKNOWN STEP	2026-10-04T00:04:38.9245832Z test duplex::product_relay_wire::tests::every_field_round_trips_without_adding_version_route_or_identifier_policy ... ok
Rust checks	UNKNOWN STEP	2026-10-04T00:04:38.9247074Z test duplex::product_relay_wire::tests::every_variable_field_rejects_bad_lengths_and_each_identifier_rejects_bad_utf8 ... ok
Rust checks	UNKNOWN STEP	2026-10-04T00:04:38.9325209Z test duplex::product_relay_wire::tests::exact_wire_limit_is_inclusive_and_ciphertext_is_not_json_expanded ... ok
Rust checks	UNKNOWN STEP	2026-10-04T00:04:38.9328171Z test duplex::product_relay_wire::tests::old_json_data_and_delivery_are_rejected_including_escaped_and_reordered_kind ... ok
Rust checks	UNKNOWN STEP	2026-10-04T00:04:38.9329563Z test duplex::worker::outbound::tests::all_in_flight_or_ineligible_or_expired_queues_do_not_request_another_wake ... ok
Rust checks	UNKNOWN STEP	2026-10-04T00:04:38.9330607Z test duplex::worker::outbound::tests::connection_cleanup_preserves_originals_ids_deadlines_and_budgets ... ok
Rust checks	UNKNOWN STEP	2026-10-04T00:04:38.9331558Z test duplex::worker::outbound::tests::expiry_skips_in_flight_but_removes_ready_entries_behind_it ... ok
Rust checks	UNKNOWN STEP	2026-10-04T00:04:38.9332313Z test duplex::worker::outbound::tests::failed_admission_does_not_consume_ids_and_exhausted_ids_never_wrap ... ok
Rust checks	UNKNOWN STEP	2026-10-04T00:04:38.9333045Z test duplex::worker::outbound::tests::fair_turns_skip_reserved_fronts_without_reusing_a_tag ... ok
Rust checks	UNKNOWN STEP	2026-10-04T00:04:38.9333843Z test duplex::worker::outbound::tests::out_of_order_outcomes_remove_only_the_exact_reserved_original ... ok
Rust checks	UNKNOWN STEP	2026-10-04T00:04:38.9334683Z test duplex::worker::outbound::tests::rejection_keeps_original_timestamp_and_does_not_undo_later_acceptance ... ok
Rust checks	UNKNOWN STEP	2026-10-04T00:04:38.9335531Z test duplex::worker::outbound::tests::reservations_stay_charged_against_global_and_peer_count_and_byte_limits ... ok
Rust checks	UNKNOWN STEP	2026-10-04T00:04:38.9336269Z test duplex::worker::outbound::tests::wrong_peer_id_or_tag_cannot_release_budget_or_mutate_a_reservation ... ok
Rust checks	UNKNOWN STEP	2026-10-04T00:04:38.9375989Z test duplex::worker::session::tests::authenticated_response_before_offer_outcome_does_not_reset_activated_sequence ... ok
Rust checks	UNKNOWN STEP	2026-10-04T00:04:38.9412329Z test duplex::worker::session::tests::inflight_ttl_keeps_original_charged_until_late_exact_outcome ... ok
Rust checks	UNKNOWN STEP	2026-10-04T00:04:38.9449934Z test duplex::worker::session::tests::late_handshake_rejection_drains_data_without_undoing_accepted_original ... ok
Rust checks	UNKNOWN STEP	2026-10-04T00:04:38.9520821Z test duplex::worker::session::tests::old_generation_outcomes_settle_only_old_originals_without_isolating_replacement ... ok
Rust checks	UNKNOWN STEP	2026-10-04T00:04:38.9559270Z test duplex::worker::session::tests::rejected_first_outcome_does_not_undo_already_accepted_successors ... ok
Rust checks	UNKNOWN STEP	2026-10-04T00:04:38.9596318Z test duplex::worker::session::tests::unknown_or_duplicate_ticket_never_removes_an_unrelated_original ... ok
Rust checks	UNKNOWN STEP	2026-10-04T00:04:38.9599898Z test duplex::worker::tests::configured_limits_and_peer_pins_are_checked_before_thread_spawn ... ok
Rust checks	UNKNOWN STEP	2026-10-04T00:04:38.9713228Z test duplex::worker::tests::e2e_receive_rejects_wrong_chain_domain_replay_and_stale_generation_without_reset ... ok
Rust checks	UNKNOWN STEP	2026-10-04T00:04:38.9714846Z test duplex::worker::tests::fair_queue_turns_do_not_starve_other_peers_and_expiry_releases_both_budgets ... ok
Rust checks	UNKNOWN STEP	2026-10-04T00:04:38.9790525Z test duplex::worker::tests::inbound_full_is_explicitly_counted_and_other_peer_keeps_budget ... ok
Rust checks	UNKNOWN STEP	2026-10-04T00:04:38.9792668Z test duplex::worker::tests::outbound_rejection_and_stop_return_payload_without_false_ack ... ok
Rust checks	UNKNOWN STEP	2026-10-04T00:04:38.9794614Z test duplex::worker::tests::poisoned_status_is_fatal_not_retryable_contention ... ok
Rust checks	UNKNOWN STEP	2026-10-04T00:04:38.9834226Z test duplex::worker::tests::preauth_accepts_only_exact_pending_session_and_is_bounded ... ok
Rust checks	UNKNOWN STEP	2026-10-04T00:04:38.9836805Z test duplex::worker::tests::queue_admission_and_waker_registration_cover_both_orders_and_replacement ... ok
Rust checks	UNKNOWN STEP	2026-10-04T00:04:38.9839892Z test duplex::worker::tests::queue_admission_returns_original_on_count_bytes_peer_and_contention_pressure ... ok
Rust checks	UNKNOWN STEP	2026-10-04T00:04:38.9840643Z test duplex::worker::tests::real_wss_outbound_admission_wakes_a_known_idle_socket_read ... ignored, real WSS read-wake timing; run release with --include-ignored --test-threads=1
Rust checks	UNKNOWN STEP	2026-10-04T00:04:38.9841724Z test duplex::worker::tests::real_wss_queued_payload_burst_does_not_pay_idle_read_timeout_per_message ... ignored, real WSS latency regression; run release with --include-ignored --test-threads=1
Rust checks	UNKNOWN STEP	2026-10-04T00:04:38.9842722Z test duplex::worker::tests::real_wss_replacement_rebinds_outbound_wake_and_ignores_late_old_notification ... ignored, real WSS connection-generation regression; run release with --include-ignored --test-threads=1
Rust checks	UNKNOWN STEP	2026-10-04T00:04:39.0598721Z test duplex::worker::tests::real_wss_three_worker_duplex_and_peer_restart_preserve_healthy_session ... ok
Rust checks	UNKNOWN STEP	2026-10-04T00:04:39.0599590Z test duplex::worker::tests::real_wss_three_worker_large_duplex_fanin_crosses_delivery_windows_without_loss ... ignored, real WSS large-frame regression; run release with --include-ignored --test-threads=1
Rust checks	UNKNOWN STEP	2026-10-04T00:04:39.0637013Z test duplex::worker::tests::recv_rearm_requires_live_work_on_the_actual_active_peer_without_changing_fair_turn ... ok
Rust checks	UNKNOWN STEP	2026-10-04T00:04:39.0639754Z test duplex::worker::tests::start_and_queue_admission_do_not_wait_on_stalled_relay_handshake ... ok
Rust checks	UNKNOWN STEP	2026-10-04T00:04:39.0641911Z test duplex::worker::tests::status_contention_is_retryable_without_mutating_queue_or_snapshot ... ok
Rust checks	UNKNOWN STEP	2026-10-04T00:04:39.0642370Z 
Rust checks	UNKNOWN STEP	2026-10-04T00:04:39.0642698Z test result: ok. 202 passed; 0 failed; 10 ignored; 0 measured; 488 filtered out; finished in 22.93s
Rust checks	UNKNOWN STEP	2026-10-04T00:04:39.0643139Z 
Rust checks	UNKNOWN STEP	2026-10-04T00:04:39.0995461Z ^[[1m^[[33mwarning^[[0m: /home/runner/work/supervm/supervm/crates/novovm-node/Cargo.toml: file `/home/runner/work/supervm/supervm/crates/novovm-node/src/bin/supervm-native-pipeline-cross-machine-udp-soak.rs` found to be present in multiple build targets:
Rust checks	UNKNOWN STEP	2026-10-04T00:04:39.0996419Z   * `bin` target `supervm-native-pipeline-cross-machine-udp-soak`
Rust checks	UNKNOWN STEP	2026-10-04T00:04:39.0996951Z   * `bin` target `supervm-native-pipeline-cross-machine-fault-udp-soak`
Rust checks	UNKNOWN STEP	2026-10-04T00:04:39.0997329Z   * `bin` target `supervm-native-pipeline-cross-machine-sustained-soak`
Rust checks	UNKNOWN STEP	2026-10-04T00:04:39.0997676Z   * `bin` target `supervm-native-pipeline-memory-bisect-gate`
Rust checks	UNKNOWN STEP	2026-10-04T00:04:39.2112356Z ^[[1m^[[92m    Finished^[[0m `test` profile [unoptimized + debuginfo] target(s) in 0.12s
Rust checks	UNKNOWN STEP	2026-10-04T00:04:39.2175486Z ^[[1m^[[92m     Running^[[0m unittests src/lib.rs (target/runtime-rebuild/debug/deps/novovm_node-8ed10d0afdf94e9a)
Rust checks	UNKNOWN STEP	2026-10-04T00:04:39.2225271Z 
Rust checks	UNKNOWN STEP	2026-10-04T00:04:39.2225469Z running 425 tests
Rust checks	UNKNOWN STEP	2026-10-04T00:04:39.2229794Z test native_pipeline::business::direct_nov_fee::tests::asset_aliases_preserve_wire_projection_and_other_assets_fail_without_effects ... ok
Rust checks	UNKNOWN STEP	2026-10-04T00:04:39.2233010Z test native_pipeline::business::direct_nov_fee::tests::business_failure_self_transfer_and_fee_failure_compose_without_a_second_fee_debit ... ok
Rust checks	UNKNOWN STEP	2026-10-04T00:04:39.2472766Z test native_pipeline::business::direct_nov_fee::tests::deterministic_ordered_settlement_matches_small_frozen_reference_across_2048_cases ... ok
Rust checks	UNKNOWN STEP	2026-10-04T00:04:39.2474361Z test native_pipeline::business::direct_nov_fee::tests::each_fee_rounds_separately_risk_gets_remainder_and_nov_bypasses_non_nov_gates ... ok
Rust checks	UNKNOWN STEP	2026-10-04T00:04:39.2475791Z test native_pipeline::business::direct_nov_fee::tests::every_monetary_and_sequence_overflow_is_checked_before_any_debit ... ok
Rust checks	UNKNOWN STEP	2026-10-04T00:04:39.2477106Z test native_pipeline::business::direct_nov_fee::tests::exact_u128_and_sequence_maxima_are_valid_without_truncating_money ... ok
Rust checks	UNKNOWN STEP	2026-10-04T00:04:39.2478429Z test native_pipeline::business::direct_nov_fee::tests::insufficient_payer_precedes_capacity_failure_and_does_not_insert_absent_treasury_leaves ... ok
Rust checks	UNKNOWN STEP	2026-10-04T00:04:39.2543751Z test native_pipeline::business::direct_nov_fee::tests::journal_effects_are_per_transaction_and_do_not_accumulate_history_in_fee_state ... ok
Rust checks	UNKNOWN STEP	2026-10-04T00:04:39.2544759Z test native_pipeline::business::direct_nov_fee::tests::paused_settlement_refreshes_window_and_quote_before_rejecting_and_precedes_expiry ... ok
Rust checks	UNKNOWN STEP	2026-10-04T00:04:39.2547252Z test native_pipeline::business::direct_nov_fee::tests::policy_and_state_codec_are_explicit_bounded_and_do_not_invent_fallback ... ok
Rust checks	UNKNOWN STEP	2026-10-04T00:04:39.2548794Z test native_pipeline::business::direct_nov_fee::tests::prepared_quotes_validate_every_fee_metadata_field_before_any_effects ... ok
Rust checks	UNKNOWN STEP	2026-10-04T00:04:39.2550243Z test native_pipeline::business::direct_nov_fee::tests::quote_expiry_is_strict_and_zero_ttl_and_synthetic_extremes_preserve_old_rules ... ok
Rust checks	UNKNOWN STEP	2026-10-04T00:04:39.2551368Z test native_pipeline::business::direct_nov_fee::tests::quote_failure_does_not_refresh_day_or_erase_previous_successful_quote ... ok
Rust checks	UNKNOWN STEP	2026-10-04T00:04:39.2552422Z test native_pipeline::business::direct_nov_fee::tests::quote_preserves_frozen_transfer_projection_cost_and_unsigned_cap_sentinel ... ok
Rust checks	UNKNOWN STEP	2026-10-04T00:04:39.2554043Z test native_pipeline::business::direct_nov_fee::tests::successful_fee_preserves_old_clearing_failure_and_saturating_diagnostic_counts ... ok
Rust checks	UNKNOWN STEP	2026-10-04T00:04:39.2604681Z test native_pipeline::business::nov_transfer_batch::body_tests::bind_preserves_all_original_domain_shape_rejections ... ok
Rust checks	UNKNOWN STEP	2026-10-04T00:04:39.2972828Z test native_pipeline::business::nov_transfer_batch::body_tests::body_bind_and_compatibility_compile_match_original_plan_and_complete_effects ... ok
Rust checks	UNKNOWN STEP	2026-10-04T00:04:39.2978272Z test native_pipeline::business::nov_transfer_batch::body_tests::compiler_owns_original_policy_and_signed_bytes_and_is_send ... ok
Rust checks	UNKNOWN STEP	2026-10-04T00:04:39.3149350Z test native_pipeline::business::nov_transfer_batch::body_tests::each_parent_requires_new_exact_capture_and_nonce_is_not_preapproved ... ok
Rust checks	UNKNOWN STEP	2026-10-04T00:04:39.3150982Z test native_pipeline::business::nov_transfer_batch::body_tests::native_apfl_views_match_raw_execution_failures_fees_nonce_and_proof_input ... ignored, requires explicit NOVOVM_AOEM_TEST_LIBRARY; structured input parity, not TPS
Rust checks	UNKNOWN STEP	2026-10-04T00:04:39.3155343Z test native_pipeline::business::nov_transfer_batch::body_tests::native_body_capture_matches_original_compiler_for_each_exact_parent ... ignored, requires explicit NOVOVM_AOEM_TEST_LIBRARY; parent-bound economic component, not chain TPS
Rust checks	UNKNOWN STEP	2026-10-04T00:04:39.3181387Z test native_pipeline::business::nov_transfer_batch::body_tests::plan_budget_boundaries_match_canonical_constructor_without_relaxation ... ok
Rust checks	UNKNOWN STEP	2026-10-04T00:04:39.3193515Z test native_pipeline::business::nov_transfer_batch::body_tests::signed_fields_cannot_be_replaced_before_independent_preparation ... ok
Rust checks	UNKNOWN STEP	2026-10-04T00:04:39.3248475Z test native_pipeline::business::nov_transfer_batch::body_tests::unsupported_signed_assets_and_wrong_local_policies_do_not_prepare_or_bind ... ok
Rust checks	UNKNOWN STEP	2026-10-04T00:04:39.3291163Z test native_pipeline::business::nov_transfer_batch::body_tests::valid_context_fields_are_late_bound_but_all_change_the_commitment ... ok
Rust checks	UNKNOWN STEP	2026-10-04T00:04:39.3292275Z test native_pipeline::business::nov_transfer_batch::tests::credit_guard_checks_entire_possible_sum_before_relaxing_dependencies ... ok
Rust checks	UNKNOWN STEP	2026-10-04T00:04:39.3293461Z test native_pipeline::business::nov_transfer_batch::tests::serialized_accounts_cannot_bypass_exact_identity_width ... ok
Rust checks	UNKNOWN STEP	2026-10-04T00:04:39.3297213Z test native_pipeline::business::nov_transfer_batch::tests::shared_credit_is_not_a_conflict_but_payer_dependencies_are ... ok
Rust checks	UNKNOWN STEP	2026-10-04T00:04:39.3298250Z test native_pipeline::business::nov_transfer_batch::tests::signer_alias_dependency_is_independent_of_balance_account_width ... ok
Rust checks	UNKNOWN STEP	2026-10-04T00:04:39.3299403Z test native_pipeline::business::nov_transfer_batch::tests::transitive_dependencies_keep_original_order_without_assuming_contiguity ... ok
Rust checks	UNKNOWN STEP	2026-10-04T00:04:39.3300354Z test native_pipeline::business::nov_transfer_batch::tests::zero_and_self_transfers_have_no_unsafe_pure_credit_classification ... ok
Rust checks	UNKNOWN STEP	2026-10-04T00:04:39.3375420Z test native_pipeline::business::quoted_transfer::tests::bounded_exhaustive_small_values_preserve_failure_rules_and_conservation ... ok
Rust checks	UNKNOWN STEP	2026-10-04T00:04:39.3376721Z test native_pipeline::business::quoted_transfer::tests::economic_failures_charge_affordable_fee_and_consume_nonce ... ok
Rust checks	UNKNOWN STEP	2026-10-04T00:04:39.3377609Z test native_pipeline::business::quoted_transfer::tests::exact_account_width_and_owned_thread_bounds_are_preserved ... ok
Rust checks	UNKNOWN STEP	2026-10-04T00:04:39.3378966Z test native_pipeline::business::quoted_transfer::tests::exact_u128_maximum_is_allowed_but_overflow_is_never_saturated ... ok
Rust checks	UNKNOWN STEP	2026-10-04T00:04:39.3380093Z test native_pipeline::business::quoted_transfer::tests::fee_quote_cap_and_unaffordable_fee_consume_nonce_without_payment ... ok
Rust checks	UNKNOWN STEP	2026-10-04T00:04:39.3381304Z test native_pipeline::business::quoted_transfer::tests::global_rejection_restores_pre_fee_balances_not_nonce_or_dependent_predictions ... ok
Rust checks	UNKNOWN STEP	2026-10-04T00:04:39.3382412Z test native_pipeline::business::quoted_transfer::tests::invalid_nonce_and_state_are_errors_even_when_quote_was_rejected ... ok
Rust checks	UNKNOWN STEP	2026-10-04T00:04:39.3383422Z test native_pipeline::business::quoted_transfer::tests::last_nonce_is_checked_and_shared_signer_does_not_alias_balance_accounts ... ok
Rust checks	UNKNOWN STEP	2026-10-04T00:04:39.3384518Z test native_pipeline::business::quoted_transfer::tests::ordered_pending_funding_checks_overflow_without_mutating_deltas ... ok
Rust checks	UNKNOWN STEP	2026-10-04T00:04:39.3385631Z test native_pipeline::business::quoted_transfer::tests::self_transfer_has_one_balance_and_requires_full_amount_plus_fee ... ok
Rust checks	UNKNOWN STEP	2026-10-04T00:04:39.3386825Z test native_pipeline::business::quoted_transfer::tests::success_matches_known_vector_and_does_not_mutate_inputs ... ok
Rust checks	UNKNOWN STEP	2026-10-04T00:04:39.3387886Z test native_pipeline::business::quoted_transfer::tests::zero_cap_is_literal_and_zero_amount_does_not_invent_a_fee_policy ... ok
Rust checks	UNKNOWN STEP	2026-10-04T00:04:39.3388917Z test native_pipeline::business::record_pages::tests::bad_profile_prefix_and_content_fail_before_source_read ... ok
Rust checks	UNKNOWN STEP	2026-10-04T00:04:39.3391877Z test native_pipeline::business::record_pages::tests::bounded_records_roundtrip_at_page_boundaries ... ok
Rust checks	UNKNOWN STEP	2026-10-04T00:04:39.3393678Z test native_pipeline::business::record_pages::tests::bounded_tail_reads_and_source_errors_never_return_successful_prefix ... ok
Rust checks	UNKNOWN STEP	2026-10-04T00:04:39.3394910Z test native_pipeline::business::record_pages::tests::declarations_cover_absent_tails_and_only_writable_pages_allow_delete ... ok
Rust checks	UNKNOWN STEP	2026-10-04T00:04:39.3395937Z test native_pipeline::business::record_pages::tests::missing_header_or_any_used_page_is_not_implicit_zero ... ok
Rust checks	UNKNOWN STEP	2026-10-04T00:04:39.3410138Z test native_pipeline::business::record_pages::tests::paged_record_shrinks_through_real_owned_frontier_and_tree_without_live_reads ... ok
Rust checks	UNKNOWN STEP	2026-10-04T00:04:39.3411303Z test native_pipeline::business::record_pages::tests::rejects_noncanonical_headers_pages_and_hidden_tail_even_when_empty ... ok
Rust checks	UNKNOWN STEP	2026-10-04T00:04:39.3412466Z test native_pipeline::business::record_pages::tests::shrink_explicitly_deletes_old_tail_and_exact_last_page_remains_canonical ... ok
Rust checks	UNKNOWN STEP	2026-10-04T00:04:39.3414448Z test native_pipeline::consensus::chain::replay_tests::head_check_rejects_rollback_and_replacement_but_allows_forward_progress ... ok
Rust checks	UNKNOWN STEP	2026-10-04T00:04:39.3416209Z test native_pipeline::consensus::chain::replay_tests::head_record_must_bind_full_ceiling_and_exact_archive_digest ... ok
Rust checks	UNKNOWN STEP	2026-10-04T00:04:39.3418188Z test native_pipeline::consensus::chain::replay_tests::historical_read_is_pinned_to_requested_height_and_fixed_domain ... ok
Rust checks	UNKNOWN STEP	2026-10-04T00:04:39.3428860Z test native_pipeline::consensus::chain::replay_tests::rehashed_outbox_cannot_authorize_bad_signature_wrong_value_or_prevote ... ok
Rust checks	UNKNOWN STEP	2026-10-04T00:04:39.3433811Z test native_pipeline::consensus::chain::replay_tests::replay_outbox_preserves_exact_verified_proposal_and_quorum ... ok
Rust checks	UNKNOWN STEP	2026-10-04T00:04:39.3435458Z test native_pipeline::consensus::chain::replay_tests::request_rejects_zero_future_height_missing_head_and_wrong_set ... ok
Rust checks	UNKNOWN STEP	2026-10-04T00:04:39.3469544Z test native_pipeline::consensus::chain::tests::archive_encoding_is_bounded_canonical_and_all_bytes_bound ... ok
Rust checks	UNKNOWN STEP	2026-10-04T00:04:39.3471458Z test native_pipeline::consensus::chain::tests::decision_identity_binds_value_and_all_context_but_not_local_proof_locator ... ok
Rust checks	UNKNOWN STEP	2026-10-04T00:04:39.3475780Z test native_pipeline::consensus::chain::tests::malformed_parent_height_version_and_decision_are_not_repaired ... ok
Rust checks	UNKNOWN STEP	2026-10-04T00:04:39.3482666Z test native_pipeline::consensus::channel::early_tests::apfl_owner_keeps_shared_structure_through_exact_parent_binding_and_cached_retry ... ok
Rust checks	UNKNOWN STEP	2026-10-04T00:04:39.3486051Z test native_pipeline::consensus::channel::early_tests::bind_owner_produces_exact_original_body_id_bytes_and_request ... ok
Rust checks	UNKNOWN STEP	2026-10-04T00:04:39.3489931Z test native_pipeline::consensus::channel::early_tests::bind_rejects_foreign_owner_and_non_early_handle_before_body_rebuild ... ok
Rust checks	UNKNOWN STEP	2026-10-04T00:04:39.3493647Z test native_pipeline::consensus::channel::early_tests::binding_reserves_old_allocation_plus_reply_until_consumed_without_blocking_control ... ok
Rust checks	UNKNOWN STEP	2026-10-04T00:04:39.3497119Z test native_pipeline::consensus::channel::early_tests::early_owner_preserves_raw_identity_and_regenerates_only_unverified_request ... ok
Rust checks	UNKNOWN STEP	2026-10-04T00:04:39.3502693Z test native_pipeline::consensus::channel::early_tests::early_receive_and_send_use_body_lane_while_bind_has_no_body_authority ... ok
Rust checks	UNKNOWN STEP	2026-10-04T00:04:39.3507803Z test native_pipeline::consensus::channel::early_tests::owner_rejects_wrong_early_scope_domain_and_binding_shape ... ok
Rust checks	UNKNOWN STEP	2026-10-04T00:04:39.3511562Z test native_pipeline::consensus::channel::early_tests::too_small_bind_budget_returns_original_and_can_retire_without_second_reply_charge ... ok
Rust checks	UNKNOWN STEP	2026-10-04T00:04:39.3530086Z test native_pipeline::consensus::channel::tests::blocked_large_body_does_not_prevent_small_control_send_and_ttl_releases_bytes ... ok
Rust checks	UNKNOWN STEP	2026-10-04T00:04:39.3540462Z test native_pipeline::consensus::channel::tests::cached_preparation_builds_new_owned_request_without_rehash_or_shared_request ... ok
Rust checks	UNKNOWN STEP	2026-10-04T00:04:39.3552016Z test native_pipeline::consensus::channel::tests::control_body_local_remote_and_outbound_use_independent_quotas ... ok
Rust checks	UNKNOWN STEP	2026-10-04T00:04:39.3565785Z test native_pipeline::consensus::channel::tests::expired_remote_body_is_reclaimed_on_owner_not_coordinator ... ok
Rust checks	UNKNOWN STEP	2026-10-04T00:04:39.3569899Z test native_pipeline::consensus::channel::tests::foreign_handles_unknown_peers_stop_and_contention_preserve_owned_payload ... ok
Rust checks	UNKNOWN STEP	2026-10-04T00:04:39.3573548Z test native_pipeline::consensus::channel::tests::ingress_prefix_rejects_bad_magic_version_kind_and_every_truncation ... ok
Rust checks	UNKNOWN STEP	2026-10-04T00:04:39.3576572Z test native_pipeline::consensus::channel::tests::invalid_ceiling_domain_and_lane_budget_fail_before_owner_start ... ok
Rust checks	UNKNOWN STEP	2026-10-04T00:04:39.3580586Z test native_pipeline::consensus::channel::tests::local_count_and_byte_reservations_cover_queued_processing_and_unclaimed_reply ... ok
Rust checks	UNKNOWN STEP	2026-10-04T00:04:39.3586297Z test native_pipeline::consensus::channel::tests::malformed_peer_input_releases_reservation_without_killing_local_work ... ok
Rust checks	UNKNOWN STEP	2026-10-04T00:04:39.3590710Z test native_pipeline::consensus::channel::tests::new_input_admission_is_constant_work_and_returns_original_on_contention ... ok
Rust checks	UNKNOWN STEP	2026-10-04T00:04:39.3610162Z test native_pipeline::consensus::channel::tests::owner_verifies_typed_evidence_and_rejects_wrong_domain_or_certificate ... ok
Rust checks	UNKNOWN STEP	2026-10-04T00:04:39.3614944Z test native_pipeline::consensus::channel::tests::raw_gossip_wrong_pinned_domain_rejected_before_consumer ... ok
Rust checks	UNKNOWN STEP	2026-10-04T00:04:39.3620707Z test native_pipeline::consensus::channel::tests::raw_ingress_peer_quota_preserves_other_peer_and_both_consensus_lanes ... ok
Rust checks	UNKNOWN STEP	2026-10-04T00:04:39.3624949Z test native_pipeline::consensus::channel::tests::raw_preparation_retirement_and_credit_cannot_consume_other_lane_reservations ... ok
Rust checks	UNKNOWN STEP	2026-10-04T00:04:39.4287302Z test native_pipeline::consensus::channel::tests::real_offline_peer_saturation_leaves_healthy_vote_delivery_before_ttl ... ok
Rust checks	UNKNOWN STEP	2026-10-04T00:04:39.7259824Z test native_pipeline::consensus::channel::tests::real_wss_owner_fragments_large_body_receives_typed_vote_and_survives_bad_peer ... ok
Rust checks	UNKNOWN STEP	2026-10-04T00:04:39.7279862Z test native_pipeline::consensus::channel::tests::resident_owner_prepares_and_retries_body_while_relay_is_offline ... ok
Rust checks	UNKNOWN STEP	2026-10-04T00:04:39.7286292Z test native_pipeline::consensus::channel::tests::resident_owner_reclaims_retirement_while_transport_is_offline ... ok
Rust checks	UNKNOWN STEP	2026-10-04T00:04:39.7290829Z test native_pipeline::consensus::channel::tests::retirement_backpressure_contention_and_stop_return_original_and_keep_lanes_independent ... ok
Rust checks	UNKNOWN STEP	2026-10-04T00:04:39.7294158Z test native_pipeline::consensus::channel::tests::retirement_bytes_stop_admission_before_item_limit_and_reuse_after_owner_drop ... ok
Rust checks	UNKNOWN STEP	2026-10-04T00:04:39.7303243Z test native_pipeline::consensus::channel::tests::retirement_last_body_reference_is_destroyed_only_by_owner_and_returns_quota ... ok
Rust checks	UNKNOWN STEP	2026-10-04T00:04:39.7318523Z test native_pipeline::consensus::channel::tests::saturated_receive_lane_is_rejected_before_body_decode_and_errors_release_charge ... ok
Rust checks	UNKNOWN STEP	2026-10-04T00:04:39.7321220Z test native_pipeline::consensus::channel::tests::send_peer_budget_configuration_rejects_impossible_reservations ... ok
Rust checks	UNKNOWN STEP	2026-10-04T00:04:39.7331567Z test native_pipeline::consensus::channel::tests::send_peer_count_and_byte_shares_cannot_consume_other_peer_or_other_lane ... ok
Rust checks	UNKNOWN STEP	2026-10-04T00:04:39.7332597Z test native_pipeline::consensus::controller::regressions::body_fanout_does_not_resend_admitted_peers_but_keeps_backpressured_peer ... ok
Rust checks	UNKNOWN STEP	2026-10-04T00:04:39.7333514Z test native_pipeline::consensus::controller::regressions::direct_history_is_demand_driven_not_a_permanent_background_retransmission ... ok
Rust checks	UNKNOWN STEP	2026-10-04T00:04:39.7334669Z test native_pipeline::consensus::controller::regressions::execution_observation_overflow_is_explicit_and_does_not_wrap ... ok
Rust checks	UNKNOWN STEP	2026-10-04T00:04:39.7335361Z test native_pipeline::consensus::controller::regressions::execution_observations_accumulate_scalars_and_maximum_without_claiming_workers ... ok
Rust checks	UNKNOWN STEP	2026-10-04T00:04:39.7336049Z test native_pipeline::consensus::controller::regressions::offline_first_peer_does_not_block_healthy_broadcast_recipients ... ok
Rust checks	UNKNOWN STEP	2026-10-04T00:04:39.7340958Z test native_pipeline::consensus::controller::rpc_ingress::tests::all_recipients_full_refuse_new_obligations_without_changing_existing_slots_or_counters ... ok
Rust checks	UNKNOWN STEP	2026-10-04T00:04:39.7346874Z test native_pipeline::consensus::controller::rpc_ingress::tests::apfl_credit_matches_exact_peer_scope_and_bytes_once_without_authorizing_any_finality ... ok
Rust checks	UNKNOWN STEP	2026-10-04T00:04:39.7348191Z test native_pipeline::consensus::controller::rpc_ingress::tests::blocked_receiver_window_does_not_stop_healthy_peer_or_resend_taken_peer ... ok
Rust checks	UNKNOWN STEP	2026-10-04T00:04:39.7349339Z test native_pipeline::consensus::controller::rpc_ingress::tests::byte_ceiling_and_owner_pending_preparations_are_charged_before_any_peer_send ... ok
Rust checks	UNKNOWN STEP	2026-10-04T00:04:39.7351734Z test native_pipeline::consensus::controller::rpc_ingress::tests::credit_matches_exact_peer_scope_and_bytes_once_without_authorizing_any_finality ... ok
Rust checks	UNKNOWN STEP	2026-10-04T00:04:39.7355543Z test native_pipeline::consensus::controller::rpc_ingress::tests::detailed_peer_usage_is_query_only_and_does_not_materialize_in_the_poll_counters ... ok
Rust checks	UNKNOWN STEP	2026-10-04T00:04:39.7356802Z test native_pipeline::consensus::controller::rpc_ingress::tests::every_pinned_domain_field_is_checked_without_height_or_parent_authority ... ok
Rust checks	UNKNOWN STEP	2026-10-04T00:04:39.7375249Z test native_pipeline::consensus::controller::rpc_ingress::tests::one_silent_peer_cannot_pin_global_outbox_across_many_healthy_batches_without_ttl ... ok
Rust checks	UNKNOWN STEP	2026-10-04T00:04:39.7379636Z test native_pipeline::consensus::controller::rpc_ingress::tests::real_credit_reopens_only_its_peer_and_wrong_duplicate_or_late_credit_cannot_reopen_it ... ok
Rust checks	UNKNOWN STEP	2026-10-04T00:04:39.7380939Z test native_pipeline::consensus::controller::rpc_ingress::tests::replay_hint_rejects_duplicate_and_changed_body_but_new_process_can_restart_sequence ... ok
Rust checks	UNKNOWN STEP	2026-10-04T00:04:39.7382018Z test native_pipeline::consensus::controller::rpc_ingress::tests::replay_is_per_peer_finite_and_expires_without_becoming_durable_authority ... ok
Rust checks	UNKNOWN STEP	2026-10-04T00:04:39.7385946Z test native_pipeline::consensus::controller::rpc_ingress::tests::targeted_repair_waits_for_requested_credit_and_never_resends_other_peers ... ok
Rust checks	UNKNOWN STEP	2026-10-04T00:04:39.7387257Z test native_pipeline::consensus::controller::rpc_ingress::tests::targeted_reservations_intersect_requested_peers_and_the_unchanged_global_budget ... ok
Rust checks	UNKNOWN STEP	2026-10-04T00:04:39.7390647Z test native_pipeline::consensus::controller::rpc_ingress::tests::ttl_retires_only_prepared_obligations_and_late_credit_cannot_release_replacement ... ok
Rust checks	UNKNOWN STEP	2026-10-04T00:04:39.7394206Z test native_pipeline::consensus::controller::successor::tests::apfl_early_parent_ack_retention_keeps_the_same_domain_and_height_checks ... ok
Rust checks	UNKNOWN STEP	2026-10-04T00:04:39.7395904Z test native_pipeline::consensus::controller::successor::tests::early::real_apfl_auth_before_parent_rejects_wrong_source_and_sticky_rebinding_then_closes ... ignored, requires real AOEM; APFL early-body source, sticky binding, future signing gate and original full execution oracle
Rust checks	UNKNOWN STEP	2026-10-04T00:04:39.7397810Z test native_pipeline::consensus::controller::successor::tests::early::real_auth_before_parent_rejects_wrong_source_and_sticky_rebinding_then_closes ... ignored, requires explicit real AOEM; authentication before any parent, sticky binding, future signing gate and full execution oracle
Rust checks	UNKNOWN STEP	2026-10-04T00:04:39.7399529Z test native_pipeline::consensus::controller::successor::tests::early::real_early_static_gate_and_failed_scope_tombstone_preserve_full_fallback_and_cold_state ... ignored, requires explicit real AOEM; one-slot exclusion, bad-signature tombstone, old full fallback and actual cold reopen
Rust checks	UNKNOWN STEP	2026-10-04T00:04:39.7401488Z test native_pipeline::consensus::controller::successor::tests::early::real_parent_ack_during_auth_or_canonical_delivery_keeps_one_authenticated_execution ... ignored, requires explicit real AOEM; parent ACK crosses retained authentication ticket or canonical owner preparation
Rust checks	UNKNOWN STEP	2026-10-04T00:04:39.7403512Z test native_pipeline::consensus::controller::successor::tests::early::real_round_retirement_drains_auth_and_late_generation_does_not_revive ... ignored, requires explicit real AOEM; round drains accepted authentication and stale owner generation cannot replace new work
Rust checks	UNKNOWN STEP	2026-10-04T00:04:39.7405427Z test native_pipeline::consensus::controller::successor::tests::early_limits::real_current_body_preempts_early_successor_caches_without_losing_native_ticket ... ignored, requires real AOEM; current-body pressure retires early/Bind caches but preserves the accepted successor ticket for drain
Rust checks	UNKNOWN STEP	2026-10-04T00:04:39.7407042Z test native_pipeline::consensus::controller::successor::tests::early_limits::real_promoted_early_body_progresses_under_continuous_control_ready ... ignored, requires real AOEM; promoted early input must authenticate/bind/execute despite continuous verified control ingress
Rust checks	UNKNOWN STEP	2026-10-04T00:04:39.7408439Z test native_pipeline::consensus::controller::successor::tests::early_limits::real_single_batch_pipeline_releases_early_target_then_full_current_executes ... ignored, requires real AOEM; genuinely reopened one-batch pipeline retires admitted early input and preserves Full fallback
Rust checks	UNKNOWN STEP	2026-10-04T00:04:39.7409867Z test native_pipeline::consensus::controller::successor::tests::early_limits::real_single_inflight_controller_refuses_early_and_full_current_still_executes ... ignored, requires real AOEM; legal one-inflight controller refuses early work without blocking normal current execution
Rust checks	UNKNOWN STEP	2026-10-04T00:04:39.7411335Z test native_pipeline::consensus::controller::successor::tests::real_body_preparation_reply_after_parent_advance_uses_current_path_once ... ignored, requires explicit real AOEM; assembly reply arriving after parent ACK rejoins ordinary current execution
Rust checks	UNKNOWN STEP	2026-10-04T00:04:39.7412605Z test native_pipeline::consensus::controller::successor::tests::real_current_body_preempts_successor_and_shared_cache_at_valid_byte_ceiling ... ignored, requires explicit real AOEM; legal tight body budget preempts speculative body and fixed cache for current input
Rust checks	UNKNOWN STEP	2026-10-04T00:04:39.7413883Z test native_pipeline::consensus::controller::successor::tests::real_different_parent_winner_discards_completed_and_late_successor ... ignored, requires explicit real AOEM; completed and pending successors of a different winning parent are discarded
Rust checks	UNKNOWN STEP	2026-10-04T00:04:39.7415207Z test native_pipeline::consensus::controller::successor::tests::real_early_completion_has_no_future_authority_then_exact_parent_promotes ... ignored, requires explicit real AOEM; early successor completion, exact ACK promotion and ordinary execution oracle
Rust checks	UNKNOWN STEP	2026-10-04T00:04:39.7416734Z test native_pipeline::consensus::controller::successor::tests::real_orphan_survives_database_reopen_but_not_execution_or_signing_authority ... ignored, requires explicit real AOEM; actual database close/reopen preserves orphan content without successor or signing capability
Rust checks	UNKNOWN STEP	2026-10-04T00:04:39.7418066Z test native_pipeline::consensus::controller::successor::tests::real_round_discard_drain_does_not_block_requester_or_revive_same_id ... ignored, requires explicit real AOEM; round retirement retains ticket quota without blocking requester or resurrecting same body
Rust checks	UNKNOWN STEP	2026-10-04T00:04:39.7418947Z test native_pipeline::consensus::statement::tests::hash_binds_every_batch_context_field ... ok
Rust checks	UNKNOWN STEP	2026-10-04T00:04:39.7419499Z test native_pipeline::consensus::statement::tests::hash_binds_extra_consensus_domain_and_every_execution_output_field ... ok
Rust checks	UNKNOWN STEP	2026-10-04T00:04:39.7420078Z test native_pipeline::consensus::statement::tests::hash_does_not_recursively_commit_its_cached_output ... ok
Rust checks	UNKNOWN STEP	2026-10-04T00:04:39.7420651Z test native_pipeline::consensus::statement::tests::parent_validation_rejects_each_of_the_six_independent_mismatches ... ok
Rust checks	UNKNOWN STEP	2026-10-04T00:04:39.7421520Z test native_pipeline::consensus::tests::chain_integration::real_three_heights_different_qc_subsets_lost_ack_recovery_and_corruption_rejection ... ignored, requires real AOEM; four local stores, not network or production finality
Rust checks	UNKNOWN STEP	2026-10-04T00:04:39.7422735Z test native_pipeline::consensus::tests::controller_integration::crash::real_undecided_process_kill_recovers_original_body_and_finalizes_without_wallet_reinjection ... ignored, requires real AOEM; killed undecided process, four WSS validators and four cold readers
Rust checks	UNKNOWN STEP	2026-10-04T00:04:39.7423933Z test native_pipeline::consensus::tests::controller_integration::load::four_process_continuous_signed_load ... ignored, requires real AOEM; four-process finite continuous signed load, all-node durable heads and cold oracle
Rust checks	UNKNOWN STEP	2026-10-04T00:04:39.7425056Z test native_pipeline::consensus::tests::controller_integration::load::four_process_early_body_signed_load ... ignored, requires real AOEM; actual parent-independent authentication, four-process finality and full cold economic oracle
Rust checks	UNKNOWN STEP	2026-10-04T00:04:39.7426148Z test native_pipeline::consensus::tests::controller_integration::load::four_process_successor_signed_load ... ignored, requires real AOEM; actual successor execution, four-process finality and cold economic oracle
Rust checks	UNKNOWN STEP	2026-10-04T00:04:39.7427174Z test native_pipeline::consensus::tests::controller_integration::load::nearest_rank_percentile_is_explicit_for_short_backlog_samples ... ok
Rust checks	UNKNOWN STEP	2026-10-04T00:04:39.7427860Z test native_pipeline::consensus::tests::controller_integration::load::old_load_configuration_defaults_to_neither_optional_mode ... ok
Rust checks	UNKNOWN STEP	2026-10-04T00:04:39.7428661Z test native_pipeline::consensus::tests::controller_integration::load::wallet_reply_matching_pins_exact_source_round_and_full_context ... ok
Rust checks	UNKNOWN STEP	2026-10-04T00:04:39.7429582Z test native_pipeline::consensus::tests::controller_integration::real_four_process_controllers_finalize_and_late_join_from_archive ... ignored, requires explicit real AOEM library; four OS processes over WSS, not four machines or TPS
Rust checks	UNKNOWN STEP	2026-10-04T00:04:39.7430801Z test native_pipeline::consensus::tests::controller_integration::recovery_multiroot::real_cold_controller_recovers_distinct_locked_and_late_valid_candidates ... ignored, requires real AOEM; signed QC fixtures and same-process cold recovery, not network finality
Rust checks	UNKNOWN STEP	2026-10-04T00:04:39.7432016Z test native_pipeline::consensus::tests::controller_tests::real_apfl_controller_executes_and_signs_but_cannot_self_finalize ... ignored, requires explicit real AOEM; APFL executes through the unchanged controller and cannot self-finalize
Rust checks	UNKNOWN STEP	2026-10-04T00:04:39.7433253Z test native_pipeline::consensus::tests::controller_tests::real_cold_recovery_progresses_with_control_retirement_on_every_poll ... ignored, requires explicit real AOEM; deterministic verified-control ingress during cold recovery
Rust checks	UNKNOWN STEP	2026-10-04T00:04:39.7434431Z test native_pipeline::consensus::tests::controller_tests::real_controller_executes_and_signs_without_external_protocol_driver_but_cannot_self_finalize ... ignored, requires explicit real AOEM library; autonomous controller with disconnected transport
Rust checks	UNKNOWN STEP	2026-10-04T00:04:39.7435630Z test native_pipeline::consensus::tests::controller_tests::real_controller_recovers_initial_and_direct_body_loss_before_remote_execution_and_vote ... ignored, requires explicit real AOEM; real WSS body loss and repeated signed-proposal recovery
Rust checks	UNKNOWN STEP	2026-10-04T00:04:39.7436924Z test native_pipeline::consensus::tests::controller_tests::real_controller_rejects_wrong_signer_and_unreserved_body_budget ... ignored, requires explicit real AOEM library; durable journal configuration rejection
Rust checks	UNKNOWN STEP	2026-10-04T00:04:39.7438021Z test native_pipeline::consensus::tests::controller_tests::real_warm_execution_progresses_with_control_retirement_on_every_poll ... ignored, requires explicit real AOEM; deterministic verified-control ingress during warm execution
Rust checks	UNKNOWN STEP	2026-10-04T00:04:39.7439060Z test native_pipeline::consensus::tests::controller_tests::real_warm_execution_progresses_with_one_event_per_poll ... ignored, requires explicit real AOEM; one-event warm controller scheduling budget
Rust checks	UNKNOWN STEP	2026-10-04T00:04:39.9355876Z test native_pipeline::consensus::tests::controller_workload::tests::full_width_accounts_are_independent_and_all_supported_batches_authenticate ... ok
Rust checks	UNKNOWN STEP	2026-10-04T00:04:39.9671427Z test native_pipeline::consensus::tests::controller_workload::tests::funded_prefix_oracle_preserves_balances_nonces_and_full_fee_records ... ok
Rust checks	UNKNOWN STEP	2026-10-04T00:04:39.9680825Z test native_pipeline::consensus::tests::controller_workload::tests::invalid_dimensions_and_incompatible_fee_policy_are_rejected ... ok
Rust checks	UNKNOWN STEP	2026-10-04T00:04:39.9895215Z test native_pipeline::consensus::tests::controller_workload::tests::raw_signatures_are_deterministic_chain_bound_and_nonce_sequences_advance ... ok
Rust checks	UNKNOWN STEP	2026-10-04T00:04:39.9896377Z test native_pipeline::consensus::tests::controller_workload::tree_batch_tests::real_nov_fee_page_deletes_do_not_disable_batched_account_updates ... ignored, requires explicit real AOEM library; signed NOV mixed fee-page/account effects
Rust checks	UNKNOWN STEP	2026-10-04T00:04:39.9897787Z test native_pipeline::consensus::tests::journal_recovery_integration::real_late_quorum_reopen_preserves_both_votes_old_proposal_proof_and_locked_candidate ... ignored, requires real AOEM; exact undecided journal replay and corruption, not network finality
Rust checks	UNKNOWN STEP	2026-10-04T00:04:39.9899072Z test native_pipeline::consensus::tests::network_integration::real_wss_four_local_validators_execute_received_body_collect_own_votes_and_reopen ... ignored, requires explicit real AOEM library; four same-process stores over real WSS, not four main processes or TPS
Rust checks	UNKNOWN STEP	2026-10-04T00:04:39.9901223Z test native_pipeline::consensus::tests::pacemaker_integration::real_aoem_pacemaker_quorum_timers_ack_and_locked_catchup_recovery ... ignored, requires explicit real AOEM library; local durable timer/catch-up integration, not network finality
Rust checks	UNKNOWN STEP	2026-10-04T00:04:39.9903250Z test native_pipeline::consensus::tests::real_four_validator_journals_persist_before_emit_recover_and_reject_stale ... ignored, requires explicit real AOEM library; same-process durable consensus integration, not network/canonical finality
Rust checks	UNKNOWN STEP	2026-10-04T00:04:39.9905168Z test native_pipeline::consensus::tests::real_lost_signing_ack_recovers_exact_vote_without_second_prevote ... ignored, requires explicit real AOEM library; deterministic lost durable-ACK recovery, not crash/power-loss evidence
Rust checks	UNKNOWN STEP	2026-10-04T00:04:39.9907452Z test native_pipeline::consensus::tests::resident_rpc_process::aab::actual_product_rpc_a_a_b_equivocation_recovers_with_three_honest_signers ... ignored, requires actual product binary and AOEM; three honest original executables + one Byzantine network peer, not four-machine/mainnet acceptance
Rust checks	UNKNOWN STEP	2026-10-04T00:04:39.9909877Z test native_pipeline::consensus::tests::resident_rpc_process::actual_product_rpc_signed_batches_failures_quorum_and_restart ... ignored, requires actual NOVOVM_RESIDENT_NODE_BINARY and real AOEM; four product processes and RPC, not TPS
Rust checks	UNKNOWN STEP	2026-10-04T00:04:39.9911943Z test native_pipeline::consensus::tests::resident_rpc_process::actual_product_rpc_single_ingress_gossip_failures_and_restart ... ignored, requires actual NOVOVM_RESIDENT_NODE_BINARY and real AOEM; one HTTP ingress, four real product nodes and cold restart; run alone
Rust checks	UNKNOWN STEP	2026-10-04T00:04:39.9914233Z test native_pipeline::consensus::tests::resident_rpc_process::load::actual_product_rpc_65536_signed_transfers_finality_and_cold_economics ... ignored, real product binary/AOEM required; 65,536 signed HTTP transfers, explicit submission mode, four-node finality and cold restart; run alone
Rust checks	UNKNOWN STEP	2026-10-04T00:04:39.9915637Z test native_pipeline::consensus::tests::resident_rpc_process::load::load_async_authentication_requires_same_owner_and_full_four_node_work_without_claiming_tps ... ok
Rust checks	UNKNOWN STEP	2026-10-04T00:04:39.9916411Z test native_pipeline::consensus::tests::resident_rpc_process::load::load_batch_response_mapping_rejects_duplicate_missing_and_foreign_ids ... ok
Rust checks	UNKNOWN STEP	2026-10-04T00:04:39.9917517Z test native_pipeline::consensus::tests::resident_rpc_process::load::load_counts_only_four_node_observation_and_uses_nearest_rank_latency ... ok
Rust checks	UNKNOWN STEP	2026-10-04T00:04:39.9918274Z test native_pipeline::consensus::tests::resident_rpc_process::load::load_early_reuse_requires_real_counter_but_keeps_frozen_legacy_comparison_runnable ... ok
Rust checks	UNKNOWN STEP	2026-10-04T00:04:39.9919057Z test native_pipeline::consensus::tests::resident_rpc_process::load::load_single_ingress_never_retries_non_http_peers_or_releases_three_node_credit ... ok
Rust checks	UNKNOWN STEP	2026-10-04T00:04:39.9920256Z test native_pipeline::consensus::tests::resident_rpc_process::load::load_submission_mode_defaults_to_four_node_fanout_and_rejects_ambiguous_configuration ... ok
Rust checks	UNKNOWN STEP	2026-10-04T00:04:39.9922225Z test native_pipeline::consensus::tests::resident_rpc_process::offline::actual_product_rpc_offline_peer_isolation_quorum_catchup_and_restart ... ignored, requires actual NOVOVM_RESIDENT_NODE_BINARY and real AOEM; offline recipient isolation, three-node quorum, fourth catchup and cold restart; run alone
Rust checks	UNKNOWN STEP	2026-10-04T00:04:39.9923729Z test native_pipeline::consensus::tests::resident_rpc_process::offline::offline_diagnostics_distinguish_absent_proposer_from_observed_empty_pool ... ok
Rust checks	UNKNOWN STEP	2026-10-04T00:04:39.9925006Z test native_pipeline::consensus::tests::resident_rpc_process::offline::offline_diagnostics_do_not_infer_executable_body_from_nonempty_pool ... ok
Rust checks	UNKNOWN STEP	2026-10-04T00:04:39.9926237Z test native_pipeline::consensus::tests::resident_rpc_process::offline::offline_propagation_gate_does_not_count_repair_reacceptance_as_new_input ... ok
Rust checks	UNKNOWN STEP	2026-10-04T00:04:39.9927814Z test native_pipeline::consensus::tests::resident_rpc_process::receipt_partition_tests::actual_partition_preserves_visible_fragments_and_full_block_continuation ... ok
Rust checks	UNKNOWN STEP	2026-10-04T00:04:39.9929387Z test native_pipeline::consensus::tests::resident_rpc_process::receipt_partition_tests::actual_partition_rejects_missing_height_and_genesis_height ... ok
Rust checks	UNKNOWN STEP	2026-10-04T00:04:39.9930709Z test native_pipeline::consensus::tests::resident_rpc_process::receipt_partition_tests::actual_partition_rejects_overfull_block_and_successor_overflow ... ok
Rust checks	UNKNOWN STEP	2026-10-04T00:04:39.9932060Z test native_pipeline::consensus::tests::resident_rpc_process::receipt_partition_tests::actual_partition_rejects_same_height_hash_conflict_and_duplicate_transaction ... ok
Rust checks	UNKNOWN STEP	2026-10-04T00:04:39.9933114Z test native_pipeline::consensus::tests::resident_rpc_process::receipt_partition_tests::actual_partition_requires_all_four_heads_exact_last_block_and_state_version ... ok
Rust checks	UNKNOWN STEP	2026-10-04T00:04:40.0045167Z test native_pipeline::consensus::transport::apfl::tests::structured_tags_versions_truncation_trailing_and_canonical_budgets_are_strict ... ok
Rust checks	UNKNOWN STEP	2026-10-04T00:04:40.0057559Z test native_pipeline::consensus::transport::apfl::tests::structured_wire_preserves_raw_body_and_early_commitments_with_distinct_fragment_ids ... ok
Rust checks	UNKNOWN STEP	2026-10-04T00:04:40.0059143Z test native_pipeline::consensus::transport::early_tests::announcement_identity_binds_complete_scope_order_framing_and_bytes_not_limits ... ok
Rust checks	UNKNOWN STEP	2026-10-04T00:04:40.0061145Z test native_pipeline::consensus::transport::early_tests::binding_checks_announced_domain_and_height_but_does_not_approve_roots_or_program ... ok
Rust checks	UNKNOWN STEP	2026-10-04T00:04:40.0068111Z test native_pipeline::consensus::transport::early_tests::both_new_payloads_reject_every_truncation_trailing_data_and_unknown_versions ... ok
Rust checks	UNKNOWN STEP	2026-10-04T00:04:40.0074045Z test native_pipeline::consensus::transport::early_tests::original_six_tags_and_full_body_hash_keep_their_exact_original_bytes ... ok
Rust checks	UNKNOWN STEP	2026-10-04T00:04:40.0075628Z test native_pipeline::consensus::transport::early_tests::raw_count_lengths_aggregate_and_actual_envelope_are_bounded_before_retention ... ok
Rust checks	UNKNOWN STEP	2026-10-04T00:04:40.0079702Z test native_pipeline::consensus::transport::early_tests::scopes_reject_zero_domains_bad_parent_shapes_nonadjacent_and_exhausted_heights ... ok
Rust checks	UNKNOWN STEP	2026-10-04T00:04:40.0080988Z test native_pipeline::consensus::transport::early_tests::versioned_early_and_binding_bytes_roundtrip_with_exact_lane_and_header_sizes ... ok
Rust checks	UNKNOWN STEP	2026-10-04T00:04:40.0087119Z test native_pipeline::consensus::transport::tests::all_development_message_variants_roundtrip_without_execution_authority ... ok
Rust checks	UNKNOWN STEP	2026-10-04T00:04:40.0088769Z test native_pipeline::consensus::transport::tests::body_identity_binds_every_context_field_original_bytes_and_order_not_budgets ... ok
Rust checks	UNKNOWN STEP	2026-10-04T00:04:40.0119411Z test native_pipeline::consensus::transport::tests::bounded_preflight_rejects_huge_count_lengths_empty_total_and_trailing_input ... ok
Rust checks	UNKNOWN STEP	2026-10-04T00:04:40.0120568Z test native_pipeline::consensus::transport::tests::decision_request_binds_exact_parent_and_rejects_unbounded_or_ambiguous_input ... ok
Rust checks	UNKNOWN STEP	2026-10-04T00:04:40.0145113Z test native_pipeline::consensus::transport::tests::prepared_large_body_fragments_reassemble_exact_bytes_under_local_domain ... ok
Rust checks	UNKNOWN STEP	2026-10-04T00:04:40.0150700Z test native_pipeline::consensus::transport::tests::rejects_unknown_version_kind_optional_tag_and_oversized_signed_blob ... ok
Rust checks	UNKNOWN STEP	2026-10-04T00:04:40.0153333Z test native_pipeline::consensus::transport::transactions::tests::raw_and_taken_roundtrip_are_versioned_distinct_and_exact ... ok
Rust checks	UNKNOWN STEP	2026-10-04T00:04:40.0154366Z test native_pipeline::consensus::transport::transactions::tests::raw_count_lengths_and_empty_identity_fail_closed ... ok
Rust checks	UNKNOWN STEP	2026-10-04T00:04:40.0155848Z test native_pipeline::execution::plan::tests::admission_limits_are_inclusive_and_do_not_change_identity ... ok
Rust checks	UNKNOWN STEP	2026-10-04T00:04:40.0160711Z test native_pipeline::execution::plan::tests::capture_budget_does_not_change_statement_or_effect_identity ... ok
Rust checks	UNKNOWN STEP	2026-10-04T00:04:40.0164663Z test native_pipeline::execution::plan::tests::capture_reads_the_plan_root_not_an_alternative_reader_root ... ok
Rust checks	UNKNOWN STEP	2026-10-04T00:04:40.0167284Z test native_pipeline::execution::plan::tests::declarations_are_order_canonical_but_keys_and_each_permission_are_bound ... ok
Rust checks	UNKNOWN STEP	2026-10-04T00:04:40.0168538Z test native_pipeline::execution::plan::tests::domain_commitments_and_semantic_version_cannot_be_empty ... ok
Rust checks	UNKNOWN STEP	2026-10-04T00:04:40.0174259Z test native_pipeline::execution::plan::tests::dropped_source_is_not_used_by_threaded_plan_bound_effects ... ok
Rust checks	UNKNOWN STEP	2026-10-04T00:04:40.0175497Z test native_pipeline::execution::plan::tests::duplicate_raw_or_key_declarations_are_rejected_not_merged ... ok
Rust checks	UNKNOWN STEP	2026-10-04T00:04:40.0176693Z test native_pipeline::execution::plan::tests::empty_inputs_and_invalid_keys_fail_but_maximum_key_is_accepted ... ok
Rust checks	UNKNOWN STEP	2026-10-04T00:04:40.0180385Z test native_pipeline::execution::plan::tests::every_context_field_changes_the_canonical_encoding ... ok
Rust checks	UNKNOWN STEP	2026-10-04T00:04:40.0181534Z test native_pipeline::execution::plan::tests::first_block_parent_convention_and_height_continuity_are_explicit ... ok
Rust checks	UNKNOWN STEP	2026-10-04T00:04:40.0182489Z test native_pipeline::execution::plan::tests::height_and_state_version_overflow_reject_without_wrapping ... ok
Rust checks	UNKNOWN STEP	2026-10-04T00:04:40.0186244Z test native_pipeline::execution::plan::tests::identical_plan_commitment_does_not_certify_the_resulting_effects ... ok
Rust checks	UNKNOWN STEP	2026-10-04T00:04:40.0188989Z test native_pipeline::execution::plan::tests::missing_or_corrupt_source_is_not_authenticated_absence ... ok
Rust checks	UNKNOWN STEP	2026-10-04T00:04:40.0189708Z test native_pipeline::execution::plan::tests::plan_input_and_effects_are_send_sync_static ... ok
Rust checks	UNKNOWN STEP	2026-10-04T00:04:40.0192206Z test native_pipeline::execution::plan::tests::raw_order_bytes_count_and_length_boundaries_are_bound ... ok
Rust checks	UNKNOWN STEP	2026-10-04T00:04:40.0197210Z test native_pipeline::execution::plan::tests::unknown_keys_and_undeclared_effects_are_rejected_even_when_sibling_is_captured ... ok
Rust checks	UNKNOWN STEP	2026-10-04T00:04:40.0208930Z test native_pipeline::ingress::apfl::tests::changed_shared_index_residual_and_signature_never_reuse_authority ... ok
Rust checks	UNKNOWN STEP	2026-10-04T00:04:40.0216238Z test native_pipeline::ingress::apfl::tests::expanded_budget_cannot_be_bypassed_by_shared_values_or_false_header ... ok
Rust checks	UNKNOWN STEP	2026-10-04T00:04:40.0228950Z test native_pipeline::ingress::apfl::tests::heterogeneous_real_v3_rows_and_original_digests_round_trip ... ok
Rust checks	UNKNOWN STEP	2026-10-04T00:04:40.0234865Z test native_pipeline::ingress::apfl::tests::rejects_noncanonical_dictionaries_indexes_versions_and_truncation ... ok
Rust checks	UNKNOWN STEP	2026-10-04T00:04:40.0878949Z test native_pipeline::ingress::apfl::tests::shared_real_signed_fields_compress_without_a_fixture_generator ... ok
Rust checks	UNKNOWN STEP	2026-10-04T00:04:40.0881347Z test native_pipeline::ingress::apfl::tests::strict_v3_view_preserves_minimum_and_rejects_overlong_scalar ... ok
Rust checks	UNKNOWN STEP	2026-10-04T00:04:40.0884025Z test native_pipeline::ingress::authentication::tests::admission_rejects_every_tested_non_96_byte_signature_payload ... ok
Rust checks	UNKNOWN STEP	2026-10-04T00:04:40.0888207Z test native_pipeline::ingress::authentication::tests::authenticated_values_are_owned_send_sync_inputs_not_live_handles ... ok
Rust checks	UNKNOWN STEP	2026-10-04T00:04:40.0894786Z test native_pipeline::ingress::authentication::tests::chain_domain_nonce_exhaustion_and_input_budget_are_hard_gates ... ok
Rust checks	UNKNOWN STEP	2026-10-04T00:04:40.0901024Z test native_pipeline::ingress::authentication::tests::cryptographically_valid_signature_cannot_authorize_another_payer ... ok
Rust checks	UNKNOWN STEP	2026-10-04T00:04:40.0916132Z test native_pipeline::ingress::authentication::tests::every_signed_transfer_field_is_authenticated ... ok
Rust checks	UNKNOWN STEP	2026-10-04T00:04:40.0919619Z test native_pipeline::ingress::authentication::tests::malformed_public_key_and_noncanonical_signature_encodings_are_rejected ... ok
Rust checks	UNKNOWN STEP	2026-10-04T00:04:40.0927505Z test native_pipeline::ingress::authentication::tests::ordered_nonce_planning_shares_aliases_and_preserves_independent_signers ... ok
Rust checks	UNKNOWN STEP	2026-10-04T00:04:40.0934781Z test native_pipeline::ingress::authentication::tests::real_signatures_bind_both_account_widths_to_one_chain_separated_nonce_identity ... ok
Rust checks	UNKNOWN STEP	2026-10-04T00:04:40.0952536Z test native_pipeline::ingress::authentication::tests::replay_gap_and_missing_parent_fail_the_entire_nonce_plan_without_reserving_prefix ... ok
Rust checks	UNKNOWN STEP	2026-10-04T00:04:40.0957324Z test native_pipeline::ingress::authentication::tests::weak_identity_key_passes_ordinary_verify_but_is_rejected_by_strict_admission ... ok
Rust checks	UNKNOWN STEP	2026-10-04T00:04:40.0959699Z test native_pipeline::ingress::wire::tests::borrowed_fields_preserve_utf8_empty_and_long_symbols_without_normalization ... ok
Rust checks	UNKNOWN STEP	2026-10-04T00:04:40.0970499Z test native_pipeline::ingress::wire::tests::bounded_native_v3_seeded_malformed_input_never_panics ... ok
Rust checks	UNKNOWN STEP	2026-10-04T00:04:40.0973463Z test native_pipeline::ingress::wire::tests::decoder_rejects_wrong_versions_kinds_magic_and_trailing_bytes ... ok
Rust checks	UNKNOWN STEP	2026-10-04T00:04:40.0979418Z test native_pipeline::ingress::wire::tests::every_transfer_field_is_in_the_complete_signed_intent ... ok
Rust checks	UNKNOWN STEP	2026-10-04T00:04:40.0992919Z test native_pipeline::ingress::wire::tests::exact_canonical_match_rejects_all_byte_changes_and_signature_hash_aliases ... ok
Rust checks	UNKNOWN STEP	2026-10-04T00:04:40.0993923Z test native_pipeline::ingress::wire::tests::existing_postcard_transfer_golden_bytes_are_unchanged ... ok
Rust checks	UNKNOWN STEP	2026-10-04T00:04:40.1046807Z test native_pipeline::ingress::wire::tests::frozen_old_wire_and_all_three_preimages_match_at_integer_boundaries ... ok
Rust checks	UNKNOWN STEP	2026-10-04T00:04:40.1060066Z test native_pipeline::ingress::wire::tests::genuine_old_oracle_signatures_verify_new_messages_and_reject_tampering ... ok
Rust checks	UNKNOWN STEP	2026-10-04T00:04:40.1061057Z test native_pipeline::ingress::wire::tests::hostile_declared_lengths_do_not_require_owned_field_allocation ... ok
Rust checks	UNKNOWN STEP	2026-10-04T00:04:40.1064353Z test native_pipeline::ingress::wire::tests::invalid_account_or_signature_sizes_cannot_cross_decode ... ok
Rust checks	UNKNOWN STEP	2026-10-04T00:04:40.1065184Z test native_pipeline::ingress::wire::tests::invalid_utf8_is_rejected_in_borrowed_decode ... ok
Rust checks	UNKNOWN STEP	2026-10-04T00:04:40.1074146Z test native_pipeline::ingress::wire::tests::malformed_streaming_view_errors_before_changing_digest ... ok
Rust checks	UNKNOWN STEP	2026-10-04T00:04:40.1075085Z test native_pipeline::ingress::wire::tests::noncanonical_varints_are_rejected_not_given_a_second_raw_identity ... ok
Rust checks	UNKNOWN STEP	2026-10-04T00:04:40.1076065Z test native_pipeline::ingress::wire::tests::signature_bytes_are_excluded_but_not_confused_with_a_signed_admission ... ok
Rust checks	UNKNOWN STEP	2026-10-04T00:04:40.1077210Z test native_pipeline::ingress::wire::tests::streaming_canonical_projection_matches_frozen_wire_and_preserves_outer_framing ... ok
Rust checks	UNKNOWN STEP	2026-10-04T00:04:40.1078541Z test native_pipeline::persistence::io::tests::completed_unconsumed_reply_still_applies_count_and_byte_backpressure ... ok
Rust checks	UNKNOWN STEP	2026-10-04T00:04:40.1079517Z test native_pipeline::persistence::io::tests::dropping_ticket_never_removes_accepted_command_or_its_live_permit ... ok
Rust checks	UNKNOWN STEP	2026-10-04T00:04:40.1080805Z test native_pipeline::persistence::io::tests::error_and_disconnected_replies_release_ticket_without_inventing_success ... ok
Rust checks	UNKNOWN STEP	2026-10-04T00:04:40.1081604Z test native_pipeline::persistence::io::tests::full_or_disconnected_command_queue_returns_its_admission_budget ... ok
Rust checks	UNKNOWN STEP	2026-10-04T00:04:40.1082514Z test native_pipeline::persistence::io::tests::local_validation_and_accounting_contention_admit_nothing ... ok
Rust checks	UNKNOWN STEP	2026-10-04T00:04:40.1083567Z test native_pipeline::persistence::io::tests::permit_count_and_bytes_remain_reserved_until_last_owner_releases ... ok
Rust checks	UNKNOWN STEP	2026-10-04T00:04:40.1086880Z test native_pipeline::persistence::io::tests::poisoned_admission_accounting_rejects_without_channel_submission ... ok
Rust checks	UNKNOWN STEP	2026-10-04T00:04:40.1087787Z test native_pipeline::persistence::io::tests::real_io_bulk_reads_keep_order_missing_values_and_reply_budget_through_shutdown ... ignored, requires explicit NOVOVM_AOEM_TEST_LIBRARY; real local I/O, not node/TPS evidence
Rust checks	UNKNOWN STEP	2026-10-04T00:04:40.1102109Z test native_pipeline::persistence::metadata::tests::construction_bounds_expected_and_new_bytes_without_weakening_append_only_keys ... ok
Rust checks	UNKNOWN STEP	2026-10-04T00:04:40.1113540Z test native_pipeline::persistence::metadata::tests::guards_share_total_bounds_and_cannot_overlap_mutations_or_each_other ... ok
Rust checks	UNKNOWN STEP	2026-10-04T00:04:40.1114670Z test native_pipeline::persistence::metadata::tests::keys_are_closed_separated_and_sequence_is_fixed_width ... ok
Rust checks	UNKNOWN STEP	2026-10-04T00:04:40.1115888Z test native_pipeline::persistence::metadata::tests::real_guards_do_not_write_absent_keys_and_empty_is_not_absent ... ignored, requires explicit NOVOVM_AOEM_TEST_LIBRARY; guard absence differs from empty
Rust checks	UNKNOWN STEP	2026-10-04T00:04:40.1117113Z test native_pipeline::persistence::metadata::tests::real_head_guard_rejects_stale_votes_including_exact_replay_and_blocks_are_append_only ... ignored, requires explicit NOVOVM_AOEM_TEST_LIBRARY; head guards and immutable blocks
Rust checks	UNKNOWN STEP	2026-10-04T00:04:40.1118207Z test native_pipeline::persistence::metadata::tests::real_metadata_same_database_atomic_compare_replay_and_append_only_outbox ... ignored, requires explicit NOVOVM_AOEM_TEST_LIBRARY; local metadata CAS, not finality
Rust checks	UNKNOWN STEP	2026-10-04T00:04:40.1119246Z test native_pipeline::persistence::metadata::tests::real_oversized_metadata_is_rejected_and_cannot_be_repaired_by_transition ... ignored, requires explicit NOVOVM_AOEM_TEST_LIBRARY; actual corruption freezes writes
Rust checks	UNKNOWN STEP	2026-10-04T00:04:40.1120273Z test native_pipeline::persistence::metadata::tests::real_partial_replay_never_completes_missing_outbox_or_mutates_other_keys ... ignored, requires explicit NOVOVM_AOEM_TEST_LIBRARY; genuine mixed CAS rejection
Rust checks	UNKNOWN STEP	2026-10-04T00:04:40.1123340Z test native_pipeline::persistence::packet::tests::altered_marker_document_and_node_or_hidden_tail_are_rejected ... ok
Rust checks	UNKNOWN STEP	2026-10-04T00:04:40.1137011Z test native_pipeline::persistence::packet::tests::each_resource_boundary_is_measured_once_and_rechecked_at_store_admission ... ok
Rust checks	UNKNOWN STEP	2026-10-04T00:04:40.1147698Z test native_pipeline::persistence::packet::tests::exact_packet_roundtrip_keeps_body_access_receipts_nodes_and_all_commitments ... ok
Rust checks	UNKNOWN STEP	2026-10-04T00:04:40.1155539Z test native_pipeline::persistence::packet::tests::independently_changed_context_body_or_commitments_are_rejected ... ok
Rust checks	UNKNOWN STEP	2026-10-04T00:04:40.1160709Z test native_pipeline::persistence::packet::tests::malformed_counts_and_lengths_fail_before_allocating_declared_content ... ok
Rust checks	UNKNOWN STEP	2026-10-04T00:04:40.1167064Z test native_pipeline::persistence::packet::tests::manifest_order_and_content_hash_are_not_accepted_on_trust ... ok
Rust checks	UNKNOWN STEP	2026-10-04T00:04:40.1174134Z test native_pipeline::persistence::packet::tests::marker_absence_is_not_completion_but_completed_missing_records_never_repair ... ok
Rust checks	UNKNOWN STEP	2026-10-04T00:04:40.1272570Z test native_pipeline::persistence::packet::tests::reads_are_bounded_and_response_count_errors_never_become_absence ... ok
Rust checks	UNKNOWN STEP	2026-10-04T00:04:40.1276393Z test native_pipeline::persistence::packet::tests::receipt_codec_refuses_trailing_bytes_and_unknown_variants ... ok
Rust checks	UNKNOWN STEP	2026-10-04T00:04:40.1307447Z test native_pipeline::persistence::packet::tests::receipt_hash_accounts_signer_nonce_fee_and_journal_relations_are_checked ... ok
Rust checks	UNKNOWN STEP	2026-10-04T00:04:40.1318067Z test native_pipeline::pipeline::admission::tests::admission_has_one_independent_slot_and_preserves_maximum_candidate_budget ... ok
Rust checks	UNKNOWN STEP	2026-10-04T00:04:40.1322999Z test native_pipeline::pipeline::admission::tests::backpressure_and_closed_pipeline_return_the_exact_original_raw_allocation ... ok
Rust checks	UNKNOWN STEP	2026-10-04T00:04:40.1329007Z test native_pipeline::pipeline::admission::tests::dropped_ticket_does_not_cancel_admitted_work_and_error_reply_retains_budget ... ok
Rust checks	UNKNOWN STEP	2026-10-04T00:04:40.1330626Z test native_pipeline::pipeline::admission::tests::real_resident_admission_keeps_good_bad_duplicate_rows_and_reuses_same_owner ... ignored, requires explicit NOVOVM_AOEM_TEST_LIBRARY; resident signature graph, not state admission or TPS
Rust checks	UNKNOWN STEP	2026-10-04T00:04:40.1334384Z test native_pipeline::pipeline::admission::tests::structured_subrows_charge_each_whole_source_once_and_check_indices ... ok
Rust checks	UNKNOWN STEP	2026-10-04T00:04:40.1338473Z test native_pipeline::pipeline::admission::tests::unconsumed_output_keeps_ingress_permit_until_consumed_or_dropped ... ok
Rust checks	UNKNOWN STEP	2026-10-04T00:04:40.1344965Z test native_pipeline::pipeline::authentication::tests::apfl_authentication_reserves_expanded_body_and_returns_same_shared_source ... ok
Rust checks	UNKNOWN STEP	2026-10-04T00:04:40.1357491Z test native_pipeline::pipeline::authentication::tests::authentication_and_existing_successor_share_one_background_permit ... ok
Rust checks	UNKNOWN STEP	2026-10-04T00:04:40.1373131Z test native_pipeline::pipeline::authentication::tests::background_bind_keeps_exact_permit_at_full_quota_and_does_not_take_current_slot ... ok
Rust checks	UNKNOWN STEP	2026-10-04T00:04:40.1379601Z test native_pipeline::pipeline::authentication::tests::completed_reply_body_bind_and_backpressure_keep_the_original_permit ... ok
Rust checks	UNKNOWN STEP	2026-10-04T00:04:40.1386857Z test native_pipeline::pipeline::authentication::tests::dropped_authentication_ticket_and_unconsumed_error_retain_live_job_budget ... ok
Rust checks	UNKNOWN STEP	2026-10-04T00:04:40.1396686Z test native_pipeline::pipeline::authentication::tests::optional_authentication_reserves_current_slot_and_worst_case_bytes ... ok
Rust checks	UNKNOWN STEP	2026-10-04T00:04:40.1398137Z test native_pipeline::pipeline::authentication::tests::real_background_bind_keeps_original_permit_through_shutdown_and_unconsumed_success ... ignored, requires explicit NOVOVM_AOEM_TEST_LIBRARY; real background bind/retained reply/cold records, not finality or native preemption
Rust checks	UNKNOWN STEP	2026-10-04T00:04:40.1399557Z test native_pipeline::pipeline::authentication::tests::real_parent_independent_authentication_rebinds_only_through_fresh_capture_and_recovers ... ignored, requires explicit NOVOVM_AOEM_TEST_LIBRARY; real two-stage local pipeline and database reopen, not finality/TPS
Rust checks	UNKNOWN STEP	2026-10-04T00:04:40.1400985Z test native_pipeline::pipeline::authentication::tests::unaccepted_authentication_keeps_exact_allocation_on_busy_full_or_invalid_input ... ok
Rust checks	UNKNOWN STEP	2026-10-04T00:04:40.1424418Z test native_pipeline::pipeline::authentication::tests::wrong_owner_and_domain_return_same_body_without_releasing_or_substituting_it ... ok
Rust checks	UNKNOWN STEP	2026-10-04T00:04:40.1425426Z test native_pipeline::pipeline::compute::tests::all_cross_owner_payloads_are_owned_send_types ... ok
Rust checks	UNKNOWN STEP	2026-10-04T00:04:40.1426312Z test native_pipeline::pipeline::compute::tests::configured_domain_cannot_be_replaced_by_request_or_capture ... ok
Rust checks	UNKNOWN STEP	2026-10-04T00:04:40.1427639Z test native_pipeline::pipeline::compute::tests::full_channel_returns_the_original_allocation_without_running_a_session ... ok
Rust checks	UNKNOWN STEP	2026-10-04T00:04:40.1428822Z test native_pipeline::pipeline::compute::tests::ordinary_rejection_does_not_latch_but_unwind_rejects_all_later_work ... ok
Rust checks	UNKNOWN STEP	2026-10-04T00:04:40.1430214Z test native_pipeline::pipeline::compute::tests::real_resident_owner_authenticates_and_executes_repeated_owned_captures ... ignored, requires explicit NOVOVM_AOEM_TEST_LIBRARY; resident owner, not node/TPS evidence
Rust checks	UNKNOWN STEP	2026-10-04T00:04:40.1431581Z test native_pipeline::pipeline::compute::tests::tickets_are_nonblocking_and_consumed_exactly_once_even_on_error ... ok
Rust checks	UNKNOWN STEP	2026-10-04T00:04:40.1443661Z test native_pipeline::pipeline::driver::tests::completed_jobs_do_not_skip_or_promote_background_in_the_next_round ... ok
Rust checks	UNKNOWN STEP	2026-10-04T00:04:40.1444937Z test native_pipeline::pipeline::driver::tests::ordinary_admissions_precede_background_without_reordering_ordinary_jobs ... ok
Rust checks	UNKNOWN STEP	2026-10-04T00:04:40.1454948Z test native_pipeline::pipeline::driver::tests::typed_background_bind_stays_after_ordinary_and_priority_is_not_permit_class ... ok
Rust checks	UNKNOWN STEP	2026-10-04T00:04:40.1457016Z test native_pipeline::pipeline::driver::tests::typed_signature_admission_never_takes_current_candidate_scheduling_priority ... ok
Rust checks	UNKNOWN STEP	2026-10-04T00:04:40.1603165Z test native_pipeline::pipeline::seed::tests::optional_seed_declines_unrepresentable_maximum_and_poisoned_accounting ... ok
Rust checks	UNKNOWN STEP	2026-10-04T00:04:40.1604178Z test native_pipeline::pipeline::seed::tests::real_two_height_seed_matches_full_capture_and_reopens_with_original_budgets ... ignored, requires explicit NOVOVM_AOEM_TEST_LIBRARY; real two-height seed hits, fallback and cold economics, not finality/TPS
Rust checks	UNKNOWN STEP	2026-10-04T00:04:40.1746067Z test native_pipeline::pipeline::seed::tests::seed_byte_lease_inclusive_bound_preserves_live_batch_accounting ... ok
Rust checks	UNKNOWN STEP	2026-10-04T00:04:40.1889868Z test native_pipeline::pipeline::seed::tests::seed_leaves_maximum_background_and_ordinary_admission_without_using_slots ... ok
Rust checks	UNKNOWN STEP	2026-10-04T00:04:40.2238869Z test native_pipeline::pipeline::seed::tests::seed_refuses_wrong_postroot_exceeded_bounds_and_busy_accounting ... ok
Rust checks	UNKNOWN STEP	2026-10-04T00:04:40.2310882Z test native_pipeline::pipeline::seed::tests::seed_wrong_context_never_supplies_bytes_or_parent_authority ... ok
Rust checks	UNKNOWN STEP	2026-10-04T00:04:40.2314238Z test native_pipeline::pipeline::tests::background_admission_reserves_an_ordinary_slot_and_worst_case_content ... ok
Rust checks	UNKNOWN STEP	2026-10-04T00:04:40.2316228Z test native_pipeline::pipeline::tests::background_reply_and_abandoned_ticket_never_release_live_work_early ... ok
Rust checks	UNKNOWN STEP	2026-10-04T00:04:40.2318743Z test native_pipeline::pipeline::tests::full_queue_returns_exact_input_and_domain_byte_limits_precede_admission ... ok
Rust checks	UNKNOWN STEP	2026-10-04T00:04:40.2321573Z test native_pipeline::pipeline::tests::owned_admission_checks_sender_and_worker_before_enqueue ... ok
Rust checks	UNKNOWN STEP	2026-10-04T00:04:40.2325480Z test native_pipeline::pipeline::tests::owned_admission_returns_allocations_on_domain_size_and_reservation_errors ... ok
Rust checks	UNKNOWN STEP	2026-10-04T00:04:40.2328255Z test native_pipeline::pipeline::tests::owned_disconnected_and_poisoned_admission_return_request_without_leaking_quota ... ok
Rust checks	UNKNOWN STEP	2026-10-04T00:04:40.2330310Z test native_pipeline::pipeline::tests::owned_full_and_busy_admission_preserve_allocation_and_release_unused_permits ... ok
Rust checks	UNKNOWN STEP	2026-10-04T00:04:40.2331920Z test native_pipeline::pipeline::tests::owned_success_is_accepted_even_when_the_reply_is_later_lost ... ok
Rust checks	UNKNOWN STEP	2026-10-04T00:04:40.2333101Z test native_pipeline::pipeline::tests::real_paused_compute_does_not_block_control_or_aoem_storage_queries ... ignored, requires real AOEM; explicit worker latch proves control isolation, NOT natural concurrency or TPS
Rust checks	UNKNOWN STEP	2026-10-04T00:04:40.2334119Z test native_pipeline::pipeline::tests::unconsumed_error_reply_and_lost_ticket_keep_whole_job_reservations ... ok
Rust checks	UNKNOWN STEP	2026-10-04T00:04:40.2407538Z test native_pipeline::proof::receipt::tests::missing_image_guest_and_malformed_inputs_fail_closed ... ok
Rust checks	UNKNOWN STEP	2026-10-04T00:04:40.2484581Z test native_pipeline::proof::receipt::tests::prepared_candidate_and_executed_have_identical_independent_journal ... ok
Rust checks	UNKNOWN STEP	2026-10-04T00:04:40.2557273Z test native_pipeline::proof::receipt::tests::proof_output_is_verified_with_independent_image_and_all_journal_bytes ... ok
Rust checks	UNKNOWN STEP	2026-10-04T00:04:40.2855274Z test native_pipeline::proof::tests::all_wire_truncations_bad_version_and_trailing_bytes_are_rejected ... ok
Rust checks	UNKNOWN STEP	2026-10-04T00:04:40.2970939Z test native_pipeline::proof::tests::bad_signature_wrong_chain_nonce_and_duplicate_transactions_are_rejected ... ok
Rust checks	UNKNOWN STEP	2026-10-04T00:04:40.3048217Z test native_pipeline::proof::tests::invalid_height_and_exhausted_state_version_are_rejected ... ok
Rust checks	UNKNOWN STEP	2026-10-04T00:04:40.3048858Z test native_pipeline::proof::tests::journal_has_fixed_versioned_size ... ok
Rust checks	UNKNOWN STEP	2026-10-04T00:04:40.3480381Z test native_pipeline::proof::tests::legal_transaction_reordering_and_different_parent_economics_change_journal ... ok
Rust checks	UNKNOWN STEP	2026-10-04T00:04:40.3553219Z test native_pipeline::proof::tests::oversized_noncanonical_and_invalid_policy_encoding_is_rejected ... ok
Rust checks	UNKNOWN STEP	2026-10-04T00:04:40.3681059Z test native_pipeline::proof::tests::signed_parent_relation_matches_direct_result_and_fixed_journal_fields ... ok
Rust checks	UNKNOWN STEP	2026-10-04T00:04:40.4188965Z test native_pipeline::proof::tests::valid_alternate_contexts_change_journal_instead_of_claiming_rejection ... ok
Rust checks	UNKNOWN STEP	2026-10-04T00:04:40.4417493Z test native_pipeline::proof::tests::wire_count_field_body_and_total_limits_are_checked_before_admission ... ok
Rust checks	UNKNOWN STEP	2026-10-04T00:04:40.4494419Z test native_pipeline::proof::tests::wire_roundtrip_preserves_context_raw_policy_and_original_parent_witness ... ok
Rust checks	UNKNOWN STEP	2026-10-04T00:04:40.4613128Z test native_pipeline::proof::tests::wrong_business_profile_and_parent_policy_are_rejected ... ok
Rust checks	UNKNOWN STEP	2026-10-04T00:04:40.4709487Z test native_pipeline::proof::tests::wrong_parent_or_corrupted_missing_and_trailing_witness_are_rejected ... ok
Rust checks	UNKNOWN STEP	2026-10-04T00:04:40.4721841Z test native_pipeline::service::config::tests::duplicate_allocations_bad_numbers_and_missing_quorum_profile_are_rejected ... ok
Rust checks	UNKNOWN STEP	2026-10-04T00:04:40.4837624Z test native_pipeline::service::config::tests::genesis_derivation_binds_economics_validator_weights_and_protocol ... ok
Rust checks	UNKNOWN STEP	2026-10-04T00:04:40.4838529Z test native_pipeline::service::config::tests::hex_is_bounded_and_not_lossily_decoded ... ok
Rust checks	UNKNOWN STEP	2026-10-04T00:04:40.4839910Z test native_pipeline::service::config::tests::real_resident_startup_reopen_preserves_genesis_and_refuses_recreate ... ignored, requires explicit trusted NOVOVM_AOEM_TEST_LIBRARY; opens a real fresh AOEM database
Rust checks	UNKNOWN STEP	2026-10-04T00:04:40.4840680Z test native_pipeline::service::config::tests::relative_paths_follow_configuration_directory ... ok
Rust checks	UNKNOWN STEP	2026-10-04T00:04:40.4841246Z test native_pipeline::service::rpc::gossip::tests::hints_isolate_full_peer_without_retransmitting_reserved_recipients ... ok
Rust checks	UNKNOWN STEP	2026-10-04T00:04:40.5502764Z test native_pipeline::service::rpc::gossip::tests::hints_remain_bounded_by_pool_entries_and_round_robin_peers ... ok
Rust checks	UNKNOWN STEP	2026-10-04T00:04:40.5503608Z test native_pipeline::service::rpc::gossip::tests::repair_reuses_only_retained_originals_with_same_body_budget_and_order ... ok
Rust checks	UNKNOWN STEP	2026-10-04T00:04:40.5505451Z test native_pipeline::service::rpc::tests::abandoned_completed_balance_results_do_not_exhaust_query_slots ... ok
Rust checks	UNKNOWN STEP	2026-10-04T00:04:40.5517961Z test native_pipeline::service::rpc::tests::apfl_pending_prefix_uses_exact_original_signature_and_nonce_not_codec_trust ... ok
Rust checks	UNKNOWN STEP	2026-10-04T00:04:40.5519193Z test native_pipeline::service::rpc::tests::balance_backpressure_preserves_all_unfinished_slots_and_only_evicts_completed ... ok
Rust checks	UNKNOWN STEP	2026-10-04T00:04:40.5542129Z test native_pipeline::service::rpc::tests::batch_selection_obeys_network_byte_limit_without_dropping_pending_or_nonce_credit ... ok
Rust checks	UNKNOWN STEP	2026-10-04T00:04:40.5543029Z test native_pipeline::service::rpc::tests::batch_selection_preserves_nonce_gaps_successor_prefix_and_count_cap ... ok
Rust checks	UNKNOWN STEP	2026-10-04T00:04:40.5543680Z test native_pipeline::service::rpc::tests::business_failure_is_not_counted_as_success_or_zk ... ok
Rust checks	UNKNOWN STEP	2026-10-04T00:04:40.5552255Z test native_pipeline::service::rpc::tests::early_selection_uses_exact_verified_bytes_and_never_mutates_parent_nonces ... ok
Rust checks	UNKNOWN STEP	2026-10-04T00:04:40.5557093Z test native_pipeline::service::rpc::tests::full_signed_transfer_hex_reaches_the_real_authenticator ... ok
Rust checks	UNKNOWN STEP	2026-10-04T00:04:40.5558484Z test native_pipeline::service::rpc::tests::raw_and_hash_requests_are_bounded_and_canonical ... ok
Rust checks	UNKNOWN STEP	2026-10-04T00:04:40.8036766Z test native_pipeline::service::tests::rpc_pipeline_budget_covers_real_independent_accounts_not_only_shared_receiver ... ok
Rust checks	UNKNOWN STEP	2026-10-04T00:04:40.8075770Z test native_pipeline::state::frontier::capture::tests::bad_reply_is_atomic_terminal_and_is_never_an_absent_application_key ... ok
Rust checks	UNKNOWN STEP	2026-10-04T00:04:40.8077069Z test native_pipeline::state::frontier::capture::tests::bounded_plan_capture_retains_original_body_root_and_permissions ... ok
Rust checks	UNKNOWN STEP	2026-10-04T00:04:40.8103291Z test native_pipeline::state::frontier::capture::tests::deletion_sibling_placement_is_checked_without_reading_its_descendants ... ok
Rust checks	UNKNOWN STEP	2026-10-04T00:04:40.8104720Z test native_pipeline::state::frontier::capture::tests::empty_parent_finishes_without_io_but_keeps_exact_access_permissions ... ok
Rust checks	UNKNOWN STEP	2026-10-04T00:04:40.8106087Z test native_pipeline::state::frontier::capture::tests::incomplete_unsolicited_duplicate_and_invalid_declarations_are_rejected ... ok
Rust checks	UNKNOWN STEP	2026-10-04T00:04:41.0920339Z test native_pipeline::state::frontier::capture::tests::incremental_reads_are_deduplicated_bounded_and_never_replay_prior_edges ... ok
Rust checks	UNKNOWN STEP	2026-10-04T00:04:41.1067473Z test native_pipeline::state::frontier::capture::tests::precise_limits_are_inclusive_and_smaller_limits_fail_closed ... ok
Rust checks	UNKNOWN STEP	2026-10-04T00:04:41.1098677Z test native_pipeline::state::frontier::capture::tests::shared_cached_node_is_revalidated_on_every_incoming_edge ... ok
Rust checks	UNKNOWN STEP	2026-10-04T00:04:41.1329517Z test native_pipeline::state::frontier::capture::tests::source_drop_and_threaded_delete_insert_repeated_changes_match_full_reader ... ok
Rust checks	UNKNOWN STEP	2026-10-04T00:04:41.1888008Z test native_pipeline::state::frontier::seed::tests::complete_seed_recaptures_put_delete_and_absence_without_any_source ... ok
Rust checks	UNKNOWN STEP	2026-10-04T00:04:41.2047723Z test native_pipeline::state::frontier::seed::tests::partial_seed_uses_bulk_storage_misses_and_never_invents_absence ... ok
Rust checks	UNKNOWN STEP	2026-10-04T00:04:41.2118087Z test native_pipeline::state::frontier::seed::tests::seed_does_not_inherit_permissions_or_bypass_child_capture_bounds ... ok
Rust checks	UNKNOWN STEP	2026-10-04T00:04:41.2278968Z test native_pipeline::state::frontier::seed::tests::seed_limits_are_inclusive_and_optional_but_corruption_is_an_error ... ok
Rust checks	UNKNOWN STEP	2026-10-04T00:04:41.2291881Z test native_pipeline::state::frontier::seed::tests::seed_moves_both_maps_and_charges_every_hash_and_duplicate_allocation ... ok
Rust checks	UNKNOWN STEP	2026-10-04T00:04:41.2341740Z test native_pipeline::state::frontier::seed::tests::seeded_shared_node_is_rechecked_at_each_incoming_edge ... ok
Rust checks	UNKNOWN STEP	2026-10-04T00:04:41.2377699Z test native_pipeline::state::frontier::seed::tests::wrong_seed_root_is_only_a_cache_miss ... ok
Rust checks	UNKNOWN STEP	2026-10-04T00:04:41.2379705Z test native_pipeline::state::frontier::tests::authenticated_absence_is_not_unknown_key_or_missing_frontier_content ... ok
Rust checks	UNKNOWN STEP	2026-10-04T00:04:41.2381395Z test native_pipeline::state::frontier::tests::batch_read_failure_does_not_turn_missing_captured_content_into_absence ... ok
Rust checks	UNKNOWN STEP	2026-10-04T00:04:41.2385842Z test native_pipeline::state::frontier::tests::batch_reads_do_not_expose_captured_deletion_siblings_or_a_successful_prefix ... ok
Rust checks	UNKNOWN STEP	2026-10-04T00:04:41.2390547Z test native_pipeline::state::frontier::tests::batch_reads_preserve_absence_order_duplicates_and_source_independence ... ok
Rust checks	UNKNOWN STEP	2026-10-04T00:04:41.2392011Z test native_pipeline::state::frontier::tests::capture_rejects_missing_corrupt_and_failing_source_instead_of_absence ... ok
Rust checks	UNKNOWN STEP	2026-10-04T00:04:41.2398323Z test native_pipeline::state::frontier::tests::declared_permissions_and_unknown_writes_fail_without_partial_effects ... ok
Rust checks	UNKNOWN STEP	2026-10-04T00:04:41.2403902Z test native_pipeline::state::frontier::tests::deletion_capture_includes_the_other_leaf_needed_for_branch_collapse ... ok
Rust checks	UNKNOWN STEP	2026-10-04T00:04:42.3862214Z test native_pipeline::state::frontier::tests::deterministic_mixed_changes_match_full_reader_across_128_parent_plans ... ok
Rust checks	UNKNOWN STEP	2026-10-04T00:04:42.3863298Z test native_pipeline::state::frontier::tests::duplicate_empty_and_invalid_key_declarations_fail_before_reading_source ... ok
Rust checks	UNKNOWN STEP	2026-10-04T00:04:42.3865815Z test native_pipeline::state::frontier::tests::empty_parent_needs_no_source_and_supports_insert_delete_and_noop ... ok
Rust checks	UNKNOWN STEP	2026-10-04T00:04:42.3872469Z test native_pipeline::state::frontier::tests::key_node_and_byte_budgets_are_inclusive_and_count_unique_content ... ok
Rust checks	UNKNOWN STEP	2026-10-04T00:04:42.3873247Z test native_pipeline::state::frontier::tests::owned_input_is_send_sync_and_static ... ok
Rust checks	UNKNOWN STEP	2026-10-04T00:04:42.3900781Z test native_pipeline::state::frontier::tests::repeated_changes_preserve_order_and_exact_full_reader_result ... ok
Rust checks	UNKNOWN STEP	2026-10-04T00:04:42.3907005Z test native_pipeline::state::frontier::tests::threaded_computation_uses_no_source_after_capture_and_drop ... ok
Rust checks	UNKNOWN STEP	2026-10-04T00:04:42.3918325Z test native_pipeline::state::frontier::witness::tests::canonical_roundtrip_retains_exact_access_and_real_update_after_source_drop ... ok
Rust checks	UNKNOWN STEP	2026-10-04T00:04:42.4147557Z test native_pipeline::state::frontier::witness::tests::every_truncation_and_changed_byte_and_trailing_payload_fail_closed ... ok
Rust checks	UNKNOWN STEP	2026-10-04T00:04:42.4153235Z test native_pipeline::state::frontier::witness::tests::exact_node_byte_budget_excludes_bounded_framing_and_limits_are_inclusive ... ok
Rust checks	UNKNOWN STEP	2026-10-04T00:04:42.4157330Z test native_pipeline::state::frontier::witness::tests::independent_access_rejects_missing_extra_duplicate_keys_and_changed_permissions ... ok
Rust checks	UNKNOWN STEP	2026-10-04T00:04:42.4160517Z test native_pipeline::state::frontier::witness::tests::leaf_minimum_maximum_and_declared_length_limits_match_patricia_v1 ... ok
Rust checks	UNKNOWN STEP	2026-10-04T00:04:42.4167859Z test native_pipeline::state::frontier::witness::tests::missing_absence_path_or_delete_sibling_is_not_absence ... ok
Rust checks	UNKNOWN STEP	2026-10-04T00:04:42.4172548Z test native_pipeline::state::frontier::witness::tests::ordered_unique_nodes_reject_detached_extras_and_candidate_output_substitution ... ok
Rust checks	UNKNOWN STEP	2026-10-04T00:04:42.4174776Z test native_pipeline::state::frontier::witness::tests::rehashed_wrong_child_direction_is_rejected_not_just_individual_hash_checked ... ok
Rust checks	UNKNOWN STEP	2026-10-04T00:04:42.4177396Z test native_pipeline::state::frontier::witness::tests::trusted_empty_parent_has_empty_frontier_but_still_exact_permissions ... ok
Rust checks	UNKNOWN STEP	2026-10-04T00:04:42.5180503Z test native_pipeline::state::tree::batch::tests::all_noop_puts_stage_nothing_and_empty_batch_does_not_read_parent ... ok
Rust checks	UNKNOWN STEP	2026-10-04T00:04:42.5181593Z test native_pipeline::state::tree::batch::tests::cache_hit_still_checks_each_incoming_parent_edge ... ok
Rust checks	UNKNOWN STEP	2026-10-04T00:04:42.5184355Z test native_pipeline::state::tree::batch::tests::deletes_and_duplicate_digests_are_not_coalesced ... ok
Rust checks	UNKNOWN STEP	2026-10-04T00:04:42.5190971Z test native_pipeline::state::tree::batch::tests::duplicate_run_fallback_and_delete_positions_are_preserved ... ok
Rust checks	UNKNOWN STEP	2026-10-04T00:04:42.9084212Z test native_pipeline::state::tree::batch::tests::each_shared_ancestor_is_staged_once_on_build_and_replacement ... ok
Rust checks	UNKNOWN STEP	2026-10-04T00:04:43.7463598Z test native_pipeline::state::tree::batch::tests::full_256_branch_depth_preserves_roots_and_noop_staging ... ok
Rust checks	UNKNOWN STEP	2026-10-04T00:04:44.0041458Z test native_pipeline::state::tree::batch::tests::large_put_runs_still_batch_with_intervening_deletes_and_ordered_duplicate_run ... ok
Rust checks	UNKNOWN STEP	2026-10-04T00:04:44.0048233Z test native_pipeline::state::tree::batch::tests::later_put_run_cannot_hide_a_delete_collapse_missing_parent_node ... ok
Rust checks	UNKNOWN STEP	2026-10-04T00:04:44.0049828Z test native_pipeline::state::tree::batch::tests::missing_or_corrupt_existing_root_cannot_be_hidden_by_new_prefixes ... ok
Rust checks	UNKNOWN STEP	2026-10-04T00:04:44.1099393Z test native_pipeline::state::tree::batch::tests::noop_runs_separated_by_absent_deletes_do_not_stage_anything ... ok
Rust checks	UNKNOWN STEP	2026-10-04T00:04:44.2779267Z test native_pipeline::state::tree::batch::tests::original_input_and_internal_resource_bounds_are_preserved ... ok
Rust checks	UNKNOWN STEP	2026-10-04T00:04:44.2942420Z test native_pipeline::state::tree::batch::tests::sorted_inputs_mixed_with_old_leaves_cover_shallower_and_deepest_splits ... ok
Rust checks	UNKNOWN STEP	2026-10-04T00:04:44.2945771Z test native_pipeline::state::tree::batch::tests::untouched_child_is_not_loaded_but_touched_child_stays_required ... ok
Rust checks	UNKNOWN STEP	2026-10-04T00:04:44.4112036Z test native_pipeline::state::tree::batch_conformance::detached_sparse_frontier_supports_bulk_puts_without_authority_or_extra_reads ... ok
Rust checks	UNKNOWN STEP	2026-10-04T00:04:44.4116854Z test native_pipeline::state::tree::batch_conformance::duplicate_and_delete_sequences_keep_the_original_ordered_contract ... ok
Rust checks	UNKNOWN STEP	2026-10-04T00:04:44.5034097Z test native_pipeline::state::tree::batch_conformance::every_original_accessed_parent_node_remains_required_and_authenticated ... ok
Rust checks	UNKNOWN STEP	2026-10-04T00:04:47.0512421Z test native_pipeline::state::tree::batch_conformance::many_parent_versions_and_put_orders_match_original_root_and_node_bytes ... ok
Rust checks	UNKNOWN STEP	2026-10-04T00:04:47.0721074Z test native_pipeline::state::tree::batch_conformance::unique_noop_puts_still_check_parent_edges_and_do_not_restage ... ok
Rust checks	UNKNOWN STEP	2026-10-04T00:04:47.0730834Z test native_pipeline::state::tree::batch_conformance::unique_put_batch_preserves_all_input_bounds_including_late_invalid_items ... ok
Rust checks	UNKNOWN STEP	2026-10-04T00:04:47.0732922Z test native_pipeline::state::tree::read_batch::tests::absent_endpoints_do_not_discard_matching_middle_or_duplicate_outputs ... ok
Rust checks	UNKNOWN STEP	2026-10-04T00:04:47.0734377Z test native_pipeline::state::tree::read_batch::tests::cached_wrong_edge_is_rejected_before_compressed_prefix_absence ... ok
Rust checks	UNKNOWN STEP	2026-10-04T00:04:47.2571880Z test native_pipeline::state::tree::read_batch::tests::every_node_required_by_point_reads_remains_required_and_hash_checked ... ok
Rust checks	UNKNOWN STEP	2026-10-04T00:04:47.9535011Z test native_pipeline::state::tree::read_batch::tests::full_256_branch_depth_and_last_bit_absence_remain_bounded ... ok
Rust checks	UNKNOWN STEP	2026-10-04T00:04:47.9635092Z test native_pipeline::state::tree::read_batch::tests::query_key_node_and_cumulative_reader_limits_are_preserved ... ok
Rust checks	UNKNOWN STEP	2026-10-04T00:04:48.0568199Z test native_pipeline::state::tree::read_batch::tests::shared_512_key_traversal_reads_each_reachable_node_once ... ok
Rust checks	UNKNOWN STEP	2026-10-04T00:04:48.0570719Z test native_pipeline::state::tree::read_batch::tests::thread_local_counters_record_successful_calls_and_original_query_count_only ... ok
Rust checks	UNKNOWN STEP	2026-10-04T00:04:48.1501575Z test native_pipeline::state::tree::read_batch::tests::unordered_duplicates_present_and_absent_match_independent_point_reads ... ok
Rust checks	UNKNOWN STEP	2026-10-04T00:04:48.1504243Z test native_pipeline::state::tree::read_batch::tests::untouched_child_is_not_loaded_and_empty_queries_do_not_validate_root ... ok
Rust checks	UNKNOWN STEP	2026-10-04T00:04:48.1506844Z test native_pipeline::state::tree::read_batch::tests::wrong_branch_placement_is_checked_before_filtering_all_queries_as_absent ... ok
Rust checks	UNKNOWN STEP	2026-10-04T00:04:48.1512730Z test native_pipeline::state::tree::tests::capture_delete_includes_the_survivor_missing_from_a_query_path ... ok
Rust checks	UNKNOWN STEP	2026-10-04T00:04:48.1515181Z test native_pipeline::state::tree::tests::capture_rejects_missing_misdirected_and_malformed_siblings ... ok
Rust checks	UNKNOWN STEP	2026-10-04T00:04:48.1549992Z test native_pipeline::state::tree::tests::capture_stops_at_immediate_sibling_root_and_proves_absence ... ok
Rust checks	UNKNOWN STEP	2026-10-04T00:04:48.6479042Z test native_pipeline::state::tree::tests::captured_parent_closes_repeated_planned_puts_and_deletes_without_live_reads ... ok
Rust checks	UNKNOWN STEP	2026-10-04T00:04:48.6483002Z test native_pipeline::state::tree::tests::collapsing_a_branch_checks_survivor_availability_and_direction ... ok
Rust checks	UNKNOWN STEP	2026-10-04T00:04:48.6484121Z test native_pipeline::state::tree::tests::corrupt_missing_and_noncanonical_nodes_fail_closed ... ok
Rust checks	UNKNOWN STEP	2026-10-04T00:04:48.6485184Z test native_pipeline::state::tree::tests::current_state_larger_than_eight_mib_has_bounded_single_key_updates ... ignored, large incremental-state capacity fixture; explicitly run
Rust checks	UNKNOWN STEP	2026-10-04T00:04:48.6636407Z test native_pipeline::state::tree::tests::deletion_compresses_paths_and_restores_canonical_empty_root ... ok
Rust checks	UNKNOWN STEP	2026-10-04T00:04:48.6638608Z test native_pipeline::state::tree::tests::invalid_child_direction_is_not_reported_as_absence ... ok
Rust checks	UNKNOWN STEP	2026-10-04T00:04:48.6673402Z test native_pipeline::state::tree::tests::no_op_changes_do_not_restage_ancestor_nodes ... ok
Rust checks	UNKNOWN STEP	2026-10-04T00:04:48.6674361Z test native_pipeline::state::tree::tests::node_validation_and_reader_budget_are_local_and_bounded ... ok
Rust checks	UNKNOWN STEP	2026-10-04T00:04:49.9202594Z test native_pipeline::state::tree::tests::randomized_changes_match_ordered_map_across_batch_boundaries ... ok
Rust checks	UNKNOWN STEP	2026-10-04T00:04:49.9398122Z test native_pipeline::state::tree::tests::roots_are_order_independent_and_old_versions_remain_readable ... ok
Rust checks	UNKNOWN STEP	2026-10-04T00:04:49.9412590Z test native_pipeline::state::tree::tests::streaming_scan_validates_all_child_paths_and_respects_budget ... ok
Rust checks	UNKNOWN STEP	2026-10-04T00:04:49.9419968Z test native_pipeline::state::tree::tests::updates_are_bounded_and_never_write_to_reader ... ok
Rust checks	UNKNOWN STEP	2026-10-04T00:04:49.9420397Z 
Rust checks	UNKNOWN STEP	2026-10-04T00:04:49.9420621Z test result: ok. 369 passed; 0 failed; 56 ignored; 0 measured; 1112 filtered out; finished in 10.72s
Rust checks	UNKNOWN STEP	2026-10-04T00:04:49.9420904Z 
Rust checks	UNKNOWN STEP	2026-10-04T00:04:49.9793600Z ^[[1m^[[33mwarning^[[0m: /home/runner/work/supervm/supervm/crates/novovm-node/Cargo.toml: file `/home/runner/work/supervm/supervm/crates/novovm-node/src/bin/supervm-native-pipeline-cross-machine-udp-soak.rs` found to be present in multiple build targets:
Rust checks	UNKNOWN STEP	2026-10-04T00:04:49.9794572Z   * `bin` target `supervm-native-pipeline-cross-machine-udp-soak`
Rust checks	UNKNOWN STEP	2026-10-04T00:04:49.9794954Z   * `bin` target `supervm-native-pipeline-cross-machine-fault-udp-soak`
Rust checks	UNKNOWN STEP	2026-10-04T00:04:49.9795328Z   * `bin` target `supervm-native-pipeline-cross-machine-sustained-soak`
Rust checks	UNKNOWN STEP	2026-10-04T00:04:49.9795692Z   * `bin` target `supervm-native-pipeline-memory-bisect-gate`
Rust checks	UNKNOWN STEP	2026-10-04T00:04:50.0906896Z ^[[1m^[[92m   Compiling^[[0m aoem-bindings v0.1.0 (/home/runner/work/supervm/supervm/crates/aoem-bindings)
Rust checks	UNKNOWN STEP	2026-10-04T00:04:50.0934987Z ^[[1m^[[92m   Compiling^[[0m novovm-protocol v0.1.0 (/home/runner/work/supervm/supervm/crates/novovm-protocol)
Rust checks	UNKNOWN STEP	2026-10-04T00:04:50.0936058Z ^[[1m^[[92m   Compiling^[[0m novovm-adapter-api v0.1.0 (/home/runner/work/supervm/supervm/crates/novovm-adapter-api)
Rust checks	UNKNOWN STEP	2026-10-04T00:04:51.2071110Z ^[[1m^[[92m   Compiling^[[0m novovm-adapter-evm-core v0.1.0 (/home/runner/work/supervm/supervm/crates/plugins/evm/core)
Rust checks	UNKNOWN STEP	2026-10-04T00:04:51.5096335Z ^[[1m^[[92m   Compiling^[[0m web30-core v0.1.0 (/home/runner/work/supervm/supervm/vendor/web30-core)
Rust checks	UNKNOWN STEP	2026-10-04T00:04:51.6938263Z ^[[1m^[[92m   Compiling^[[0m novovm-exec v0.1.0 (/home/runner/work/supervm/supervm/crates/novovm-exec)
Rust checks	UNKNOWN STEP	2026-10-04T00:04:51.6998023Z ^[[1m^[[92m   Compiling^[[0m novovm-network v0.1.0 (/home/runner/work/supervm/supervm/crates/novovm-network)
Rust checks	UNKNOWN STEP	2026-10-04T00:04:53.0534017Z ^[[1m^[[92m   Compiling^[[0m novovm-consensus v0.1.0 (/home/runner/work/supervm/supervm/crates/novovm-consensus)
Rust checks	UNKNOWN STEP	2026-10-04T00:04:53.1598373Z ^[[1m^[[92m   Compiling^[[0m novovm-adapter-novovm v0.1.0 (/home/runner/work/supervm/supervm/crates/novovm-adapter-novovm)
Rust checks	UNKNOWN STEP	2026-10-04T00:04:54.3425462Z ^[[1m^[[92m   Compiling^[[0m novovm-adapter-evm-plugin v0.1.0 (/home/runner/work/supervm/supervm/crates/plugins/evm/plugin)
Rust checks	UNKNOWN STEP	2026-10-04T00:05:01.3767242Z ^[[1m^[[92m   Compiling^[[0m novovm-node v0.1.0 (/home/runner/work/supervm/supervm/crates/novovm-node)
Rust checks	UNKNOWN STEP	2026-10-04T00:05:34.0692230Z ^[[1m^[[92m    Finished^[[0m `dev` profile [unoptimized + debuginfo] target(s) in 44.09s
Rust checks	UNKNOWN STEP	2026-10-04T00:05:34.2072282Z ^[[1m^[[33mwarning^[[0m: /home/runner/work/supervm/supervm/crates/novovm-node/Cargo.toml: file `/home/runner/work/supervm/supervm/crates/novovm-node/src/bin/supervm-native-pipeline-cross-machine-udp-soak.rs` found to be present in multiple build targets:
Rust checks	UNKNOWN STEP	2026-10-04T00:05:34.2074135Z   * `bin` target `supervm-native-pipeline-cross-machine-udp-soak`
Rust checks	UNKNOWN STEP	2026-10-04T00:05:34.2074551Z   * `bin` target `supervm-native-pipeline-cross-machine-fault-udp-soak`
Rust checks	UNKNOWN STEP	2026-10-04T00:05:34.2074930Z   * `bin` target `supervm-native-pipeline-cross-machine-sustained-soak`
Rust checks	UNKNOWN STEP	2026-10-04T00:05:34.2075285Z   * `bin` target `supervm-native-pipeline-memory-bisect-gate`
Rust checks	UNKNOWN STEP	2026-10-04T00:05:34.3169922Z ^[[1m^[[92m   Compiling^[[0m web30-core v0.1.0 (/home/runner/work/supervm/supervm/vendor/web30-core)
Rust checks	UNKNOWN STEP	2026-10-04T00:05:35.1142222Z ^[[1m^[[92m   Compiling^[[0m novovm-adapter-novovm v0.1.0 (/home/runner/work/supervm/supervm/crates/novovm-adapter-novovm)
Rust checks	UNKNOWN STEP	2026-10-04T00:05:35.1143275Z ^[[1m^[[92m   Compiling^[[0m novovm-consensus v0.1.0 (/home/runner/work/supervm/supervm/crates/novovm-consensus)
Rust checks	UNKNOWN STEP	2026-10-04T00:05:35.4911805Z ^[[1m^[[92m   Compiling^[[0m novovm-adapter-evm-plugin v0.1.0 (/home/runner/work/supervm/supervm/crates/plugins/evm/plugin)
Rust checks	UNKNOWN STEP	2026-10-04T00:05:37.8420772Z ^[[1m^[[92m   Compiling^[[0m novovm-node v0.1.0 (/home/runner/work/supervm/supervm/crates/novovm-node)
Rust checks	UNKNOWN STEP	2026-10-04T00:06:27.3505936Z ^[[1m^[[92m    Finished^[[0m `test` profile [unoptimized + debuginfo] target(s) in 53.15s
Rust checks	UNKNOWN STEP	2026-10-04T00:06:27.3643923Z ^[[1m^[[92m     Running^[[0m unittests src/lib.rs (target/runtime-rebuild/debug/deps/novovm_node-8ed10d0afdf94e9a)
Rust checks	UNKNOWN STEP	2026-10-04T00:06:27.3692496Z 
Rust checks	UNKNOWN STEP	2026-10-04T00:06:27.3692791Z running 1 test
Rust checks	UNKNOWN STEP	2026-10-04T00:06:34.9889159Z test native_pipeline::consensus::tests::resident_rpc_process::actual_product_rpc_signed_batches_failures_quorum_and_restart ... ok
Rust checks	UNKNOWN STEP	2026-10-04T00:06:34.9889769Z 
Rust checks	UNKNOWN STEP	2026-10-04T00:06:34.9890064Z test result: ok. 1 passed; 0 failed; 0 ignored; 0 measured; 1536 filtered out; finished in 7.62s
Rust checks	UNKNOWN STEP	2026-10-04T00:06:34.9890456Z 
Rust checks	UNKNOWN STEP	2026-10-04T00:06:35.0263588Z ^[[1m^[[33mwarning^[[0m: /home/runner/work/supervm/supervm/crates/novovm-node/Cargo.toml: file `/home/runner/work/supervm/supervm/crates/novovm-node/src/bin/supervm-native-pipeline-cross-machine-udp-soak.rs` found to be present in multiple build targets:
Rust checks	UNKNOWN STEP	2026-10-04T00:06:35.0264595Z   * `bin` target `supervm-native-pipeline-cross-machine-udp-soak`
Rust checks	UNKNOWN STEP	2026-10-04T00:06:35.0264994Z   * `bin` target `supervm-native-pipeline-cross-machine-fault-udp-soak`
Rust checks	UNKNOWN STEP	2026-10-04T00:06:35.0265361Z   * `bin` target `supervm-native-pipeline-cross-machine-sustained-soak`
Rust checks	UNKNOWN STEP	2026-10-04T00:06:35.0265716Z   * `bin` target `supervm-native-pipeline-memory-bisect-gate`
Rust checks	UNKNOWN STEP	2026-10-04T00:06:35.1378939Z ^[[1m^[[92m    Finished^[[0m `test` profile [unoptimized + debuginfo] target(s) in 0.12s
Rust checks	UNKNOWN STEP	2026-10-04T00:06:35.1442358Z ^[[1m^[[92m     Running^[[0m unittests src/lib.rs (target/runtime-rebuild/debug/deps/novovm_node-8ed10d0afdf94e9a)
Rust checks	UNKNOWN STEP	2026-10-04T00:06:35.1491555Z 
Rust checks	UNKNOWN STEP	2026-10-04T00:06:35.1491813Z running 1 test
Rust checks	UNKNOWN STEP	2026-10-04T00:06:40.9394074Z test native_pipeline::consensus::tests::resident_rpc_process::actual_product_rpc_single_ingress_gossip_failures_and_restart ... ok
Rust checks	UNKNOWN STEP	2026-10-04T00:06:40.9394956Z 
Rust checks	UNKNOWN STEP	2026-10-04T00:06:40.9395230Z test result: ok. 1 passed; 0 failed; 0 ignored; 0 measured; 1536 filtered out; finished in 5.79s
Rust checks	UNKNOWN STEP	2026-10-04T00:06:40.9395630Z 
Rust checks	UNKNOWN STEP	2026-10-04T00:06:40.9761802Z ^[[1m^[[33mwarning^[[0m: /home/runner/work/supervm/supervm/crates/novovm-node/Cargo.toml: file `/home/runner/work/supervm/supervm/crates/novovm-node/src/bin/supervm-native-pipeline-cross-machine-udp-soak.rs` found to be present in multiple build targets:
Rust checks	UNKNOWN STEP	2026-10-04T00:06:40.9763477Z   * `bin` target `supervm-native-pipeline-cross-machine-udp-soak`
Rust checks	UNKNOWN STEP	2026-10-04T00:06:40.9764085Z   * `bin` target `supervm-native-pipeline-cross-machine-fault-udp-soak`
Rust checks	UNKNOWN STEP	2026-10-04T00:06:40.9764701Z   * `bin` target `supervm-native-pipeline-cross-machine-sustained-soak`
Rust checks	UNKNOWN STEP	2026-10-04T00:06:40.9765268Z   * `bin` target `supervm-native-pipeline-memory-bisect-gate`
Rust checks	UNKNOWN STEP	2026-10-04T00:06:41.0875586Z ^[[1m^[[92m    Finished^[[0m `test` profile [unoptimized + debuginfo] target(s) in 0.12s
Rust checks	UNKNOWN STEP	2026-10-04T00:06:41.0940276Z ^[[1m^[[92m     Running^[[0m unittests src/lib.rs (target/runtime-rebuild/debug/deps/novovm_node-8ed10d0afdf94e9a)
Rust checks	UNKNOWN STEP	2026-10-04T00:06:41.0989377Z 
Rust checks	UNKNOWN STEP	2026-10-04T00:06:41.0989555Z running 1 test
Rust checks	UNKNOWN STEP	2026-10-04T00:07:49.3281045Z test native_pipeline::consensus::tests::resident_rpc_process::offline::actual_product_rpc_offline_peer_isolation_quorum_catchup_and_restart ... ok
Rust checks	UNKNOWN STEP	2026-10-04T00:07:49.3281811Z 
Rust checks	UNKNOWN STEP	2026-10-04T00:07:49.3282256Z test result: ok. 1 passed; 0 failed; 0 ignored; 0 measured; 1536 filtered out; finished in 68.23s
Rust checks	UNKNOWN STEP	2026-10-04T00:07:49.3282705Z 
Rust checks	UNKNOWN STEP	2026-10-04T00:07:49.3621954Z ^[[1m^[[33mwarning^[[0m: /home/runner/work/supervm/supervm/crates/novovm-node/Cargo.toml: file `/home/runner/work/supervm/supervm/crates/novovm-node/src/bin/supervm-native-pipeline-cross-machine-udp-soak.rs` found to be present in multiple build targets:
Rust checks	UNKNOWN STEP	2026-10-04T00:07:49.3623515Z   * `bin` target `supervm-native-pipeline-cross-machine-udp-soak`
Rust checks	UNKNOWN STEP	2026-10-04T00:07:49.3624135Z   * `bin` target `supervm-native-pipeline-cross-machine-fault-udp-soak`
Rust checks	UNKNOWN STEP	2026-10-04T00:07:49.3624784Z   * `bin` target `supervm-native-pipeline-cross-machine-sustained-soak`
Rust checks	UNKNOWN STEP	2026-10-04T00:07:49.3625363Z   * `bin` target `supervm-native-pipeline-memory-bisect-gate`
Rust checks	UNKNOWN STEP	2026-10-04T00:07:49.4742672Z ^[[1m^[[92m    Finished^[[0m `test` profile [unoptimized + debuginfo] target(s) in 0.12s
Rust checks	UNKNOWN STEP	2026-10-04T00:07:49.4806793Z ^[[1m^[[92m     Running^[[0m unittests src/lib.rs (target/runtime-rebuild/debug/deps/novovm_node-8ed10d0afdf94e9a)
Rust checks	UNKNOWN STEP	2026-10-04T00:07:49.4855852Z 
Rust checks	UNKNOWN STEP	2026-10-04T00:07:49.4856040Z running 1 test
Rust checks	UNKNOWN STEP	2026-10-04T00:09:20.3880679Z test native_pipeline::consensus::tests::resident_rpc_process::aab::actual_product_rpc_a_a_b_equivocation_recovers_with_three_honest_signers ... FAILED
Rust checks	UNKNOWN STEP	2026-10-04T00:09:20.3881816Z 
Rust checks	UNKNOWN STEP	2026-10-04T00:09:20.3882370Z failures:
Rust checks	UNKNOWN STEP	2026-10-04T00:09:20.3882532Z 
Rust checks	UNKNOWN STEP	2026-10-04T00:09:20.3883145Z ---- native_pipeline::consensus::tests::resident_rpc_process::aab::actual_product_rpc_a_a_b_equivocation_recovers_with_three_honest_signers stdout ----
Rust checks	UNKNOWN STEP	2026-10-04T00:09:20.3884430Z actual product A/A/B artifacts=/home/runner/work/supervm/supervm/crates/novovm-node/../../target/resident-rpc-aab-tests/13598-1791072469485748567
Rust checks	UNKNOWN STEP	2026-10-04T00:09:20.3885782Z product relay connection closed: peer closed connection without sending TLS close_notify: https://docs.rs/rustls/latest/rustls/manual/_03_howto/index.html#unexpected-eof
Rust checks	UNKNOWN STEP	2026-10-04T00:09:20.3887378Z product relay connection closed: peer closed connection without sending TLS close_notify: https://docs.rs/rustls/latest/rustls/manual/_03_howto/index.html#unexpected-eof
Rust checks	UNKNOWN STEP	2026-10-04T00:09:20.3888762Z product relay connection closed: peer closed connection without sending TLS close_notify: https://docs.rs/rustls/latest/rustls/manual/_03_howto/index.html#unexpected-eof
Rust checks	UNKNOWN STEP	2026-10-04T00:09:20.3890136Z product relay connection closed: peer closed connection without sending TLS close_notify: https://docs.rs/rustls/latest/rustls/manual/_03_howto/index.html#unexpected-eof
Rust checks	UNKNOWN STEP	2026-10-04T00:09:20.3890880Z product relay stopped: reason=external_request elapsed_ms=90896
Rust checks	UNKNOWN STEP	2026-10-04T00:09:20.3891696Z actual product A/A/B report=/home/runner/work/supervm/supervm/crates/novovm-node/../../target/resident-rpc-aab-tests/13598-1791072469485748567/result.json
Rust checks	UNKNOWN STEP	2026-10-04T00:09:20.3936186Z Error: honest product decision 1 timeout; statuses=[Object {"profile": String("native-resident-v1"), "experimental": Bool(true), "core": String("novovm-node/native_pipeline -> novovm-exec/resident -> AOEM"), "consensus": String("novovm-consensus/round_bft/journal"), "chain_id": Number(292), "head": Object {"height": Number(1), "block_hash": Array [Number(206), Number(138), Number(228), Number(235), Number(172), Number(105), Number(199), Number(55), Number(147), Number(123), Number(235), Number(33), Number(233), Number(237), Number(194), Number(59), Number(56), Number(251), Number(13), Number(112), Number(22), Number(11), Number(197), Number(3), Number(131), Number(106), Number(113), Number(255), Number(0), Number(215), Number(202), Number(148)], "state_root": Array [Number(185), Number(227), Number(13), Number(93), Number(169), Number(253), Number(9), Number(75), Number(7), Number(0), Number(89), Number(46), Number(60), Number(182), Number(236), Number(199), Number(22), Number(246), Number(209), Number(180), Number(27), Number(150), Number(10), Number(21), Number(78), Number(113), Number(0), Number(22), Number(85), Number(68), Number(79), Number(12)], "receipt_batch_commitment": Array [Number(98), Number(88), Number(230), Number(225), Number(176), Number(135), Number(177), Number(146), Number(152), Number(10), Number(136), Number(26), Number(245), Number(193), Number(35), Number(209), Number(59), Number(188), Number(39), Number(61), Number(157), Number(20), Number(252), Number(123), Number(238), Number(43), Number(179), Number(95), Number(186), Number(57), Number(19), Number(138)], "state_version": Number(2), "decision_hash": Array [Number(238), Number(12), Number(85), Number(145), Number(191), Number(237), Number(45), Number(30), Number(140), Number(115), Number(198), Number(4), Number(54), Number(68), Number(241), Number(134), Number(216), Number(126), Number(134), Number(5), Number(170), Number(237), Number(66), Number(128), Number(228), Number(63), Number(74), Number(151), Number(56), Number(247), Number(163), Number(194)]}, "current_height": Number(2), "round": Number(5), "scheduled_proposer": String("0xbec679c5e723261658a2acb8541d380dff7e418b627a0310772c748920830c62"), "local_proposer": Bool(false), "pending": Number(0), "pending_bytes": Number(0), "rpc_indexed_height": Number(1), "projection_error": Null, "recovery_in_progress": Bool(false), "executed_batches": Number(2), "durable_decisions": Number(1), "execution_components_total": Number(4), "execution_credit_only_accounts_total": Number(2), "execution_peak_callbacks": Number(2), "execution_recomputed_transactions_total": Number(0), "apfl_view_transactions_total": Number(4), "apfl_transport": Object {"prepared": Object {"batches": Number(3), "transactions": Number(6), "canonical_bytes": Number(954), "encoded_message_bytes": Number(2031)}, "received": Object {"batches": Number(4), "transactions": Number(8), "canonical_bytes": Number(1272), "encoded_message_bytes": Number(2604)}, "scope": String("application codec work, not unique transactions or TLS delivery")}, "successor_reused": Number(0), "capture_seed_nodes": Number(0), "early_authentication_started": Number(0), "early_authentication_completed": Number(0), "early_authentication_completed_before_parent": Number(0), "early_bind_reused": Number(0), "early_discarded": Number(0), "execution_failures": Number(0), "last_error": String("collector vote context mismatch"), "execution_backend": String("aoem_semantic_v2_cpu_callbacks"), "business_gpu_active": Bool(false), "business_proof_required": Bool(false), "business_proof_verified": Bool(false), "mempool_gossip": Bool(true), "gossip_delivery": String("best_effort_not_durable"), "transaction_gossip": Object {"outbound_batches_accepted": Number(1), "outbound_recipient_reservations": Number(3), "outbound_recipient_skips": Number(0), "outbound_peer_enqueued": Number(3), "peer_credits_returned": Number(2), "rejected_credits": Number(0), "taken_credits_queued": Number(2), "taken_credits_enqueued": Number(2), "inbound_batches": Number(2), "inbound_dropped": Number(0), "duplicate_batches": Number(0), "conflicting_sequences": Number(0), "expired_batches": Number(1), "preparation_failures": Number(0), "channel_expired_sends": Number(0), "channel_dropped_received": Number(0), "outbound_pending": Number(0), "outbound_retained_bytes": Number(0), "outbound_capacity": Number(8), "outbound_peer_capacity": Number(2), "outbound_peer_pending": Object {"novovm-ed25519:12a41592c8b7c17d4059e7b29b61e8ff96c7415f2f803348f2f017e05b9ea1da": Number(0), "novovm-ed25519:34b4d9043156cb6dcf0beb0a2949b7559c940d2bcb6dbe8c53a9b30278e3a746": Number(0), "novovm-ed25519:54b0d81d0fa7d00e4a7d600dfaba6f2b22035b22fe335e17edf5f9aa5bb05074": Number(0)}, "inbound_pending": Number(0), "credit_pending": Number(0)}, "input_availability": Object {"current_offer_count": Number(0), "missing_exact_body_count": Number(0), "body_inflight_count": Number(0), "known_current_body_count": Number(0), "local_preparing": Bool(false), "journal_pending": Bool(false), "timeout_step": String("Propose")}, "gossip_repair": Object {"omitted_recipient_inputs": Number(0), "repair_batches_reserved": Number(0), "repair_inputs_reserved": Number(0), "scope": String("local omitted-recipient repair; not remote or durable receipt")}, "gossip_verified_inputs": Number(4), "gossip_rejected_inputs": Number(0), "authentication_cache_hits": Number(4), "rpc_authentication": Object {"owner": String("same_resident_aoem_compute_session"), "http_waiting": Number(0), "signature_batch_pending": Bool(false), "submitted_batches": Number(1), "completed_batches": Number(1), "checked_rows": Number(2), "rejected_rows": Number(0), "cancelled_http": Number(0), "control_polls_while_checking": Number(15), "backpressured_polls": Number(0), "scope": String("local signature checks, not unique transactions or finality")}, "pending_survives_restart": Bool(false), "receipt_query_scope": String("recent 65536 entries, rebuilt from durable archive")}, Object {"profile": String("native-resident-v1"), "experimental": Bool(true), "core": String("novovm-node/native_pipeline -> novovm-exec/resident -> AOEM"), "consensus": String("novovm-consensus/round_bft/journal"), "chain_id": Number(292), "head": Object {"height": Number(1), "block_hash": Array [Number(206), Number(138), Number(228), Number(235), Number(172), Number(105), Number(199), Number(55), Number(147), Number(123), Number(235), Number(33), Number(233), Number(237), Number(194), Number(59), Number(56), Number(251), Number(13), Number(112), Number(22), Number(11), Number(197), Number(3), Number(131), Number(106), Number(113), Number(255), Number(0), Number(215), Number(202), Number(148)], "state_root": Array [Number(185), Number(227), Number(13), Number(93), Number(169), Number(253), Number(9), Number(75), Number(7), Number(0), Number(89), Number(46), Number(60), Number(182), Number(236), Number(199), Number(22), Number(246), Number(209), Number(180), Number(27), Number(150), Number(10), Number(21), Number(78), Number(113), Number(0), Number(22), Number(85), Number(68), Number(79), Number(12)], "receipt_batch_commitment": Array [Number(98), Number(88), Number(230), Number(225), Number(176), Number(135), Number(177), Number(146), Number(152), Number(10), Number(136), Number(26), Number(245), Number(193), Number(35), Number(209), Number(59), Number(188), Number(39), Number(61), Number(157), Number(20), Number(252), Number(123), Number(238), Number(43), Number(179), Number(95), Number(186), Number(57), Number(19), Number(138)], "state_version": Number(2), "decision_hash": Array [Number(238), Number(12), Number(85), Number(145), Number(191), Number(237), Number(45), Number(30), Number(140), Number(115), Number(198), Number(4), Number(54), Number(68), Number(241), Number(134), Number(216), Number(126), Number(134), Number(5), Number(170), Number(237), Number(66), Number(128), Number(228), Number(63), Number(74), Number(151), Number(56), Number(247), Number(163), Number(194)]}, "current_height": Number(2), "round": Number(5), "scheduled_proposer": String("0xbec679c5e723261658a2acb8541d380dff7e418b627a0310772c748920830c62"), "local_proposer": Bool(false), "pending": Number(0), "pending_bytes": Number(0), "rpc_indexed_height": Number(1), "projection_error": Null, "recovery_in_progress": Bool(false), "executed_batches": Number(2), "durable_decisions": Number(1), "execution_components_total": Number(4), "execution_credit_only_accounts_total": Number(2), "execution_peak_callbacks": Number(2), "execution_recomputed_transactions_total": Number(0), "apfl_view_transactions_total": Number(4), "apfl_transport": Object {"prepared": Object {"batches": Number(1), "transactions": Number(2), "canonical_bytes": Number(318), "encoded_message_bytes": Number(573)}, "received": Object {"batches": Number(5), "transactions": Number(10), "canonical_bytes": Number(1590), "encoded_message_bytes": Number(3333)}, "scope": String("application codec work, not unique transactions or TLS delivery")}, "successor_reused": Number(0), "capture_seed_nodes": Number(0), "early_authentication_started": Number(0), "early_authentication_completed": Number(0), "early_authentication_completed_before_parent": Number(0), "early_bind_reused": Number(0), "early_discarded": Number(0), "execution_failures": Number(0), "last_error": String("collector vote round was retired"), "execution_backend": String("aoem_semantic_v2_cpu_callbacks"), "business_gpu_active": Bool(false), "business_proof_required": Bool(false), "business_proof_verified": Bool(false), "mempool_gossip": Bool(true), "gossip_delivery": String("best_effort_not_durable"), "transaction_gossip": Object {"outbound_batches_accepted": Number(1), "outbound_recipient_reservations": Number(3), "outbound_recipient_skips": Number(0), "outbound_peer_enqueued": Number(3), "peer_credits_returned": Number(2), "rejected_credits": Number(0), "taken_credits_queued": Number(2), "taken_credits_enqueued": Number(2), "inbound_batches": Number(2), "inbound_dropped": Number(0), "duplicate_batches": Number(0), "conflicting_sequences": Number(0), "expired_batches": Number(1), "preparation_failures": Number(0), "channel_expired_sends": Number(0), "channel_dropped_received": Number(0), "outbound_pending": Number(0), "outbound_retained_bytes": Number(0), "outbound_capacity": Number(8), "outbound_peer_capacity": Number(2), "outbound_peer_pending": Object {"novovm-ed25519:34b4d9043156cb6dcf0beb0a2949b7559c940d2bcb6dbe8c53a9b30278e3a746": Number(0), "novovm-ed25519:54b0d81d0fa7d00e4a7d600dfaba6f2b22035b22fe335e17edf5f9aa5bb05074": Number(0), "novovm-ed25519:d62f016a1efd1e4fdf793eb42cd84471e1ba9f0cf04d1287b5cc71f616287cb8": Number(0)}, "inbound_pending": Number(0), "credit_pending": Number(0)}, "input_availability": Object {"current_offer_count": Number(0), "missing_exact_body_count": Number(0), "body_inflight_count": Number(0), "known_current_body_count": Number(0), "local_preparing": Bool(false), "journal_pending": Bool(false), "timeout_step": String("Propose")}, "gossip_repair": Object {"omitted_recipient_inputs": Number(0), "repair_batches_reserved": Number(0), "repair_inputs_reserved": Number(0), "scope": String("local omitted-recipient repair; not remote or durable receipt")}, "gossip_verified_inputs": Number(4), "gossip_rejected_inputs": Number(0), "authentication_cache_hits": Number(4), "rpc_authentication": Object {"owner": String("same_resident_aoem_compute_session"), "http_waiting": Number(0), "signature_batch_pending": Bool(false), "submitted_batches": Number(1), "completed_batches": Number(1), "checked_rows": Number(2), "rejected_rows": Number(0), "cancelled_http": Number(0), "control_polls_while_checking": Number(20), "backpressured_polls": Number(0), "scope": String("local signature checks, not unique transactions or finality")}, "pending_survives_restart": Bool(false), "receipt_query_scope": String("recent 65536 entries, rebuilt from durable archive")}, Object {"profile": String("native-resident-v1"), "experimental": Bool(true), "core": String("novovm-node/native_pipeline -> novovm-exec/resident -> AOEM"), "consensus": String("novovm-consensus/round_bft/journal"), "chain_id": Number(292), "head": Object {"height": Number(1), "block_hash": Array [Number(206), Number(138), Number(228), Number(235), Number(172), Number(105), Number(199), Number(55), Number(147), Number(123), Number(235), Number(33), Number(233), Number(237), Number(194), Number(59), Number(56), Number(251), Number(13), Number(112), Number(22), Number(11), Number(197), Number(3), Number(131), Number(106), Number(113), Number(255), Number(0), Number(215), Number(202), Number(148)], "state_root": Array [Number(185), Number(227), Number(13), Number(93), Number(169), Number(253), Number(9), Number(75), Number(7), Number(0), Number(89), Number(46), Number(60), Number(182), Number(236), Number(199), Number(22), Number(246), Number(209), Number(180), Number(27), Number(150), Number(10), Number(21), Number(78), Number(113), Number(0), Number(22), Number(85), Number(68), Number(79), Number(12)], "receipt_batch_commitment": Array [Number(98), Number(88), Number(230), Number(225), Number(176), Number(135), Number(177), Number(146), Number(152), Number(10), Number(136), Number(26), Number(245), Number(193), Number(35), Number(209), Number(59), Number(188), Number(39), Number(61), Number(157), Number(20), Number(252), Number(123), Number(238), Number(43), Number(179), Number(95), Number(186), Number(57), Number(19), Number(138)], "state_version": Number(2), "decision_hash": Array [Number(238), Number(12), Number(85), Number(145), Number(191), Number(237), Number(45), Number(30), Number(140), Number(115), Number(198), Number(4), Number(54), Number(68), Number(241), Number(134), Number(216), Number(126), Number(134), Number(5), Number(170), Number(237), Number(66), Number(128), Number(228), Number(63), Number(74), Number(151), Number(56), Number(247), Number(163), Number(194)]}, "current_height": Number(2), "round": Number(5), "scheduled_proposer": String("0xbec679c5e723261658a2acb8541d380dff7e418b627a0310772c748920830c62"), "local_proposer": Bool(true), "pending": Number(0), "pending_bytes": Number(0), "rpc_indexed_height": Number(1), "projection_error": Null, "recovery_in_progress": Bool(false), "executed_batches": Number(2), "durable_decisions": Number(1), "execution_components_total": Number(4), "execution_credit_only_accounts_total": Number(2), "execution_peak_callbacks": Number(2), "execution_recomputed_transactions_total": Number(0), "apfl_view_transactions_total": Number(4), "apfl_transport": Object {"prepared": Object {"batches": Number(1), "transactions": Number(2), "canonical_bytes": Number(318), "encoded_message_bytes": Number(573)}, "received": Object {"batches": Number(5), "transactions": Number(10), "canonical_bytes": Number(1590), "encoded_message_bytes": Number(3333)}, "scope": String("application codec work, not unique transactions or TLS delivery")}, "successor_reused": Number(0), "capture_seed_nodes": Number(0), "early_authentication_started": Number(0), "early_authentication_completed": Number(0), "early_authentication_completed_before_parent": Number(0), "early_bind_reused": Number(0), "early_discarded": Number(0), "execution_failures": Number(0), "last_error": String("collector vote round was retired"), "execution_backend": String("aoem_semantic_v2_cpu_callbacks"), "business_gpu_active": Bool(false), "business_proof_required": Bool(false), "business_proof_verified": Bool(false), "mempool_gossip": Bool(true), "gossip_delivery": String("best_effort_not_durable"), "transaction_gossip": Object {"outbound_batches_accepted": Number(1), "outbound_recipient_reservations": Number(3), "outbound_recipient_skips": Number(0), "outbound_peer_enqueued": Number(3), "peer_credits_returned": Number(2), "rejected_credits": Number(0), "taken_credits_queued": Number(2), "taken_credits_enqueued": Number(2), "inbound_batches": Number(2), "inbound_dropped": Number(0), "duplicate_batches": Number(0), "conflicting_sequences": Number(0), "expired_batches": Number(1), "preparation_failures": Number(0), "channel_expired_sends": Number(0), "channel_dropped_received": Number(0), "outbound_pending": Number(0), "outbound_retained_bytes": Number(0), "outbound_capacity": Number(8), "outbound_peer_capacity": Number(2), "outbound_peer_pending": Object {"novovm-ed25519:12a41592c8b7c17d4059e7b29b61e8ff96c7415f2f803348f2f017e05b9ea1da": Number(0), "novovm-ed25519:34b4d9043156cb6dcf0beb0a2949b7559c940d2bcb6dbe8c53a9b30278e3a746": Number(0), "novovm-ed25519:d62f016a1efd1e4fdf793eb42cd84471e1ba9f0cf04d1287b5cc71f616287cb8": Number(0)}, "inbound_pending": Number(0), "credit_pending": Number(0)}, "input_availability": Object {"current_offer_count": Number(0), "missing_exact_body_count": Number(0), "body_inflight_count": Number(0), "known_current_body_count": Number(0), "local_preparing": Bool(false), "journal_pending": Bool(false), "timeout_step": String("Propose")}, "gossip_repair": Object {"omitted_recipient_inputs": Number(0), "repair_batches_reserved": Number(0), "repair_inputs_reserved": Number(0), "scope": String("local omitted-recipient repair; not remote or durable receipt")}, "gossip_verified_inputs": Number(4), "gossip_rejected_inputs": Number(0), "authentication_cache_hits": Number(4), "rpc_authentication": Object {"owner": String("same_resident_aoem_compute_session"), "http_waiting": Number(0), "signature_batch_pending": Bool(false), "submitted_batches": Number(1), "completed_batches": Number(1), "checked_rows": Number(2), "rejected_rows": Number(0), "cancelled_http": Number(0), "control_polls_while_checking": Number(11), "backpressured_polls": Number(0), "scope": String("local signature checks, not unique transactions or finality")}, "pending_survives_restart": Bool(false), "receipt_query_scope": String("recent 65536 entries, rebuilt from durable archive")}]
Rust checks	UNKNOWN STEP	2026-10-04T00:09:20.3977273Z 
Rust checks	UNKNOWN STEP	2026-10-04T00:09:20.3977276Z 
Rust checks	UNKNOWN STEP	2026-10-04T00:09:20.3977356Z failures:
Rust checks	UNKNOWN STEP	2026-10-04T00:09:20.3977777Z     native_pipeline::consensus::tests::resident_rpc_process::aab::actual_product_rpc_a_a_b_equivocation_recovers_with_three_honest_signers
Rust checks	UNKNOWN STEP	2026-10-04T00:09:20.3978163Z 
Rust checks	UNKNOWN STEP	2026-10-04T00:09:20.3978381Z test result: FAILED. 0 passed; 1 failed; 0 ignored; 0 measured; 1536 filtered out; finished in 90.90s
Rust checks	UNKNOWN STEP	2026-10-04T00:09:20.3978662Z 
Rust checks	UNKNOWN STEP	2026-10-04T00:09:20.3979095Z ^[[1m^[[91merror^[[0m: test failed, to rerun pass `-p novovm-node --lib`
Rust checks	UNKNOWN STEP	2026-10-04T00:09:20.3987820Z ##[error]Process completed with exit code 101.
Rust checks	UNKNOWN STEP	2026-10-04T00:09:20.4074389Z ##[group]Run actions/upload-artifact@v4
Rust checks	UNKNOWN STEP	2026-10-04T00:09:20.4074621Z with:
Rust checks	UNKNOWN STEP	2026-10-04T00:09:20.4074798Z   name: fresh-ingress-history-recovery
Rust checks	UNKNOWN STEP	2026-10-04T00:09:20.4075590Z   path: artifacts/audit/candidate-node-processes/**/continuous-acceptance.json
Rust checks	UNKNOWN STEP	artifacts/audit/candidate-node-processes/**/*.process.json
Rust checks	UNKNOWN STEP	artifacts/audit/candidate-node-processes/**/*.stdout.log
Rust checks	UNKNOWN STEP	artifacts/audit/candidate-node-processes/**/*.stderr.log
Rust checks	UNKNOWN STEP	
Rust checks	UNKNOWN STEP	2026-10-04T00:09:20.4076349Z   if-no-files-found: warn
Rust checks	UNKNOWN STEP	2026-10-04T00:09:20.4076754Z   compression-level: 6
Rust checks	UNKNOWN STEP	2026-10-04T00:09:20.4076932Z   overwrite: false
Rust checks	UNKNOWN STEP	2026-10-04T00:09:20.4077121Z   include-hidden-files: false
Rust checks	UNKNOWN STEP	2026-10-04T00:09:20.4077308Z env:
Rust checks	UNKNOWN STEP	2026-10-04T00:09:20.4077468Z   CARGO_HOME: /home/runner/.cargo
Rust checks	UNKNOWN STEP	2026-10-04T00:09:20.4077674Z   CARGO_INCREMENTAL: 0
Rust checks	UNKNOWN STEP	2026-10-04T00:09:20.4077857Z   CARGO_TERM_COLOR: always
Rust checks	UNKNOWN STEP	2026-10-04T00:09:20.4078043Z   CACHE_ON_FAILURE: false
Rust checks	UNKNOWN STEP	2026-10-04T00:09:20.4078220Z ##[endgroup]
Rust checks	UNKNOWN STEP	2026-10-04T00:09:20.7339813Z (node:13922) [DEP0040] DeprecationWarning: The `punycode` module is deprecated. Please use a userland alternative instead.
Rust checks	UNKNOWN STEP	2026-10-04T00:09:20.7340688Z (Use `node --trace-deprecation ...` to show where the warning was created)
Rust checks	UNKNOWN STEP	2026-10-04T00:09:20.7375149Z ##[warning]No files were found with the provided path: artifacts/audit/candidate-node-processes/**/continuous-acceptance.json
Rust checks	UNKNOWN STEP	artifacts/audit/candidate-node-processes/**/*.process.json
Rust checks	UNKNOWN STEP	artifacts/audit/candidate-node-processes/**/*.stdout.log
Rust checks	UNKNOWN STEP	artifacts/audit/candidate-node-processes/**/*.stderr.log. No artifacts will be uploaded.
Rust checks	UNKNOWN STEP	2026-10-04T00:09:20.7620875Z ##[group]Run actions/upload-artifact@v4
Rust checks	UNKNOWN STEP	2026-10-04T00:09:20.7621405Z with:
Rust checks	UNKNOWN STEP	2026-10-04T00:09:20.7621686Z   name: original-node-transfer-rpc-recovery
Rust checks	UNKNOWN STEP	2026-10-04T00:09:20.7622168Z   path: artifacts/audit/candidate-node-processes/**/mixed-*.json
Rust checks	UNKNOWN STEP	2026-10-04T00:09:20.7622621Z   if-no-files-found: warn
Rust checks	UNKNOWN STEP	2026-10-04T00:09:20.7622926Z   compression-level: 6
Rust checks	UNKNOWN STEP	2026-10-04T00:09:20.7623199Z   overwrite: false
Rust checks	UNKNOWN STEP	2026-10-04T00:09:20.7623466Z   include-hidden-files: false
Rust checks	UNKNOWN STEP	2026-10-04T00:09:20.7623759Z env:
Rust checks	UNKNOWN STEP	2026-10-04T00:09:20.7624004Z   CARGO_HOME: /home/runner/.cargo
Rust checks	UNKNOWN STEP	2026-10-04T00:09:20.7624324Z   CARGO_INCREMENTAL: 0
Rust checks	UNKNOWN STEP	2026-10-04T00:09:20.7624599Z   CARGO_TERM_COLOR: always
Rust checks	UNKNOWN STEP	2026-10-04T00:09:20.7624908Z   CACHE_ON_FAILURE: false
Rust checks	UNKNOWN STEP	2026-10-04T00:09:20.7625202Z ##[endgroup]
Rust checks	UNKNOWN STEP	2026-10-04T00:09:20.8938548Z (node:13934) [DEP0040] DeprecationWarning: The `punycode` module is deprecated. Please use a userland alternative instead.
Rust checks	UNKNOWN STEP	2026-10-04T00:09:20.8939340Z (Use `node --trace-deprecation ...` to show where the warning was created)
Rust checks	UNKNOWN STEP	2026-10-04T00:09:20.8951964Z ##[warning]No files were found with the provided path: artifacts/audit/candidate-node-processes/**/mixed-*.json. No artifacts will be uploaded.
Rust checks	UNKNOWN STEP	2026-10-04T00:09:20.9131355Z ##[group]Run actions/upload-artifact@v4
Rust checks	UNKNOWN STEP	2026-10-04T00:09:20.9131588Z with:
Rust checks	UNKNOWN STEP	2026-10-04T00:09:20.9131783Z   name: supervm-native-pipeline-dual-node-gate
Rust checks	UNKNOWN STEP	2026-10-04T00:09:20.9132405Z   path: artifacts/native-pipeline/native-pipeline-dual-node-gate-report.json
Rust checks	UNKNOWN STEP	artifacts/native-pipeline/native-pipeline-dual-node-gate-report.json.evidence-*/*.log
Rust checks	UNKNOWN STEP	
Rust checks	UNKNOWN STEP	2026-10-04T00:09:20.9132990Z   if-no-files-found: error
Rust checks	UNKNOWN STEP	2026-10-04T00:09:20.9133191Z   compression-level: 6
Rust checks	UNKNOWN STEP	2026-10-04T00:09:20.9133368Z   overwrite: false
Rust checks	UNKNOWN STEP	2026-10-04T00:09:20.9133542Z   include-hidden-files: false
Rust checks	UNKNOWN STEP	2026-10-04T00:09:20.9133731Z env:
Rust checks	UNKNOWN STEP	2026-10-04T00:09:20.9133897Z   CARGO_HOME: /home/runner/.cargo
Rust checks	UNKNOWN STEP	2026-10-04T00:09:20.9134103Z   CARGO_INCREMENTAL: 0
Rust checks	UNKNOWN STEP	2026-10-04T00:09:20.9134275Z   CARGO_TERM_COLOR: always
Rust checks	UNKNOWN STEP	2026-10-04T00:09:20.9134457Z   CACHE_ON_FAILURE: false
Rust checks	UNKNOWN STEP	2026-10-04T00:09:20.9134638Z ##[endgroup]
Rust checks	UNKNOWN STEP	2026-10-04T00:09:21.0488686Z (node:13946) [DEP0040] DeprecationWarning: The `punycode` module is deprecated. Please use a userland alternative instead.
Rust checks	UNKNOWN STEP	2026-10-04T00:09:21.0489580Z (Use `node --trace-deprecation ...` to show where the warning was created)
Rust checks	UNKNOWN STEP	2026-10-04T00:09:21.0507074Z ##[error]No files were found with the provided path: artifacts/native-pipeline/native-pipeline-dual-node-gate-report.json
Rust checks	UNKNOWN STEP	artifacts/native-pipeline/native-pipeline-dual-node-gate-report.json.evidence-*/*.log. No artifacts will be uploaded.
Rust checks	UNKNOWN STEP	2026-10-04T00:09:21.0820499Z Post job cleanup.
Rust checks	UNKNOWN STEP	2026-10-04T00:09:21.1555205Z [command]/usr/bin/git version
Rust checks	UNKNOWN STEP	2026-10-04T00:09:21.1591694Z git version 2.55.0
Rust checks	UNKNOWN STEP	2026-10-04T00:09:21.1619482Z Temporarily overriding HOME='/home/runner/work/_temp/edd14336-0b20-4592-8b67-9557cd507e18' before making global git config changes
Rust checks	UNKNOWN STEP	2026-10-04T00:09:21.1620481Z Adding repository directory to the temporary git global config as a safe directory
Rust checks	UNKNOWN STEP	2026-10-04T00:09:21.1623452Z [command]/usr/bin/git config --global --add safe.directory /home/runner/work/supervm/supervm
Rust checks	UNKNOWN STEP	2026-10-04T00:09:21.1654242Z [command]/usr/bin/git config --local --name-only --get-regexp core\.sshCommand
Rust checks	UNKNOWN STEP	2026-10-04T00:09:21.1682183Z [command]/usr/bin/git submodule foreach --recursive sh -c "git config --local --name-only --get-regexp 'core\.sshCommand' && git config --local --unset-all 'core.sshCommand' || :"
Rust checks	UNKNOWN STEP	2026-10-04T00:09:21.1914733Z [command]/usr/bin/git config --local --name-only --get-regexp http\.https\:\/\/github\.com\/\.extraheader
Rust checks	UNKNOWN STEP	2026-10-04T00:09:21.1939409Z http.https://github.com/.extraheader
Rust checks	UNKNOWN STEP	2026-10-04T00:09:21.1947857Z [command]/usr/bin/git config --local --unset-all http.https://github.com/.extraheader
Rust checks	UNKNOWN STEP	2026-10-04T00:09:21.1978680Z [command]/usr/bin/git submodule foreach --recursive sh -c "git config --local --name-only --get-regexp 'http\.https\:\/\/github\.com\/\.extraheader' && git config --local --unset-all 'http.https://github.com/.extraheader' || :"
Rust checks	UNKNOWN STEP	2026-10-04T00:09:21.2189594Z [command]/usr/bin/git config --local --name-only --get-regexp ^includeIf\.gitdir:
Rust checks	UNKNOWN STEP	2026-10-04T00:09:21.2220740Z [command]/usr/bin/git submodule foreach --recursive git config --local --show-origin --name-only --get-regexp remote.origin.url
Rust checks	UNKNOWN STEP	2026-10-04T00:09:21.2581816Z Cleaning up orphan processes
Rust checks	UNKNOWN STEP	2026-10-04T00:09:21.2896021Z ##[warning]Node.js 20 is deprecated. The following actions target Node.js 20 but are being forced to run on Node.js 24: actions/checkout@v4, actions/upload-artifact@v4. For more information see: https://github.blog/changelog/2025-09-19-deprecation-of-node-20-on-github-actions-runners/
