Rust checks	Integrated resident core and actual original-node RPC	﻿2026-10-03T23:13:56.9090914Z ##[group]Run set -euo pipefail
Rust checks	Integrated resident core and actual original-node RPC	2026-10-03T23:13:56.9108519Z ^[[36;1mset -euo pipefail^[[0m
Rust checks	Integrated resident core and actual original-node RPC	2026-10-03T23:13:56.9109226Z ^[[36;1mexport NOVOVM_AOEM_TEST_LIBRARY="$PWD/aoem/linux/core/bin/libaoem_ffi.so"^[[0m
Rust checks	Integrated resident core and actual original-node RPC	2026-10-03T23:13:56.9110260Z ^[[36;1mcargo test -p aoem-bindings --lib resident --locked -- --include-ignored --test-threads=1^[[0m
Rust checks	Integrated resident core and actual original-node RPC	2026-10-03T23:13:56.9110953Z ^[[36;1mcargo test -p novovm-exec --lib resident --locked -- --test-threads=1^[[0m
Rust checks	Integrated resident core and actual original-node RPC	2026-10-03T23:13:56.9111491Z ^[[36;1mcargo test -p novovm-network --lib duplex --locked -- --test-threads=1^[[0m
Rust checks	Integrated resident core and actual original-node RPC	2026-10-03T23:13:56.9112080Z ^[[36;1mcargo test -p novovm-node --lib native_pipeline --locked -- --test-threads=1^[[0m
Rust checks	Integrated resident core and actual original-node RPC	2026-10-03T23:13:56.9112592Z ^[[36;1mcargo build -p novovm-node --bin novovm-node --locked^[[0m
Rust checks	Integrated resident core and actual original-node RPC	2026-10-03T23:13:56.9113699Z ^[[36;1mtarget_dir="$(cargo metadata --no-deps --format-version 1 | python -c 'import json,sys; print(json.load(sys.stdin)["target_directory"])')"^[[0m
Rust checks	Integrated resident core and actual original-node RPC	2026-10-03T23:13:56.9114490Z ^[[36;1mexport NOVOVM_RESIDENT_NODE_BINARY="$target_dir/debug/novovm-node"^[[0m
Rust checks	Integrated resident core and actual original-node RPC	2026-10-03T23:13:56.9115306Z ^[[36;1mcargo test -p novovm-node --lib actual_product_rpc_signed_batches_failures_quorum_and_restart --locked -- --ignored --test-threads=1^[[0m
Rust checks	Integrated resident core and actual original-node RPC	2026-10-03T23:13:56.9116310Z ^[[36;1mcargo test -p novovm-node --lib actual_product_rpc_single_ingress_gossip_failures_and_restart --locked -- --ignored --test-threads=1^[[0m
Rust checks	Integrated resident core and actual original-node RPC	2026-10-03T23:13:56.9117305Z ^[[36;1mcargo test -p novovm-node --lib actual_product_rpc_offline_peer_isolation_quorum_catchup_and_restart --locked -- --ignored --test-threads=1^[[0m
Rust checks	Integrated resident core and actual original-node RPC	2026-10-03T23:13:56.9118339Z ^[[36;1mcargo test -p novovm-node --lib actual_product_rpc_a_a_b_equivocation_recovers_with_three_honest_signers --locked -- --ignored --test-threads=1^[[0m
Rust checks	Integrated resident core and actual original-node RPC	2026-10-03T23:13:56.9180360Z shell: /usr/bin/bash --noprofile --norc -e -o pipefail {0}
Rust checks	Integrated resident core and actual original-node RPC	2026-10-03T23:13:56.9180946Z env:
Rust checks	Integrated resident core and actual original-node RPC	2026-10-03T23:13:56.9181160Z   CARGO_HOME: /home/runner/.cargo
Rust checks	Integrated resident core and actual original-node RPC	2026-10-03T23:13:56.9181430Z   CARGO_INCREMENTAL: 0
Rust checks	Integrated resident core and actual original-node RPC	2026-10-03T23:13:56.9181661Z   CARGO_TERM_COLOR: always
Rust checks	Integrated resident core and actual original-node RPC	2026-10-03T23:13:56.9181911Z   CACHE_ON_FAILURE: false
Rust checks	Integrated resident core and actual original-node RPC	2026-10-03T23:13:56.9182155Z   NOVOVM_ALLOW_LEGACY_HOST_EXECUTION: 0
Rust checks	Integrated resident core and actual original-node RPC	2026-10-03T23:13:56.9182449Z ##[endgroup]
Rust checks	Integrated resident core and actual original-node RPC	2026-10-03T23:13:56.9640756Z ^[[1m^[[33mwarning^[[0m: /home/runner/work/supervm/supervm/crates/novovm-node/Cargo.toml: file `/home/runner/work/supervm/supervm/crates/novovm-node/src/bin/supervm-native-pipeline-cross-machine-udp-soak.rs` found to be present in multiple build targets:
Rust checks	Integrated resident core and actual original-node RPC	2026-10-03T23:13:56.9643286Z   * `bin` target `supervm-native-pipeline-cross-machine-udp-soak`
Rust checks	Integrated resident core and actual original-node RPC	2026-10-03T23:13:56.9644168Z   * `bin` target `supervm-native-pipeline-cross-machine-fault-udp-soak`
Rust checks	Integrated resident core and actual original-node RPC	2026-10-03T23:13:56.9645093Z   * `bin` target `supervm-native-pipeline-cross-machine-sustained-soak`
Rust checks	Integrated resident core and actual original-node RPC	2026-10-03T23:13:56.9645925Z   * `bin` target `supervm-native-pipeline-memory-bisect-gate`
Rust checks	Integrated resident core and actual original-node RPC	2026-10-03T23:13:57.0298614Z ^[[1m^[[92m   Compiling^[[0m serde_core v1.0.228
Rust checks	Integrated resident core and actual original-node RPC	2026-10-03T23:13:58.5753457Z ^[[1m^[[92m   Compiling^[[0m serde_json v1.0.149
Rust checks	Integrated resident core and actual original-node RPC	2026-10-03T23:13:59.3142166Z ^[[1m^[[92m   Compiling^[[0m aoem-bindings v0.1.0 (/home/runner/work/supervm/supervm/crates/aoem-bindings)
Rust checks	Integrated resident core and actual original-node RPC	2026-10-03T23:14:00.7460318Z ^[[1m^[[92m    Finished^[[0m `test` profile [unoptimized + debuginfo] target(s) in 3.79s
Rust checks	Integrated resident core and actual original-node RPC	2026-10-03T23:14:00.7504405Z ^[[1m^[[92m     Running^[[0m unittests src/lib.rs (target/runtime-rebuild/debug/deps/aoem_bindings-4ddb3a2613ee8e1a)
Rust checks	Integrated resident core and actual original-node RPC	2026-10-03T23:14:00.7515630Z 
Rust checks	Integrated resident core and actual original-node RPC	2026-10-03T23:14:00.7515874Z running 32 tests
Rust checks	Integrated resident core and actual original-node RPC	2026-10-03T23:14:00.7517404Z test resident::abi::tests::resident_layouts_reuse_the_packaged_product_abi ... ok
Rust checks	Integrated resident core and actual original-node RPC	2026-10-03T23:14:00.7519592Z test resident::compute::tests::compute_callback_contains_panics_and_errors ... ok
Rust checks	Integrated resident core and actual original-node RPC	2026-10-03T23:14:00.7520756Z test resident::compute::tests::compute_callbacks_execute_once_and_keep_input_order ... ok
Rust checks	Integrated resident core and actual original-node RPC	2026-10-03T23:14:00.7522178Z test resident::compute::tests::compute_catches_a_panic_payload_with_a_panicking_destructor ... ok
Rust checks	Integrated resident core and actual original-node RPC	2026-10-03T23:14:00.7523897Z test resident::compute::tests::compute_completion_is_owned_and_single_delivery ... ok
Rust checks	Integrated resident core and actual original-node RPC	2026-10-03T23:14:00.8002395Z 
Rust checks	Integrated resident core and actual original-node RPC	2026-10-03T23:14:00.8003994Z thread '<unnamed>' (10497) panicked at crates/aoem-bindings/src/resident/compute_tests.rs:324:26:
Rust checks	Integrated resident core and actual original-node RPC	2026-10-03T23:14:00.8004732Z contained AOEM worker panic
Rust checks	Integrated resident core and actual original-node RPC	2026-10-03T23:14:00.9413736Z test resident::compute::tests::compute_real_aoem_parallel_order_panic_and_cancel ... ok
Rust checks	Integrated resident core and actual original-node RPC	2026-10-03T23:14:03.4536312Z test resident::compute::tests::compute_real_aoem_undrained_timeout_retains_owned_capture ... ok
Rust checks	Integrated resident core and actual original-node RPC	2026-10-03T23:14:03.4537657Z test resident::compute::tests::compute_rejects_invalid_descriptor_and_nulls ... ok
Rust checks	Integrated resident core and actual original-node RPC	2026-10-03T23:14:03.4538612Z test resident::compute::tests::compute_rejects_invalid_wave_before_loading_runtime ... ok
Rust checks	Integrated resident core and actual original-node RPC	2026-10-03T23:14:03.4590768Z test resident::compute::tests::compute_rejects_task_count_overflow_before_loading_a_library ... ok
Rust checks	Integrated resident core and actual original-node RPC	2026-10-03T23:14:03.4592054Z test resident::compute::tests::compute_result_budget_is_checked_before_retaining_an_output ... ok
Rust checks	Integrated resident core and actual original-node RPC	2026-10-03T23:14:03.4631306Z test resident::compute::tests::compute_session_host_unwind_retains_the_complete_flight ... ok
Rust checks	Integrated resident core and actual original-node RPC	2026-10-03T23:14:03.4653821Z test resident::compute::tests::compute_session_reuses_graphs_and_preserves_poison_boundary ... ok
Rust checks	Integrated resident core and actual original-node RPC	2026-10-03T23:14:05.4699899Z test resident::compute::tests::compute_session_timeout_retains_the_complete_flight ... ok
Rust checks	Integrated resident core and actual original-node RPC	2026-10-03T23:14:05.4701288Z test resident::library::tests::computation_rejects_ambient_persistence_without_mutating_environment ... ok
Rust checks	Integrated resident core and actual original-node RPC	2026-10-03T23:14:05.4703043Z test resident::receipt::tests::receipt_abi_check_precedes_initialization_and_requires_success ... ok
Rust checks	Integrated resident core and actual original-node RPC	2026-10-03T23:14:05.4705655Z test resident::receipt::tests::receipt_allocation_guard_releases_on_unwind_and_session_can_move_to_owner ... ok
Rust checks	Integrated resident core and actual original-node RPC	2026-10-03T23:14:05.4707190Z test resident::receipt::tests::receipt_limits_reject_invalid_policy_and_check_hard_abi_edges_without_allocating ... ok
Rust checks	Integrated resident core and actual original-node RPC	2026-10-03T23:14:05.4708985Z test resident::receipt::tests::receipt_policy_rejects_before_any_native_call ... ok
Rust checks	Integrated resident core and actual original-node RPC	2026-10-03T23:14:05.4710172Z test resident::receipt::tests::receipt_producer_errors_and_malformed_buffers_free_exactly_once ... ok
Rust checks	Integrated resident core and actual original-node RPC	2026-10-03T23:14:05.4711596Z test resident::receipt::tests::receipt_prove_forwards_inputs_copies_and_frees_without_claiming_verification ... ok
Rust checks	Integrated resident core and actual original-node RPC	2026-10-03T23:14:05.4713294Z test resident::receipt::tests::receipt_verification_requires_backend_and_exact_independent_pins ... ok
Rust checks	Integrated resident core and actual original-node RPC	2026-10-03T23:14:05.4714645Z test resident::receipt::tests::receipt_version_is_explicit_and_older_or_future_envelopes_never_reach_backend ... ok
Rust checks	Integrated resident core and actual original-node RPC	2026-10-03T23:14:05.4716003Z test resident::storage::tests::read_values_preserve_absence_empty_and_order_and_reject_any_bad_prefix ... ok
Rust checks	Integrated resident core and actual original-node RPC	2026-10-03T23:14:05.4900484Z test resident::storage::tests::real_storage_atomic_batch_order_multiget_fresh_read_and_cold_reopen ... ok
Rust checks	Integrated resident core and actual original-node RPC	2026-10-03T23:14:05.5079415Z test resident::storage::tests::real_storage_owner_threads_have_separate_databases_and_same_path_cannot_reopen ... ok
Rust checks	Integrated resident core and actual original-node RPC	2026-10-03T23:14:05.5211795Z test resident::storage::tests::real_write_bad_ack_is_unknown_poisoned_freed_and_never_automatically_retried ... ok
Rust checks	Integrated resident core and actual original-node RPC	2026-10-03T23:14:05.5214725Z test resident::storage::tests::response_envelope_and_acknowledgement_are_exact_not_just_zero_return_code ... ok
Rust checks	Integrated resident core and actual original-node RPC	2026-10-03T23:14:05.5216292Z test resident::storage::tests::storage_environment_requires_real_durability_without_changing_global_settings ... ok
Rust checks	Integrated resident core and actual original-node RPC	2026-10-03T23:14:05.5217704Z test resident::storage::tests::storage_open_wire_has_explicit_path_and_mandatory_sync_one ... ok
Rust checks	Integrated resident core and actual original-node RPC	2026-10-03T23:14:05.5219189Z test resident::storage::tests::storage_wire_checks_counts_bytes_and_worst_case_read_response_before_admission ... ok
Rust checks	Integrated resident core and actual original-node RPC	2026-10-03T23:14:05.5220977Z test resident::storage::tests::write_wire_is_one_ordered_batch_including_empty_values_and_deletion ... ok
Rust checks	Integrated resident core and actual original-node RPC	2026-10-03T23:14:05.5221914Z 
Rust checks	Integrated resident core and actual original-node RPC	2026-10-03T23:14:05.5222586Z test result: ok. 32 passed; 0 failed; 0 ignored; 0 measured; 6 filtered out; finished in 4.77s
Rust checks	Integrated resident core and actual original-node RPC	2026-10-03T23:14:05.5223720Z 
Rust checks	Integrated resident core and actual original-node RPC	2026-10-03T23:14:05.5682635Z ^[[1m^[[33mwarning^[[0m: /home/runner/work/supervm/supervm/crates/novovm-node/Cargo.toml: file `/home/runner/work/supervm/supervm/crates/novovm-node/src/bin/supervm-native-pipeline-cross-machine-udp-soak.rs` found to be present in multiple build targets:
Rust checks	Integrated resident core and actual original-node RPC	2026-10-03T23:14:05.5685647Z   * `bin` target `supervm-native-pipeline-cross-machine-udp-soak`
Rust checks	Integrated resident core and actual original-node RPC	2026-10-03T23:14:05.5686524Z   * `bin` target `supervm-native-pipeline-cross-machine-fault-udp-soak`
Rust checks	Integrated resident core and actual original-node RPC	2026-10-03T23:14:05.5687517Z   * `bin` target `supervm-native-pipeline-cross-machine-sustained-soak`
Rust checks	Integrated resident core and actual original-node RPC	2026-10-03T23:14:05.5688353Z   * `bin` target `supervm-native-pipeline-memory-bisect-gate`
Rust checks	Integrated resident core and actual original-node RPC	2026-10-03T23:14:05.6405775Z ^[[1m^[[92m    Finished^[[0m `test` profile [unoptimized + debuginfo] target(s) in 0.08s
Rust checks	Integrated resident core and actual original-node RPC	2026-10-03T23:14:05.6429722Z ^[[1m^[[92m     Running^[[0m unittests src/lib.rs (target/runtime-rebuild/debug/deps/novovm_exec-947d14610a14af86)
Rust checks	Integrated resident core and actual original-node RPC	2026-10-03T23:14:05.6441503Z 
Rust checks	Integrated resident core and actual original-node RPC	2026-10-03T23:14:05.6441948Z running 3 tests
Rust checks	Integrated resident core and actual original-node RPC	2026-10-03T23:14:05.6444740Z test resident::tests::explicit_selection_never_falls_back_for_missing_or_directory_paths ... ok
Rust checks	Integrated resident core and actual original-node RPC	2026-10-03T23:14:05.6446269Z test resident::tests::explicit_selection_preserves_original_wire_worker_options_without_loading ... ok
Rust checks	Integrated resident core and actual original-node RPC	2026-10-03T23:14:05.6447611Z test resident::tests::resident_tasks_and_storage_writes_are_the_original_bindings_types ... ok
Rust checks	Integrated resident core and actual original-node RPC	2026-10-03T23:14:05.6448355Z 
Rust checks	Integrated resident core and actual original-node RPC	2026-10-03T23:14:05.6448968Z test result: ok. 3 passed; 0 failed; 0 ignored; 0 measured; 70 filtered out; finished in 0.00s
Rust checks	Integrated resident core and actual original-node RPC	2026-10-03T23:14:05.6449604Z 
Rust checks	Integrated resident core and actual original-node RPC	2026-10-03T23:14:05.6869794Z ^[[1m^[[33mwarning^[[0m: /home/runner/work/supervm/supervm/crates/novovm-node/Cargo.toml: file `/home/runner/work/supervm/supervm/crates/novovm-node/src/bin/supervm-native-pipeline-cross-machine-udp-soak.rs` found to be present in multiple build targets:
Rust checks	Integrated resident core and actual original-node RPC	2026-10-03T23:14:05.6872049Z   * `bin` target `supervm-native-pipeline-cross-machine-udp-soak`
Rust checks	Integrated resident core and actual original-node RPC	2026-10-03T23:14:05.6873165Z   * `bin` target `supervm-native-pipeline-cross-machine-fault-udp-soak`
Rust checks	Integrated resident core and actual original-node RPC	2026-10-03T23:14:05.6874692Z   * `bin` target `supervm-native-pipeline-cross-machine-sustained-soak`
Rust checks	Integrated resident core and actual original-node RPC	2026-10-03T23:14:05.6875529Z   * `bin` target `supervm-native-pipeline-memory-bisect-gate`
Rust checks	Integrated resident core and actual original-node RPC	2026-10-03T23:14:05.7918121Z ^[[1m^[[92m   Compiling^[[0m rustls-pki-types v1.14.0
Rust checks	Integrated resident core and actual original-node RPC	2026-10-03T23:14:05.7953904Z ^[[1m^[[92m   Compiling^[[0m aws-lc-rs v1.18.1
Rust checks	Integrated resident core and actual original-node RPC	2026-10-03T23:14:05.7969582Z ^[[1m^[[92m   Compiling^[[0m rustls v0.23.45
Rust checks	Integrated resident core and actual original-node RPC	2026-10-03T23:14:05.7970652Z ^[[1m^[[92m   Compiling^[[0m tokio v1.50.0
Rust checks	Integrated resident core and actual original-node RPC	2026-10-03T23:14:05.9604513Z ^[[1m^[[92m   Compiling^[[0m novovm-protocol v0.1.0 (/home/runner/work/supervm/supervm/crates/novovm-protocol)
Rust checks	Integrated resident core and actual original-node RPC	2026-10-03T23:14:06.4584398Z ^[[1m^[[92m   Compiling^[[0m rustls-native-certs v0.8.4
Rust checks	Integrated resident core and actual original-node RPC	2026-10-03T23:14:06.9294023Z ^[[1m^[[92m   Compiling^[[0m sha1 v0.10.6
Rust checks	Integrated resident core and actual original-node RPC	2026-10-03T23:14:07.2476009Z ^[[1m^[[92m   Compiling^[[0m rustls-webpki v0.103.15
Rust checks	Integrated resident core and actual original-node RPC	2026-10-03T23:14:12.0871886Z ^[[1m^[[92m   Compiling^[[0m novovm-network v0.1.0 (/home/runner/work/supervm/supervm/crates/novovm-network)
Rust checks	Integrated resident core and actual original-node RPC	2026-10-03T23:14:35.1076527Z ^[[1m^[[92m    Finished^[[0m `test` profile [unoptimized + debuginfo] target(s) in 29.43s
Rust checks	Integrated resident core and actual original-node RPC	2026-10-03T23:14:35.1157458Z ^[[1m^[[92m     Running^[[0m unittests src/lib.rs (target/runtime-rebuild/debug/deps/novovm_network-cf4dd012e3269dfd)
Rust checks	Integrated resident core and actual original-node RPC	2026-10-03T23:14:35.1177529Z 
Rust checks	Integrated resident core and actual original-node RPC	2026-10-03T23:14:35.1185673Z running 210 tests
Rust checks	Integrated resident core and actual original-node RPC	2026-10-03T23:14:35.1314022Z test duplex::fragments::tests::completion_hash_failure_returns_quota_and_other_peers_keep_progress ... ok
Rust checks	Integrated resident core and actual original-node RPC	2026-10-03T23:14:35.1382524Z test duplex::fragments::tests::conflicting_duplicates_and_mixed_lengths_preserve_original_message ... ok
Rust checks	Integrated resident core and actual original-node RPC	2026-10-03T23:14:35.1415747Z test duplex::fragments::tests::duplicate_and_new_chunks_do_not_extend_original_ttl ... ok
Rust checks	Integrated resident core and actual original-node RPC	2026-10-03T23:14:35.1417281Z test duplex::fragments::tests::expiration_releases_only_expired_messages_and_push_reclaims_capacity ... ok
Rust checks	Integrated resident core and actual original-node RPC	2026-10-03T23:14:35.1448286Z test duplex::fragments::tests::first_small_tail_reserves_the_whole_declared_message ... ok
Rust checks	Integrated resident core and actual original-node RPC	2026-10-03T23:14:35.1449737Z test duplex::fragments::tests::global_byte_reservations_are_independent_of_peer_counts ... ok
Rust checks	Integrated resident core and actual original-node RPC	2026-10-03T23:14:35.1451190Z test duplex::fragments::tests::global_message_reservations_release_on_completion ... ok
Rust checks	Integrated resident core and actual original-node RPC	2026-10-03T23:14:35.1644172Z test duplex::fragments::tests::hashing_is_incremental_and_duplicates_do_not_rehash_progress ... ok
Rust checks	Integrated resident core and actual original-node RPC	2026-10-03T23:14:35.1645784Z test duplex::fragments::tests::identical_message_ids_from_distinct_peers_do_not_share_reservations ... ok
Rust checks	Integrated resident core and actual original-node RPC	2026-10-03T23:14:35.1648751Z test duplex::fragments::tests::invalid_peers_domains_limits_and_quantums_are_rejected ... ok
Rust checks	Integrated resident core and actual original-node RPC	2026-10-03T23:14:35.1650596Z test duplex::fragments::tests::malformed_frames_wrong_domain_unknown_peer_and_trailing_bytes_spend_no_quota ... ok
Rust checks	Integrated resident core and actual original-node RPC	2026-10-03T23:14:35.1901503Z test duplex::fragments::tests::missing_chunk_does_not_block_another_peer_and_quantum_is_shared ... ok
Rust checks	Integrated resident core and actual original-node RPC	2026-10-03T23:14:35.2024684Z test duplex::fragments::tests::outgoing_validation_and_chunk_boundaries_are_checked ... ok
Rust checks	Integrated resident core and actual original-node RPC	2026-10-03T23:14:35.2026151Z test duplex::fragments::tests::per_peer_byte_limit_leaves_capacity_for_other_peers ... ok
Rust checks	Integrated resident core and actual original-node RPC	2026-10-03T23:14:35.2027654Z test duplex::fragments::tests::per_peer_message_limit_leaves_capacity_for_other_peers ... ok
Rust checks	Integrated resident core and actual original-node RPC	2026-10-03T23:14:35.2190935Z test duplex::fragments::tests::qc_sized_and_larger_body_round_trip_out_of_order_without_raising_carrier_limit ... ok
Rust checks	Integrated resident core and actual original-node RPC	2026-10-03T23:14:35.2194102Z test duplex::novorudp::tests::transport_frame_v0_checked_length_never_clamps_or_wraps ... ok
Rust checks	Integrated resident core and actual original-node RPC	2026-10-03T23:14:35.2195512Z test duplex::novorudp::tests::transport_frame_v0_empty_payload_roundtrips_and_encoding_refreshes_checksum ... ok
Rust checks	Integrated resident core and actual original-node RPC	2026-10-03T23:14:35.2197692Z test duplex::novorudp::tests::transport_frame_v0_rejects_bad_tags_truncation_and_trailing_bytes ... ok
Rust checks	Integrated resident core and actual original-node RPC	2026-10-03T23:14:35.2199544Z test duplex::novorudp::tests::transport_frame_v0_rejects_noncanonical_reserved_byte ... ok
Rust checks	Integrated resident core and actual original-node RPC	2026-10-03T23:14:35.2201265Z test duplex::novorudp::tests::transport_frame_v0_rejects_payload_and_authenticated_header_tamper ... ok
Rust checks	Integrated resident core and actual original-node RPC	2026-10-03T23:14:35.2202989Z test duplex::novorudp::tests::transport_frame_v0_roundtrips_all_transport_kinds_without_business_envelope ... ok
Rust checks	Integrated resident core and actual original-node RPC	2026-10-03T23:14:35.2250813Z test duplex::product_overlay::security_tests::authenticated_malformed_frame_is_rejected_and_cannot_be_replayed ... ok
Rust checks	Integrated resident core and actual original-node RPC	2026-10-03T23:14:35.2284651Z test duplex::product_overlay::security_tests::invalid_key_signature_length_and_wrong_responder_are_rejected ... ok
Rust checks	Integrated resident core and actual original-node RPC	2026-10-03T23:14:35.2328926Z test duplex::product_overlay::security_tests::outbound_sequence_exhaustion_never_wraps_or_reuses_a_nonce ... ok
Rust checks	Integrated resident core and actual original-node RPC	2026-10-03T23:14:35.2363609Z test duplex::product_overlay::security_tests::response_transcript_replay_signature_and_offer_expiry_are_checked ... ok
Rust checks	Integrated resident core and actual original-node RPC	2026-10-03T23:14:35.2410567Z test duplex::product_overlay::security_tests::unauthenticated_future_sequence_does_not_poison_the_replay_window ... ok
Rust checks	Integrated resident core and actual original-node RPC	2026-10-03T23:14:35.2441933Z test duplex::product_overlay::security_tests::weak_identity_forgery_is_rejected_on_offer_and_response ... ok
Rust checks	Integrated resident core and actual original-node RPC	2026-10-03T23:14:35.2489183Z test duplex::product_overlay::tests::challenge_response_derives_matching_secure_channels ... ok
Rust checks	Integrated resident core and actual original-node RPC	2026-10-03T23:14:35.2519379Z test duplex::product_overlay::tests::excessive_clock_skew_is_rejected_without_extending_expiration ... ok
Rust checks	Integrated resident core and actual original-node RPC	2026-10-03T23:14:35.2531022Z test duplex::product_overlay::tests::handshake_rejects_identity_and_signature_tamper ... ok
Rust checks	Integrated resident core and actual original-node RPC	2026-10-03T23:14:35.2544663Z test duplex::product_overlay::tests::handshake_replay_and_expiry_are_rejected ... ok
Rust checks	Integrated resident core and actual original-node RPC	2026-10-03T23:14:35.2631012Z test duplex::product_overlay::tests::independent_device_clocks_allow_bounded_skew_in_both_directions ... ok
Rust checks	Integrated resident core and actual original-node RPC	2026-10-03T23:14:35.2632665Z test duplex::product_overlay::tests::replay_window_accepts_reordering_once_within_window ... ok
Rust checks	Integrated resident core and actual original-node RPC	2026-10-03T23:14:35.2678121Z test duplex::product_overlay::tests::secure_frame_rejects_ciphertext_route_nonce_and_replay_tamper ... ok
Rust checks	Integrated resident core and actual original-node RPC	2026-10-03T23:14:35.2701208Z test duplex::product_relay::encoded::tests::encoded_delivery_respects_existing_wire_bound_including_metadata ... ok
Rust checks	Integrated resident core and actual original-node RPC	2026-10-03T23:14:35.3549578Z test duplex::product_relay::encoded_tests::both_encoded_lanes_revalidate_source_and_shutdown_without_recharging ... ok
Rust checks	Integrated resident core and actual original-node RPC	2026-10-03T23:14:35.3610697Z test duplex::product_relay::encoded_tests::delivery_encoding_does_not_hold_the_shared_session_lock ... ok
Rust checks	Integrated resident core and actual original-node RPC	2026-10-03T23:14:35.3854089Z test duplex::product_relay::encoded_tests::encoded_bytes_match_v2_and_decoded_compatibility_while_charge_matches_output ... ok
Rust checks	Integrated resident core and actual original-node RPC	2026-10-03T23:14:35.4154502Z test duplex::product_relay::encoded_tests::encoded_dispatch_allows_cross_thread_heartbeat_snapshot_and_target_replacement ... ok
Rust checks	Integrated resident core and actual original-node RPC	2026-10-03T23:14:35.5281657Z test duplex::product_relay::encoded_tests::encoded_dispatch_delay_cannot_freeze_source_expiry_at_ingress ... ok
Rust checks	Integrated resident core and actual original-node RPC	2026-10-03T23:14:35.6011097Z test duplex::product_relay::encoded_tests::encoded_offline_routes_keep_original_timestamp_and_exact_ttl_boundary ... ok
Rust checks	Integrated resident core and actual original-node RPC	2026-10-03T23:14:35.6143204Z test duplex::product_relay::encoded_tests::lookahead_and_encoded_send_guards_hold_shared_quota_across_replacement_and_shutdown ... ok
Rust checks	Integrated resident core and actual original-node RPC	2026-10-03T23:14:35.6204086Z test duplex::product_relay::tests::active_and_offline_byte_caps_release_and_refill_without_reconnect ... ok
Rust checks	Integrated resident core and actual original-node RPC	2026-10-03T23:14:35.6277070Z test duplex::product_relay::tests::active_data_and_control_share_count_and_refill_without_reconnect ... ok
Rust checks	Integrated resident core and actual original-node RPC	2026-10-03T23:14:35.6366884Z test duplex::product_relay::tests::aggregate_frame_budget_spans_authenticated_sources ... ok
Rust checks	Integrated resident core and actual original-node RPC	2026-10-03T23:14:35.6498369Z test duplex::product_relay::tests::armed_lookahead_retains_quota_and_both_lane_receive_orders ... ok
Rust checks	Integrated resident core and actual original-node RPC	2026-10-03T23:14:35.6600356Z test duplex::product_relay::tests::authenticated_sessions_forward_end_to_end_ciphertext ... ok
Rust checks	Integrated resident core and actual original-node RPC	2026-10-03T23:14:35.6672595Z test duplex::product_relay::tests::authenticated_sessions_relay_signed_peer_handshake_without_payload_access ... ok
Rust checks	Integrated resident core and actual original-node RPC	2026-10-03T23:14:35.6792156Z test duplex::product_relay::tests::byte_budgets_survive_reconnect_and_aggregate_limit_blocks_identity_spread ... ok
Rust checks	Integrated resident core and actual original-node RPC	2026-10-03T23:14:35.6865194Z test duplex::product_relay::tests::data_and_control_share_offline_limits_and_expire_together ... ok
Rust checks	Integrated resident core and actual original-node RPC	2026-10-03T23:14:35.6920894Z test duplex::product_relay::tests::delivery_wrapper_must_fit_wire_limit_before_admission_ack ... ok
Rust checks	Integrated resident core and actual original-node RPC	2026-10-03T23:14:35.7012874Z test duplex::product_relay::tests::disconnect_and_ttl_keep_real_payload_counted_until_inbox_drop ... ok
Rust checks	Integrated resident core and actual original-node RPC	2026-10-03T23:14:35.7128291Z test duplex::product_relay::tests::empty_armed_inbox_wakes_for_both_lanes_but_not_rejected_source ... ok
Rust checks	Integrated resident core and actual original-node RPC	2026-10-03T23:14:35.7129115Z test duplex::product_relay::tests::independent_active_queue_totals_are_strictly_validated ... ok
Rust checks	Integrated resident core and actual original-node RPC	2026-10-03T23:14:35.7231002Z test duplex::product_relay::tests::offline_queue_drains_on_authenticated_reconnect ... ok
Rust checks	Integrated resident core and actual original-node RPC	2026-10-03T23:14:35.7337794Z test duplex::product_relay::tests::rate_limit_backpressure_expiry_and_shutdown_are_enforced ... ok
Rust checks	Integrated resident core and actual original-node RPC	2026-10-03T23:14:35.7371298Z test duplex::product_relay::tests::raw_wire_admission_is_charged_once_and_malformed_payload_is_accounted ... ok
Rust checks	Integrated resident core and actual original-node RPC	2026-10-03T23:14:35.7504750Z test duplex::product_relay::tests::replaced_session_lookahead_stays_owned_and_counted_until_drop ... ok
Rust checks	Integrated resident core and actual original-node RPC	2026-10-03T23:14:35.7591611Z test duplex::product_relay::tests::replacement_held_inbox_obeys_global_byte_limit_and_refills_after_drop ... ok
Rust checks	Integrated resident core and actual original-node RPC	2026-10-03T23:14:35.7707844Z test duplex::product_relay::tests::replacement_held_inboxes_remain_globally_counted_until_drop_or_recv ... ok
Rust checks	Integrated resident core and actual original-node RPC	2026-10-03T23:14:35.7797760Z test duplex::product_relay::tests::session_cap_allows_replacement_and_stale_session_releases_capacity ... ok
Rust checks	Integrated resident core and actual original-node RPC	2026-10-03T23:14:35.7857394Z test duplex::product_relay::tests::shutdown_keeps_real_payload_counted_until_inbox_drop ... ok
Rust checks	Integrated resident core and actual original-node RPC	2026-10-03T23:14:35.8201319Z test duplex::product_relay::tests::source_budget_tracking_is_hard_bounded_under_identity_churn ... ok
Rust checks	Integrated resident core and actual original-node RPC	2026-10-03T23:14:35.8329575Z test duplex::product_relay::tests::stale_replaced_session_cannot_send ... ok
Rust checks	Integrated resident core and actual original-node RPC	2026-10-03T23:14:36.4138577Z test duplex::product_relay_client::pipeline::tests::actual_tls_close_notify_delivers_complete_last_event_but_rejects_partial_ws ... ok
Rust checks	Integrated resident core and actual original-node RPC	2026-10-03T23:14:37.1644390Z test duplex::product_relay_client::pipeline::tests::duplicate_and_mismatched_outcomes_are_terminal_not_another_ticket_completion ... ok
Rust checks	Integrated resident core and actual original-node RPC	2026-10-03T23:14:37.4241309Z test duplex::product_relay_client::pipeline::tests::handshake_is_single_flight_while_data_remains_pipelineable ... ok
Rust checks	Integrated resident core and actual original-node RPC	2026-10-03T23:14:37.9325895Z test duplex::product_relay_client::pipeline::tests::incremental_partial_write_failure_never_resends_or_completes_an_obligation ... ok
Rust checks	Integrated resident core and actual original-node RPC	2026-10-03T23:14:38.1878405Z test duplex::product_relay_client::pipeline::tests::metadata_capacity_and_oldest_deadline_remain_bounded_without_ack ... ok
Rust checks	Integrated resident core and actual original-node RPC	2026-10-03T23:14:38.6879958Z test duplex::product_relay_client::pipeline::tests::partial_inbound_and_write_stall_deadlines_survive_other_progress ... ok
Rust checks	Integrated resident core and actual original-node RPC	2026-10-03T23:14:40.2339102Z test duplex::product_relay_client::pipeline::tests::real_worker_retains_originals_and_serves_inbound_before_reverse_order_acks ... ok
Rust checks	Integrated resident core and actual original-node RPC	2026-10-03T23:14:40.2341497Z test duplex::product_relay_client::pipeline::tests::real_wss_eight_large_inflight_forwards_receive_seven_deliveries_before_reverse_acks ... ignored, real socket backpressure/latency: run release --include-ignored --test-threads=1
Rust checks	Integrated resident core and actual original-node RPC	2026-10-03T23:14:40.2343554Z test duplex::product_relay_client::pipeline::tests::real_wss_large_read_progresses_during_unfinished_write_with_fixed_socket_buffers ... ignored, real socket backpressure/latency: run release --include-ignored --test-threads=1
Rust checks	Integrated resident core and actual original-node RPC	2026-10-03T23:14:40.4842676Z test duplex::product_relay_client::tests::authenticated_write_error_keeps_timeout_source_but_marks_it_terminal ... ok
Rust checks	Integrated resident core and actual original-node RPC	2026-10-03T23:14:40.9846572Z test duplex::product_relay_client::tests::authenticated_write_failure_cannot_retry_or_write_during_close ... ok
Rust checks	Integrated resident core and actual original-node RPC	2026-10-03T23:14:40.9848634Z test duplex::product_relay_client::tests::buffered_decoder_preserves_partial_websocket_frame_across_reads ... ok
Rust checks	Integrated resident core and actual original-node RPC	2026-10-03T23:14:41.0459229Z test duplex::product_relay_client::tests::client_handshake_deadline_is_not_reset_by_byte_progress ... ok
Rust checks	Integrated resident core and actual original-node RPC	2026-10-03T23:14:41.0460912Z test duplex::product_relay_client::tests::client_websocket_bounds_writes_and_rejects_masked_server_frames ... ok
Rust checks	Integrated resident core and actual original-node RPC	2026-10-03T23:14:41.0463506Z test duplex::product_relay_client::tests::client_websocket_length_boundaries_preserve_payload_and_next_frame ... ok
Rust checks	Integrated resident core and actual original-node RPC	2026-10-03T23:14:41.4696520Z test duplex::product_relay_client::tests::delayed_tls_upgrade_and_forward_outcome_outlive_idle_polls_without_desync ... ok
Rust checks	Integrated resident core and actual original-node RPC	2026-10-03T23:14:43.0159130Z test duplex::product_relay_client::tests::delivery_window_consumes_returned_events_not_outcome_wait_buffering ... ok
Rust checks	Integrated resident core and actual original-node RPC	2026-10-03T23:14:43.5261736Z test duplex::product_relay_client::tests::delivery_window_credit_write_failure_and_counter_overflow_are_terminal ... ok
Rust checks	Integrated resident core and actual original-node RPC	2026-10-03T23:14:44.2765872Z test duplex::product_relay_client::tests::delivery_window_negotiation_rejects_wrong_size_and_legacy_messages ... ok
Rust checks	Integrated resident core and actual original-node RPC	2026-10-03T23:14:47.2863239Z test duplex::product_relay_client::tests::formal_client_establishes_peer_e2e_session_through_relay ... ok
Rust checks	Integrated resident core and actual original-node RPC	2026-10-03T23:14:47.2864624Z test duplex::product_relay_client::tests::forward_wait_event_buffer_enforces_count_and_wire_byte_caps ... ok
Rust checks	Integrated resident core and actual original-node RPC	2026-10-03T23:14:47.3272386Z test duplex::product_relay_client::tests::handshake_read_exact_keeps_partial_bytes_across_idle_socket_timeouts ... ok
Rust checks	Integrated resident core and actual original-node RPC	2026-10-03T23:14:47.3274619Z test duplex::product_relay_client::tests::heartbeat_health_measures_response_and_silence_is_terminal ... ok
Rust checks	Integrated resident core and actual original-node RPC	2026-10-03T23:14:47.5774404Z test duplex::product_relay_client::tests::implicit_tls_write_during_read_timeout_is_terminal_on_first_error ... ok
Rust checks	Integrated resident core and actual original-node RPC	2026-10-03T23:14:47.5776332Z test duplex::product_relay_client::tests::node_key_bound_tls_is_loopback_only_before_connect ... ok
Rust checks	Integrated resident core and actual original-node RPC	2026-10-03T23:14:47.9187771Z test duplex::product_relay_client::tests::ordinary_read_idle_still_allows_heartbeat_and_ack ... ok
Rust checks	Integrated resident core and actual original-node RPC	2026-10-03T23:14:48.2489930Z test duplex::product_relay_client::tests::outcome_absolute_timeout_is_terminal_and_restores_idle_read_scope ... ok
Rust checks	Integrated resident core and actual original-node RPC	2026-10-03T23:14:48.5194851Z test duplex::product_relay_client::tests::partial_inbound_frame_deadline_survives_idle_and_outbound_heartbeat ... ok
Rust checks	Integrated resident core and actual original-node RPC	2026-10-03T23:14:48.7694135Z test duplex::product_relay_client::tests::ping_reply_write_timeout_is_not_read_idle ... ok
Rust checks	Integrated resident core and actual original-node RPC	2026-10-03T23:14:49.0194953Z test duplex::product_relay_client::tests::prefetched_inbound_deadline_is_not_reset_by_outbound_completion ... ok
Rust checks	Integrated resident core and actual original-node RPC	2026-10-03T23:14:49.0197243Z test duplex::product_relay_client::tests::protocol_item_control_frames_and_wall_clock_are_bounded ... ok
Rust checks	Integrated resident core and actual original-node RPC	2026-10-03T23:14:49.4438834Z test duplex::product_relay_client::tests::real_tls_upgrade_rejects_missing_duplicate_or_other_subprotocol_before_identity ... ok
Rust checks	Integrated resident core and actual original-node RPC	2026-10-03T23:14:49.9543396Z test duplex::product_relay_client::tests::real_wss_compact_session_rejects_legacy_json_delivery_for_both_client_apis ... ok
Rust checks	Integrated resident core and actual original-node RPC	2026-10-03T23:14:50.7736504Z test duplex::product_relay_client::tests::real_wss_multiple_forwards_progress_before_first_outcome ... ok
Rust checks	Integrated resident core and actual original-node RPC	2026-10-03T23:14:50.7740450Z test duplex::product_relay_client::tests::reconnect_state_is_bounded_after_failures ... ok
Rust checks	Integrated resident core and actual original-node RPC	2026-10-03T23:14:50.7743721Z test duplex::product_relay_client::tests::successful_short_socket_write_reports_progress_before_terminal_deadline ... ok
Rust checks	Integrated resident core and actual original-node RPC	2026-10-03T23:14:50.7748030Z test duplex::product_relay_client::tests::successful_socket_read_preserves_progress_on_deadline_or_restore_failure ... ok
Rust checks	Integrated resident core and actual original-node RPC	2026-10-03T23:14:50.7751257Z test duplex::product_relay_client::tests::websocket_upgrade_accepts_case_insensitive_header_names_and_connection_tokens ... ok
Rust checks	Integrated resident core and actual original-node RPC	2026-10-03T23:14:50.7756752Z test duplex::product_relay_client::tests::websocket_upgrade_rejects_status_prefix_accept_alias_suffix_duplicate_and_missing_tokens ... ok
Rust checks	Integrated resident core and actual original-node RPC	2026-10-03T23:14:50.7758560Z test duplex::product_relay_daemon::connection::tests::pending_reply_deadlines_are_original_absolute_and_not_fifo_assumptions ... ok
Rust checks	Integrated resident core and actual original-node RPC	2026-10-03T23:14:50.7809539Z test duplex::product_relay_daemon::connection::tests::reply_count_and_actual_owned_bytes_are_bounded_without_partial_admission ... ok
Rust checks	Integrated resident core and actual original-node RPC	2026-10-03T23:14:50.7832116Z test duplex::product_relay_daemon::pump::tests::completed_frame_flush_watermark_excludes_later_tls_key_update ... ok
Rust checks	Integrated resident core and actual original-node RPC	2026-10-03T23:14:50.7850914Z test duplex::product_relay_daemon::pump::tests::completed_prefix_advances_timestamp_but_append_never_refreshes_unread_prefix ... ok
Rust checks	Integrated resident core and actual original-node RPC	2026-10-03T23:14:50.7885850Z test duplex::product_relay_daemon::pump::tests::consumed_frame_keeps_its_deadline_after_read_timer_advances ... ok
Rust checks	Integrated resident core and actual original-node RPC	2026-10-03T23:14:50.7954537Z test duplex::product_relay_daemon::pump::tests::independent_expired_read_write_stall_and_queued_response_remain_terminal ... ok
Rust checks	Integrated resident core and actual original-node RPC	2026-10-03T23:14:50.7973980Z test duplex::product_relay_daemon::pump::tests::initial_tls_plaintext_inherits_handshake_deadline_without_refresh ... ok
Rust checks	Integrated resident core and actual original-node RPC	2026-10-03T23:14:50.7991825Z test duplex::product_relay_daemon::pump::tests::masked_frame_preflight_shares_strict_parser_and_bounds ... ok
Rust checks	Integrated resident core and actual original-node RPC	2026-10-03T23:14:50.8012167Z test duplex::product_relay_daemon::pump::tests::plaintext_storage_and_timestamp_metadata_are_bounded ... ok
Rust checks	Integrated resident core and actual original-node RPC	2026-10-03T23:14:50.8031925Z test duplex::product_relay_daemon::pump::tests::real_tls_close_notify_delivers_all_complete_frames_then_terminates ... ok
Rust checks	Integrated resident core and actual original-node RPC	2026-10-03T23:14:50.8051181Z test duplex::product_relay_daemon::pump::tests::real_tls_close_notify_rejects_partial_websocket_frame ... ok
Rust checks	Integrated resident core and actual original-node RPC	2026-10-03T23:14:50.8070340Z test duplex::product_relay_daemon::pump::tests::real_tls_completed_frame_does_not_clear_next_partial_record_deadline ... ok
Rust checks	Integrated resident core and actual original-node RPC	2026-10-03T23:14:50.8091964Z test duplex::product_relay_daemon::pump::tests::real_tls_incremental_control_exact_wire_and_quantum_no_implicit_complete_io ... ok
Rust checks	Integrated resident core and actual original-node RPC	2026-10-03T23:14:50.8113082Z test duplex::product_relay_daemon::pump::tests::real_tls_key_update_during_partial_websocket_keeps_original_deadline ... ok
Rust checks	Integrated resident core and actual original-node RPC	2026-10-03T23:14:50.8133037Z test duplex::product_relay_daemon::pump::tests::real_tls_only_key_update_does_not_start_a_phantom_websocket_deadline ... ok
Rust checks	Integrated resident core and actual original-node RPC	2026-10-03T23:14:50.8185284Z test duplex::product_relay_daemon::pump::tests::real_tls_partial_or_indeterminate_write_is_terminal_without_retransmit ... ok
Rust checks	Integrated resident core and actual original-node RPC	2026-10-03T23:14:50.8204160Z test duplex::product_relay_daemon::pump::tests::shutdown_poison_is_shared_and_does_not_write_a_new_frame ... ok
Rust checks	Integrated resident core and actual original-node RPC	2026-10-03T23:14:50.8205284Z test duplex::product_relay_daemon::pump::tests::tls_record_tracker_retains_split_header_body_and_advances_only_on_completion ... ok
Rust checks	Integrated resident core and actual original-node RPC	2026-10-03T23:14:50.8310828Z test duplex::product_relay_daemon::tests::absolute_handshake_deadline_is_not_reset_by_byte_progress ... ok
Rust checks	Integrated resident core and actual original-node RPC	2026-10-03T23:14:50.8316129Z test duplex::product_relay_daemon::tests::carrier_negotiation_rejects_legacy_before_reading_identity_or_writing_success ... ok
Rust checks	Integrated resident core and actual original-node RPC	2026-10-03T23:14:50.8317646Z test duplex::product_relay_daemon::tests::completed_frame_can_advance_to_the_remaining_prefetch_timestamp ... ok
Rust checks	Integrated resident core and actual original-node RPC	2026-10-03T23:14:52.3436794Z test duplex::product_relay_daemon::tests::daemon_authenticates_nodes_and_forwards_only_opaque_e2e_ciphertext ... ok
Rust checks	Integrated resident core and actual original-node RPC	2026-10-03T23:14:52.3687371Z test duplex::product_relay_daemon::tests::daemon_bad_json_or_credit_closes_before_following_heartbeat_and_releases_guard ... ok
Rust checks	Integrated resident core and actual original-node RPC	2026-10-03T23:14:52.5317982Z test duplex::product_relay_daemon::tests::daemon_configured_duration_still_stops_without_external_request ... ok
Rust checks	Integrated resident core and actual original-node RPC	2026-10-03T23:14:52.5320748Z test duplex::product_relay_daemon::tests::daemon_dispatches_inbound_application_while_large_delivery_is_write_blocked ... ignored, real socket backpressure and original 100ms write budget: run release --include-ignored --test-threads=1
Rust checks	Integrated resident core and actual original-node RPC	2026-10-03T23:14:52.5948623Z test duplex::product_relay_daemon::tests::daemon_encoded_delivery_failure_releases_guard_but_cannot_revive_tls ... ok
Rust checks	Integrated resident core and actual original-node RPC	2026-10-03T23:14:52.6159246Z test duplex::product_relay_daemon::tests::daemon_encoded_delivery_preserves_exact_wire_and_holds_quota_through_real_tls_flush ... ok
Rust checks	Integrated resident core and actual original-node RPC	2026-10-03T23:14:52.6382528Z test duplex::product_relay_daemon::tests::daemon_encoded_delivery_rechecks_replaced_session_before_any_write ... ok
Rust checks	Integrated resident core and actual original-node RPC	2026-10-03T23:14:52.6604860Z test duplex::product_relay_daemon::tests::daemon_encoded_delivery_replacement_during_write_keeps_old_guard_not_new_session_quota ... ok
Rust checks	Integrated resident core and actual original-node RPC	2026-10-03T23:14:52.6936894Z test duplex::product_relay_daemon::tests::daemon_encoded_inbox_idle_and_fair_service_keep_both_lane_guards_until_write ... ok
Rust checks	Integrated resident core and actual original-node RPC	2026-10-03T23:14:52.8220033Z test duplex::product_relay_daemon::tests::daemon_external_shutdown_interrupts_idle_handshake_and_joins_worker ... ok
Rust checks	Integrated resident core and actual original-node RPC	2026-10-03T23:14:52.8483389Z test duplex::product_relay_daemon::tests::daemon_external_shutdown_without_duration_or_clients_is_joined ... ok
Rust checks	Integrated resident core and actual original-node RPC	2026-10-03T23:14:52.9092059Z test duplex::product_relay_daemon::tests::daemon_lower_stream_deadline_is_not_reset_by_tls_record_progress ... ok
Rust checks	Integrated resident core and actual original-node RPC	2026-10-03T23:14:53.0329494Z test duplex::product_relay_daemon::tests::daemon_report_failure_stops_and_joins_existing_idle_connection ... ok
Rust checks	Integrated resident core and actual original-node RPC	2026-10-03T23:14:53.0351642Z test duplex::product_relay_daemon::tests::daemon_tls_indeterminate_write_is_terminal_without_duplicate_ciphertext ... ok
Rust checks	Integrated resident core and actual original-node RPC	2026-10-03T23:14:53.0369699Z test duplex::product_relay_daemon::tests::daemon_tls_non_idle_read_error_is_permanently_terminal ... ok
Rust checks	Integrated resident core and actual original-node RPC	2026-10-03T23:14:53.0388537Z test duplex::product_relay_daemon::tests::daemon_tls_post_read_deadline_preserves_received_bytes_and_cannot_revive ... ok
Rust checks	Integrated resident core and actual original-node RPC	2026-10-03T23:14:53.0407054Z test duplex::product_relay_daemon::tests::daemon_tls_post_write_deadline_preserves_progress_and_cannot_revive ... ok
Rust checks	Integrated resident core and actual original-node RPC	2026-10-03T23:14:53.0476707Z test duplex::product_relay_daemon::tests::daemon_tls_read_idle_remains_usable_for_real_authenticated_traffic ... ok
Rust checks	Integrated resident core and actual original-node RPC	2026-10-03T23:14:53.0495063Z test duplex::product_relay_daemon::tests::daemon_tls_zero_progress_write_timeout_is_terminal_without_retry ... ok
Rust checks	Integrated resident core and actual original-node RPC	2026-10-03T23:14:53.0528383Z test duplex::product_relay_daemon::tests::daemon_websocket_length_boundaries_preserve_payload_and_next_frame ... ok
Rust checks	Integrated resident core and actual original-node RPC	2026-10-03T23:14:53.0644778Z test duplex::product_relay_daemon::tests::daemon_websocket_payload_is_written_from_original_slice_after_fixed_header ... ok
Rust checks	Integrated resident core and actual original-node RPC	2026-10-03T23:14:58.2806769Z test duplex::product_relay_daemon::tests::delayed_request_cannot_receive_unbounded_egress_before_its_outcome ... ok
Rust checks	Integrated resident core and actual original-node RPC	2026-10-03T23:14:58.2808431Z test duplex::product_relay_daemon::tests::delivery_window_is_cumulative_not_refilled_by_idle_or_duplicate_credit ... ok
Rust checks	Integrated resident core and actual original-node RPC	2026-10-03T23:14:58.2809930Z test duplex::product_relay_daemon::tests::expired_partial_lower_stream_deadline_closes_instead_of_hot_looping ... ok
Rust checks	Integrated resident core and actual original-node RPC	2026-10-03T23:14:58.2812116Z test duplex::product_relay_daemon::tests::idle_connection_tick_bounds_inbox_delivery_after_request_timeout ... ok
Rust checks	Integrated resident core and actual original-node RPC	2026-10-03T23:14:58.2813572Z test duplex::product_relay_daemon::tests::omitted_connection_limit_preserves_legacy_large_session_configs ... ok
Rust checks	Integrated resident core and actual original-node RPC	2026-10-03T23:14:58.2814353Z test duplex::product_relay_daemon::tests::physical_connection_admission_is_bounded_and_recoverable ... ok
Rust checks	Integrated resident core and actual original-node RPC	2026-10-03T23:14:58.2815131Z test duplex::product_relay_daemon::tests::prefetched_tls_bytes_keep_their_original_deadline_across_outer_clear ... ok
Rust checks	Integrated resident core and actual original-node RPC	2026-10-03T23:14:58.2816268Z test duplex::product_relay_daemon::tests::real_tcp_inbox_notification_interrupts_five_second_idle_read ... ignored, real read-wake deadline regression; run release with --include-ignored --test-threads=1
Rust checks	Integrated resident core and actual original-node RPC	2026-10-03T23:14:58.2817790Z test duplex::product_relay_daemon::tests::relay_runtime_config_applies_explicit_limits ... ok
Rust checks	Integrated resident core and actual original-node RPC	2026-10-03T23:14:58.2985710Z test duplex::product_relay_daemon::tests::sender_outcomes_precede_one_fair_egress_item_per_request ... ok
Rust checks	Integrated resident core and actual original-node RPC	2026-10-03T23:14:58.2987035Z test duplex::product_relay_daemon::tests::websocket_binary_and_masking_round_trip ... ok
Rust checks	Integrated resident core and actual original-node RPC	2026-10-03T23:14:58.2988432Z test duplex::product_relay_daemon::tests::websocket_upgrade_requires_rfc6455_headers_and_fresh_key_shape ... ok
Rust checks	Integrated resident core and actual original-node RPC	2026-10-03T23:14:58.2994285Z test duplex::product_relay_daemon::tests::websocket_write_bounds_data_and_control_before_io ... ok
Rust checks	Integrated resident core and actual original-node RPC	2026-10-03T23:14:58.4672649Z test duplex::product_relay_io::tests::backpressure_readiness_rearms_and_never_duplicates_progress ... ok
Rust checks	Integrated resident core and actual original-node RPC	2026-10-03T23:14:58.4675134Z test duplex::product_relay_io::tests::both_production_socket_directions_disable_nagle_before_tls ... ok
Rust checks	Integrated resident core and actual original-node RPC	2026-10-03T23:14:58.4678393Z test duplex::product_relay_io::tests::buffered_read_precedes_wake_and_eof_does_not_close_write_direction ... ok
Rust checks	Integrated resident core and actual original-node RPC	2026-10-03T23:14:58.4833243Z test duplex::product_relay_io::tests::fixed_budget_survives_spurious_and_interrupted_operations ... ok
Rust checks	Integrated resident core and actual original-node RPC	2026-10-03T23:14:58.4988627Z test duplex::product_relay_io::tests::pre_read_wakes_coalesce_without_losing_the_next_notification ... ok
Rust checks	Integrated resident core and actual original-node RPC	2026-10-03T23:14:58.4991237Z test duplex::product_relay_io::tests::queued_bytes_are_read_before_eof ... ok
Rust checks	Integrated resident core and actual original-node RPC	2026-10-03T23:14:58.4995544Z test duplex::product_relay_io::tests::queued_work_wakes_a_real_blocked_read_without_waiting_for_timeout ... ok
Rust checks	Integrated resident core and actual original-node RPC	2026-10-03T23:14:58.4997003Z test duplex::product_relay_io::tests::read_ahead_byte_and_metadata_limits_stop_read_polling_at_real_backpressure ... ignored, real socket backpressure timing; run release with --include-ignored --test-threads=1
Rust checks	Integrated resident core and actual original-node RPC	2026-10-03T23:14:58.4998896Z test duplex::product_relay_io::tests::read_ahead_timestamps_follow_consumed_chunks_and_do_not_refresh_old_bytes ... ok
Rust checks	Integrated resident core and actual original-node RPC	2026-10-03T23:14:58.5411288Z test duplex::product_relay_io::tests::repeated_idle_and_direction_switches_preserve_exact_bytes ... ok
Rust checks	Integrated resident core and actual original-node RPC	2026-10-03T23:14:58.5414460Z test duplex::product_relay_io::tests::simultaneous_large_socket_writes_drain_exact_opposite_bytes ... ignored, real socket duplex timing; run release with --include-ignored --test-threads=1
Rust checks	Integrated resident core and actual original-node RPC	2026-10-03T23:14:58.5417113Z test duplex::product_relay_io::tests::timeout_settings_and_empty_io_preserve_contract ... ok
Rust checks	Integrated resident core and actual original-node RPC	2026-10-03T23:14:58.5418554Z test duplex::product_relay_wire::tests::binary_preflight_borrows_until_all_lengths_utf8_and_tail_are_valid ... ok
Rust checks	Integrated resident core and actual original-node RPC	2026-10-03T23:14:58.5420138Z test duplex::product_relay_wire::tests::binary_v2_fixed_golden_bytes_pin_field_order_endianness_and_ciphertext ... ok
Rust checks	Integrated resident core and actual original-node RPC	2026-10-03T23:14:58.6561591Z test duplex::product_relay_wire::tests::control_json_serialization_and_deserialization_keep_the_existing_wire_bound ... ok
Rust checks	Integrated resident core and actual original-node RPC	2026-10-03T23:14:58.6565090Z test duplex::product_relay_wire::tests::every_binary_truncation_and_wrong_magic_tag_or_suffix_is_rejected ... ok
Rust checks	Integrated resident core and actual original-node RPC	2026-10-03T23:14:58.6577215Z test duplex::product_relay_wire::tests::every_control_variant_keeps_its_existing_json_bytes_and_fields ... ok
Rust checks	Integrated resident core and actual original-node RPC	2026-10-03T23:14:58.6578695Z test duplex::product_relay_wire::tests::every_field_round_trips_without_adding_version_route_or_identifier_policy ... ok
Rust checks	Integrated resident core and actual original-node RPC	2026-10-03T23:14:58.6580571Z test duplex::product_relay_wire::tests::every_variable_field_rejects_bad_lengths_and_each_identifier_rejects_bad_utf8 ... ok
Rust checks	Integrated resident core and actual original-node RPC	2026-10-03T23:14:58.6667904Z test duplex::product_relay_wire::tests::exact_wire_limit_is_inclusive_and_ciphertext_is_not_json_expanded ... ok
Rust checks	Integrated resident core and actual original-node RPC	2026-10-03T23:14:58.6671342Z test duplex::product_relay_wire::tests::old_json_data_and_delivery_are_rejected_including_escaped_and_reordered_kind ... ok
Rust checks	Integrated resident core and actual original-node RPC	2026-10-03T23:14:58.6673421Z test duplex::worker::outbound::tests::all_in_flight_or_ineligible_or_expired_queues_do_not_request_another_wake ... ok
Rust checks	Integrated resident core and actual original-node RPC	2026-10-03T23:14:58.6674998Z test duplex::worker::outbound::tests::connection_cleanup_preserves_originals_ids_deadlines_and_budgets ... ok
Rust checks	Integrated resident core and actual original-node RPC	2026-10-03T23:14:58.6676319Z test duplex::worker::outbound::tests::expiry_skips_in_flight_but_removes_ready_entries_behind_it ... ok
Rust checks	Integrated resident core and actual original-node RPC	2026-10-03T23:14:58.6677632Z test duplex::worker::outbound::tests::failed_admission_does_not_consume_ids_and_exhausted_ids_never_wrap ... ok
Rust checks	Integrated resident core and actual original-node RPC	2026-10-03T23:14:58.6678897Z test duplex::worker::outbound::tests::fair_turns_skip_reserved_fronts_without_reusing_a_tag ... ok
Rust checks	Integrated resident core and actual original-node RPC	2026-10-03T23:14:58.6680451Z test duplex::worker::outbound::tests::out_of_order_outcomes_remove_only_the_exact_reserved_original ... ok
Rust checks	Integrated resident core and actual original-node RPC	2026-10-03T23:14:58.6681775Z test duplex::worker::outbound::tests::rejection_keeps_original_timestamp_and_does_not_undo_later_acceptance ... ok
Rust checks	Integrated resident core and actual original-node RPC	2026-10-03T23:14:58.6683472Z test duplex::worker::outbound::tests::reservations_stay_charged_against_global_and_peer_count_and_byte_limits ... ok
Rust checks	Integrated resident core and actual original-node RPC	2026-10-03T23:14:58.6684848Z test duplex::worker::outbound::tests::wrong_peer_id_or_tag_cannot_release_budget_or_mutate_a_reservation ... ok
Rust checks	Integrated resident core and actual original-node RPC	2026-10-03T23:14:58.6730548Z test duplex::worker::session::tests::authenticated_response_before_offer_outcome_does_not_reset_activated_sequence ... ok
Rust checks	Integrated resident core and actual original-node RPC	2026-10-03T23:14:58.6773192Z test duplex::worker::session::tests::inflight_ttl_keeps_original_charged_until_late_exact_outcome ... ok
Rust checks	Integrated resident core and actual original-node RPC	2026-10-03T23:14:58.6816567Z test duplex::worker::session::tests::late_handshake_rejection_drains_data_without_undoing_accepted_original ... ok
Rust checks	Integrated resident core and actual original-node RPC	2026-10-03T23:14:58.6900515Z test duplex::worker::session::tests::old_generation_outcomes_settle_only_old_originals_without_isolating_replacement ... ok
Rust checks	Integrated resident core and actual original-node RPC	2026-10-03T23:14:58.6945234Z test duplex::worker::session::tests::rejected_first_outcome_does_not_undo_already_accepted_successors ... ok
Rust checks	Integrated resident core and actual original-node RPC	2026-10-03T23:14:58.6989151Z test duplex::worker::session::tests::unknown_or_duplicate_ticket_never_removes_an_unrelated_original ... ok
Rust checks	Integrated resident core and actual original-node RPC	2026-10-03T23:14:58.6993448Z test duplex::worker::tests::configured_limits_and_peer_pins_are_checked_before_thread_spawn ... ok
Rust checks	Integrated resident core and actual original-node RPC	2026-10-03T23:14:58.7127356Z test duplex::worker::tests::e2e_receive_rejects_wrong_chain_domain_replay_and_stale_generation_without_reset ... ok
Rust checks	Integrated resident core and actual original-node RPC	2026-10-03T23:14:58.7129547Z test duplex::worker::tests::fair_queue_turns_do_not_starve_other_peers_and_expiry_releases_both_budgets ... ok
Rust checks	Integrated resident core and actual original-node RPC	2026-10-03T23:14:58.7219786Z test duplex::worker::tests::inbound_full_is_explicitly_counted_and_other_peer_keeps_budget ... ok
Rust checks	Integrated resident core and actual original-node RPC	2026-10-03T23:14:58.7223711Z test duplex::worker::tests::outbound_rejection_and_stop_return_payload_without_false_ack ... ok
Rust checks	Integrated resident core and actual original-node RPC	2026-10-03T23:14:58.7272362Z test duplex::worker::tests::preauth_accepts_only_exact_pending_session_and_is_bounded ... ok
Rust checks	Integrated resident core and actual original-node RPC	2026-10-03T23:14:58.7276275Z test duplex::worker::tests::queue_admission_and_waker_registration_cover_both_orders_and_replacement ... ok
Rust checks	Integrated resident core and actual original-node RPC	2026-10-03T23:14:58.7280544Z test duplex::worker::tests::queue_admission_returns_original_on_count_bytes_peer_and_contention_pressure ... ok
Rust checks	Integrated resident core and actual original-node RPC	2026-10-03T23:14:58.7281626Z test duplex::worker::tests::real_wss_outbound_admission_wakes_a_known_idle_socket_read ... ignored, real WSS read-wake timing; run release with --include-ignored --test-threads=1
Rust checks	Integrated resident core and actual original-node RPC	2026-10-03T23:14:58.7283341Z test duplex::worker::tests::real_wss_queued_payload_burst_does_not_pay_idle_read_timeout_per_message ... ignored, real WSS latency regression; run release with --include-ignored --test-threads=1
Rust checks	Integrated resident core and actual original-node RPC	2026-10-03T23:14:58.7285094Z test duplex::worker::tests::real_wss_replacement_rebinds_outbound_wake_and_ignores_late_old_notification ... ignored, real WSS connection-generation regression; run release with --include-ignored --test-threads=1
Rust checks	Integrated resident core and actual original-node RPC	2026-10-03T23:14:58.8159488Z test duplex::worker::tests::real_wss_three_worker_duplex_and_peer_restart_preserve_healthy_session ... ok
Rust checks	Integrated resident core and actual original-node RPC	2026-10-03T23:14:58.8161687Z test duplex::worker::tests::real_wss_three_worker_large_duplex_fanin_crosses_delivery_windows_without_loss ... ignored, real WSS large-frame regression; run release with --include-ignored --test-threads=1
Rust checks	Integrated resident core and actual original-node RPC	2026-10-03T23:14:58.8206376Z test duplex::worker::tests::recv_rearm_requires_live_work_on_the_actual_active_peer_without_changing_fair_turn ... ok
Rust checks	Integrated resident core and actual original-node RPC	2026-10-03T23:14:59.8230817Z test duplex::worker::tests::start_and_queue_admission_do_not_wait_on_stalled_relay_handshake ... ok
Rust checks	Integrated resident core and actual original-node RPC	2026-10-03T23:14:59.8231810Z 
Rust checks	Integrated resident core and actual original-node RPC	2026-10-03T23:14:59.8232291Z test result: ok. 200 passed; 0 failed; 10 ignored; 0 measured; 488 filtered out; finished in 24.71s
Rust checks	Integrated resident core and actual original-node RPC	2026-10-03T23:14:59.8233243Z 
Rust checks	Integrated resident core and actual original-node RPC	2026-10-03T23:14:59.8669723Z ^[[1m^[[33mwarning^[[0m: /home/runner/work/supervm/supervm/crates/novovm-node/Cargo.toml: file `/home/runner/work/supervm/supervm/crates/novovm-node/src/bin/supervm-native-pipeline-cross-machine-udp-soak.rs` found to be present in multiple build targets:
Rust checks	Integrated resident core and actual original-node RPC	2026-10-03T23:14:59.8671262Z   * `bin` target `supervm-native-pipeline-cross-machine-udp-soak`
Rust checks	Integrated resident core and actual original-node RPC	2026-10-03T23:14:59.8671859Z   * `bin` target `supervm-native-pipeline-cross-machine-fault-udp-soak`
Rust checks	Integrated resident core and actual original-node RPC	2026-10-03T23:14:59.8672479Z   * `bin` target `supervm-native-pipeline-cross-machine-sustained-soak`
Rust checks	Integrated resident core and actual original-node RPC	2026-10-03T23:14:59.8673276Z   * `bin` target `supervm-native-pipeline-memory-bisect-gate`
Rust checks	Integrated resident core and actual original-node RPC	2026-10-03T23:15:00.0106037Z ^[[1m^[[92m    Finished^[[0m `test` profile [unoptimized + debuginfo] target(s) in 0.15s
Rust checks	Integrated resident core and actual original-node RPC	2026-10-03T23:15:00.0194974Z ^[[1m^[[92m     Running^[[0m unittests src/lib.rs (target/runtime-rebuild/debug/deps/novovm_node-8ed10d0afdf94e9a)
Rust checks	Integrated resident core and actual original-node RPC	2026-10-03T23:15:00.0250770Z 
Rust checks	Integrated resident core and actual original-node RPC	2026-10-03T23:15:00.0251181Z running 417 tests
Rust checks	Integrated resident core and actual original-node RPC	2026-10-03T23:15:00.0256143Z test native_pipeline::business::direct_nov_fee::tests::asset_aliases_preserve_wire_projection_and_other_assets_fail_without_effects ... ok
Rust checks	Integrated resident core and actual original-node RPC	2026-10-03T23:15:00.0259628Z test native_pipeline::business::direct_nov_fee::tests::business_failure_self_transfer_and_fee_failure_compose_without_a_second_fee_debit ... ok
Rust checks	Integrated resident core and actual original-node RPC	2026-10-03T23:15:00.0574616Z test native_pipeline::business::direct_nov_fee::tests::deterministic_ordered_settlement_matches_small_frozen_reference_across_2048_cases ... ok
Rust checks	Integrated resident core and actual original-node RPC	2026-10-03T23:15:00.0576767Z test native_pipeline::business::direct_nov_fee::tests::each_fee_rounds_separately_risk_gets_remainder_and_nov_bypasses_non_nov_gates ... ok
Rust checks	Integrated resident core and actual original-node RPC	2026-10-03T23:15:00.0579713Z test native_pipeline::business::direct_nov_fee::tests::every_monetary_and_sequence_overflow_is_checked_before_any_debit ... ok
Rust checks	Integrated resident core and actual original-node RPC	2026-10-03T23:15:00.0581566Z test native_pipeline::business::direct_nov_fee::tests::exact_u128_and_sequence_maxima_are_valid_without_truncating_money ... ok
Rust checks	Integrated resident core and actual original-node RPC	2026-10-03T23:15:00.0583886Z test native_pipeline::business::direct_nov_fee::tests::insufficient_payer_precedes_capacity_failure_and_does_not_insert_absent_treasury_leaves ... ok
Rust checks	Integrated resident core and actual original-node RPC	2026-10-03T23:15:00.0667461Z test native_pipeline::business::direct_nov_fee::tests::journal_effects_are_per_transaction_and_do_not_accumulate_history_in_fee_state ... ok
Rust checks	Integrated resident core and actual original-node RPC	2026-10-03T23:15:00.0669430Z test native_pipeline::business::direct_nov_fee::tests::paused_settlement_refreshes_window_and_quote_before_rejecting_and_precedes_expiry ... ok
Rust checks	Integrated resident core and actual original-node RPC	2026-10-03T23:15:00.0672932Z test native_pipeline::business::direct_nov_fee::tests::policy_and_state_codec_are_explicit_bounded_and_do_not_invent_fallback ... ok
Rust checks	Integrated resident core and actual original-node RPC	2026-10-03T23:15:00.0674784Z test native_pipeline::business::direct_nov_fee::tests::prepared_quotes_validate_every_fee_metadata_field_before_any_effects ... ok
Rust checks	Integrated resident core and actual original-node RPC	2026-10-03T23:15:00.0676656Z test native_pipeline::business::direct_nov_fee::tests::quote_expiry_is_strict_and_zero_ttl_and_synthetic_extremes_preserve_old_rules ... ok
Rust checks	Integrated resident core and actual original-node RPC	2026-10-03T23:15:00.0678706Z test native_pipeline::business::direct_nov_fee::tests::quote_failure_does_not_refresh_day_or_erase_previous_successful_quote ... ok
Rust checks	Integrated resident core and actual original-node RPC	2026-10-03T23:15:00.0679913Z test native_pipeline::business::direct_nov_fee::tests::quote_preserves_frozen_transfer_projection_cost_and_unsigned_cap_sentinel ... ok
Rust checks	Integrated resident core and actual original-node RPC	2026-10-03T23:15:00.0681985Z test native_pipeline::business::direct_nov_fee::tests::successful_fee_preserves_old_clearing_failure_and_saturating_diagnostic_counts ... ok
Rust checks	Integrated resident core and actual original-node RPC	2026-10-03T23:15:00.0753067Z test native_pipeline::business::nov_transfer_batch::body_tests::bind_preserves_all_original_domain_shape_rejections ... ok
Rust checks	Integrated resident core and actual original-node RPC	2026-10-03T23:15:00.1184527Z test native_pipeline::business::nov_transfer_batch::body_tests::body_bind_and_compatibility_compile_match_original_plan_and_complete_effects ... ok
Rust checks	Integrated resident core and actual original-node RPC	2026-10-03T23:15:00.1191383Z test native_pipeline::business::nov_transfer_batch::body_tests::compiler_owns_original_policy_and_signed_bytes_and_is_send ... ok
Rust checks	Integrated resident core and actual original-node RPC	2026-10-03T23:15:00.1392675Z test native_pipeline::business::nov_transfer_batch::body_tests::each_parent_requires_new_exact_capture_and_nonce_is_not_preapproved ... ok
Rust checks	Integrated resident core and actual original-node RPC	2026-10-03T23:15:00.1395299Z test native_pipeline::business::nov_transfer_batch::body_tests::native_apfl_views_match_raw_execution_failures_fees_nonce_and_proof_input ... ignored, requires explicit NOVOVM_AOEM_TEST_LIBRARY; structured input parity, not TPS
Rust checks	Integrated resident core and actual original-node RPC	2026-10-03T23:15:00.1398309Z test native_pipeline::business::nov_transfer_batch::body_tests::native_body_capture_matches_original_compiler_for_each_exact_parent ... ignored, requires explicit NOVOVM_AOEM_TEST_LIBRARY; parent-bound economic component, not chain TPS
Rust checks	Integrated resident core and actual original-node RPC	2026-10-03T23:15:00.1435261Z test native_pipeline::business::nov_transfer_batch::body_tests::plan_budget_boundaries_match_canonical_constructor_without_relaxation ... ok
Rust checks	Integrated resident core and actual original-node RPC	2026-10-03T23:15:00.1450799Z test native_pipeline::business::nov_transfer_batch::body_tests::signed_fields_cannot_be_replaced_before_independent_preparation ... ok
Rust checks	Integrated resident core and actual original-node RPC	2026-10-03T23:15:00.1515944Z test native_pipeline::business::nov_transfer_batch::body_tests::unsupported_signed_assets_and_wrong_local_policies_do_not_prepare_or_bind ... ok
Rust checks	Integrated resident core and actual original-node RPC	2026-10-03T23:15:00.1569884Z test native_pipeline::business::nov_transfer_batch::body_tests::valid_context_fields_are_late_bound_but_all_change_the_commitment ... ok
Rust checks	Integrated resident core and actual original-node RPC	2026-10-03T23:15:00.1572182Z test native_pipeline::business::nov_transfer_batch::tests::credit_guard_checks_entire_possible_sum_before_relaxing_dependencies ... ok
Rust checks	Integrated resident core and actual original-node RPC	2026-10-03T23:15:00.1575960Z test native_pipeline::business::nov_transfer_batch::tests::serialized_accounts_cannot_bypass_exact_identity_width ... ok
Rust checks	Integrated resident core and actual original-node RPC	2026-10-03T23:15:00.1581450Z test native_pipeline::business::nov_transfer_batch::tests::shared_credit_is_not_a_conflict_but_payer_dependencies_are ... ok
Rust checks	Integrated resident core and actual original-node RPC	2026-10-03T23:15:00.1583252Z test native_pipeline::business::nov_transfer_batch::tests::signer_alias_dependency_is_independent_of_balance_account_width ... ok
Rust checks	Integrated resident core and actual original-node RPC	2026-10-03T23:15:00.1584344Z test native_pipeline::business::nov_transfer_batch::tests::transitive_dependencies_keep_original_order_without_assuming_contiguity ... ok
Rust checks	Integrated resident core and actual original-node RPC	2026-10-03T23:15:00.1585412Z test native_pipeline::business::nov_transfer_batch::tests::zero_and_self_transfers_have_no_unsafe_pure_credit_classification ... ok
Rust checks	Integrated resident core and actual original-node RPC	2026-10-03T23:15:00.1680440Z test native_pipeline::business::quoted_transfer::tests::bounded_exhaustive_small_values_preserve_failure_rules_and_conservation ... ok
Rust checks	Integrated resident core and actual original-node RPC	2026-10-03T23:15:00.1682142Z test native_pipeline::business::quoted_transfer::tests::economic_failures_charge_affordable_fee_and_consume_nonce ... ok
Rust checks	Integrated resident core and actual original-node RPC	2026-10-03T23:15:00.1683573Z test native_pipeline::business::quoted_transfer::tests::exact_account_width_and_owned_thread_bounds_are_preserved ... ok
Rust checks	Integrated resident core and actual original-node RPC	2026-10-03T23:15:00.1685110Z test native_pipeline::business::quoted_transfer::tests::exact_u128_maximum_is_allowed_but_overflow_is_never_saturated ... ok
Rust checks	Integrated resident core and actual original-node RPC	2026-10-03T23:15:00.1686407Z test native_pipeline::business::quoted_transfer::tests::fee_quote_cap_and_unaffordable_fee_consume_nonce_without_payment ... ok
Rust checks	Integrated resident core and actual original-node RPC	2026-10-03T23:15:00.1688533Z test native_pipeline::business::quoted_transfer::tests::global_rejection_restores_pre_fee_balances_not_nonce_or_dependent_predictions ... ok
Rust checks	Integrated resident core and actual original-node RPC	2026-10-03T23:15:00.1690289Z test native_pipeline::business::quoted_transfer::tests::invalid_nonce_and_state_are_errors_even_when_quote_was_rejected ... ok
Rust checks	Integrated resident core and actual original-node RPC	2026-10-03T23:15:00.1691643Z test native_pipeline::business::quoted_transfer::tests::last_nonce_is_checked_and_shared_signer_does_not_alias_balance_accounts ... ok
Rust checks	Integrated resident core and actual original-node RPC	2026-10-03T23:15:00.1693547Z test native_pipeline::business::quoted_transfer::tests::ordered_pending_funding_checks_overflow_without_mutating_deltas ... ok
Rust checks	Integrated resident core and actual original-node RPC	2026-10-03T23:15:00.1695174Z test native_pipeline::business::quoted_transfer::tests::self_transfer_has_one_balance_and_requires_full_amount_plus_fee ... ok
Rust checks	Integrated resident core and actual original-node RPC	2026-10-03T23:15:00.1696707Z test native_pipeline::business::quoted_transfer::tests::success_matches_known_vector_and_does_not_mutate_inputs ... ok
Rust checks	Integrated resident core and actual original-node RPC	2026-10-03T23:15:00.1698238Z test native_pipeline::business::quoted_transfer::tests::zero_cap_is_literal_and_zero_amount_does_not_invent_a_fee_policy ... ok
Rust checks	Integrated resident core and actual original-node RPC	2026-10-03T23:15:00.1699743Z test native_pipeline::business::record_pages::tests::bad_profile_prefix_and_content_fail_before_source_read ... ok
Rust checks	Integrated resident core and actual original-node RPC	2026-10-03T23:15:00.1704329Z test native_pipeline::business::record_pages::tests::bounded_records_roundtrip_at_page_boundaries ... ok
Rust checks	Integrated resident core and actual original-node RPC	2026-10-03T23:15:00.1706693Z test native_pipeline::business::record_pages::tests::bounded_tail_reads_and_source_errors_never_return_successful_prefix ... ok
Rust checks	Integrated resident core and actual original-node RPC	2026-10-03T23:15:00.1708028Z test native_pipeline::business::record_pages::tests::declarations_cover_absent_tails_and_only_writable_pages_allow_delete ... ok
Rust checks	Integrated resident core and actual original-node RPC	2026-10-03T23:15:00.1709240Z test native_pipeline::business::record_pages::tests::missing_header_or_any_used_page_is_not_implicit_zero ... ok
Rust checks	Integrated resident core and actual original-node RPC	2026-10-03T23:15:00.1726990Z test native_pipeline::business::record_pages::tests::paged_record_shrinks_through_real_owned_frontier_and_tree_without_live_reads ... ok
Rust checks	Integrated resident core and actual original-node RPC	2026-10-03T23:15:00.1729073Z test native_pipeline::business::record_pages::tests::rejects_noncanonical_headers_pages_and_hidden_tail_even_when_empty ... ok
Rust checks	Integrated resident core and actual original-node RPC	2026-10-03T23:15:00.1730440Z test native_pipeline::business::record_pages::tests::shrink_explicitly_deletes_old_tail_and_exact_last_page_remains_canonical ... ok
Rust checks	Integrated resident core and actual original-node RPC	2026-10-03T23:15:00.1734585Z test native_pipeline::consensus::chain::replay_tests::head_check_rejects_rollback_and_replacement_but_allows_forward_progress ... ok
Rust checks	Integrated resident core and actual original-node RPC	2026-10-03T23:15:00.1736764Z test native_pipeline::consensus::chain::replay_tests::head_record_must_bind_full_ceiling_and_exact_archive_digest ... ok
Rust checks	Integrated resident core and actual original-node RPC	2026-10-03T23:15:00.1739452Z test native_pipeline::consensus::chain::replay_tests::historical_read_is_pinned_to_requested_height_and_fixed_domain ... ok
Rust checks	Integrated resident core and actual original-node RPC	2026-10-03T23:15:00.1754188Z test native_pipeline::consensus::chain::replay_tests::rehashed_outbox_cannot_authorize_bad_signature_wrong_value_or_prevote ... ok
Rust checks	Integrated resident core and actual original-node RPC	2026-10-03T23:15:00.1760671Z test native_pipeline::consensus::chain::replay_tests::replay_outbox_preserves_exact_verified_proposal_and_quorum ... ok
Rust checks	Integrated resident core and actual original-node RPC	2026-10-03T23:15:00.1762342Z test native_pipeline::consensus::chain::replay_tests::request_rejects_zero_future_height_missing_head_and_wrong_set ... ok
Rust checks	Integrated resident core and actual original-node RPC	2026-10-03T23:15:00.1801953Z test native_pipeline::consensus::chain::tests::archive_encoding_is_bounded_canonical_and_all_bytes_bound ... ok
Rust checks	Integrated resident core and actual original-node RPC	2026-10-03T23:15:00.1805071Z test native_pipeline::consensus::chain::tests::decision_identity_binds_value_and_all_context_but_not_local_proof_locator ... ok
Rust checks	Integrated resident core and actual original-node RPC	2026-10-03T23:15:00.1810787Z test native_pipeline::consensus::chain::tests::malformed_parent_height_version_and_decision_are_not_repaired ... ok
Rust checks	Integrated resident core and actual original-node RPC	2026-10-03T23:15:00.1819056Z test native_pipeline::consensus::channel::early_tests::apfl_owner_keeps_shared_structure_through_exact_parent_binding_and_cached_retry ... ok
Rust checks	Integrated resident core and actual original-node RPC	2026-10-03T23:15:00.1823530Z test native_pipeline::consensus::channel::early_tests::bind_owner_produces_exact_original_body_id_bytes_and_request ... ok
Rust checks	Integrated resident core and actual original-node RPC	2026-10-03T23:15:00.1827884Z test native_pipeline::consensus::channel::early_tests::bind_rejects_foreign_owner_and_non_early_handle_before_body_rebuild ... ok
Rust checks	Integrated resident core and actual original-node RPC	2026-10-03T23:15:00.1832358Z test native_pipeline::consensus::channel::early_tests::binding_reserves_old_allocation_plus_reply_until_consumed_without_blocking_control ... ok
Rust checks	Integrated resident core and actual original-node RPC	2026-10-03T23:15:00.1836672Z test native_pipeline::consensus::channel::early_tests::early_owner_preserves_raw_identity_and_regenerates_only_unverified_request ... ok
Rust checks	Integrated resident core and actual original-node RPC	2026-10-03T23:15:00.1842415Z test native_pipeline::consensus::channel::early_tests::early_receive_and_send_use_body_lane_while_bind_has_no_body_authority ... ok
Rust checks	Integrated resident core and actual original-node RPC	2026-10-03T23:15:00.1848392Z test native_pipeline::consensus::channel::early_tests::owner_rejects_wrong_early_scope_domain_and_binding_shape ... ok
Rust checks	Integrated resident core and actual original-node RPC	2026-10-03T23:15:00.1852751Z test native_pipeline::consensus::channel::early_tests::too_small_bind_budget_returns_original_and_can_retire_without_second_reply_charge ... ok
Rust checks	Integrated resident core and actual original-node RPC	2026-10-03T23:15:00.1874322Z test native_pipeline::consensus::channel::tests::blocked_large_body_does_not_prevent_small_control_send_and_ttl_releases_bytes ... ok
Rust checks	Integrated resident core and actual original-node RPC	2026-10-03T23:15:00.1885645Z test native_pipeline::consensus::channel::tests::cached_preparation_builds_new_owned_request_without_rehash_or_shared_request ... ok
Rust checks	Integrated resident core and actual original-node RPC	2026-10-03T23:15:00.1898821Z test native_pipeline::consensus::channel::tests::control_body_local_remote_and_outbound_use_independent_quotas ... ok
Rust checks	Integrated resident core and actual original-node RPC	2026-10-03T23:15:00.1914483Z test native_pipeline::consensus::channel::tests::expired_remote_body_is_reclaimed_on_owner_not_coordinator ... ok
Rust checks	Integrated resident core and actual original-node RPC	2026-10-03T23:15:00.1918873Z test native_pipeline::consensus::channel::tests::foreign_handles_unknown_peers_stop_and_contention_preserve_owned_payload ... ok
Rust checks	Integrated resident core and actual original-node RPC	2026-10-03T23:15:00.1922937Z test native_pipeline::consensus::channel::tests::ingress_prefix_rejects_bad_magic_version_kind_and_every_truncation ... ok
Rust checks	Integrated resident core and actual original-node RPC	2026-10-03T23:15:00.1926047Z test native_pipeline::consensus::channel::tests::invalid_ceiling_domain_and_lane_budget_fail_before_owner_start ... ok
Rust checks	Integrated resident core and actual original-node RPC	2026-10-03T23:15:00.1930391Z test native_pipeline::consensus::channel::tests::local_count_and_byte_reservations_cover_queued_processing_and_unclaimed_reply ... ok
Rust checks	Integrated resident core and actual original-node RPC	2026-10-03T23:15:00.1937174Z test native_pipeline::consensus::channel::tests::malformed_peer_input_releases_reservation_without_killing_local_work ... ok
Rust checks	Integrated resident core and actual original-node RPC	2026-10-03T23:15:00.1941890Z test native_pipeline::consensus::channel::tests::new_input_admission_is_constant_work_and_returns_original_on_contention ... ok
Rust checks	Integrated resident core and actual original-node RPC	2026-10-03T23:15:00.1965572Z test native_pipeline::consensus::channel::tests::owner_verifies_typed_evidence_and_rejects_wrong_domain_or_certificate ... ok
Rust checks	Integrated resident core and actual original-node RPC	2026-10-03T23:15:00.1970775Z test native_pipeline::consensus::channel::tests::raw_gossip_wrong_pinned_domain_rejected_before_consumer ... ok
Rust checks	Integrated resident core and actual original-node RPC	2026-10-03T23:15:00.1978049Z test native_pipeline::consensus::channel::tests::raw_ingress_peer_quota_preserves_other_peer_and_both_consensus_lanes ... ok
Rust checks	Integrated resident core and actual original-node RPC	2026-10-03T23:15:00.1983579Z test native_pipeline::consensus::channel::tests::raw_preparation_retirement_and_credit_cannot_consume_other_lane_reservations ... ok
Rust checks	Integrated resident core and actual original-node RPC	2026-10-03T23:15:00.2750584Z test native_pipeline::consensus::channel::tests::real_offline_peer_saturation_leaves_healthy_vote_delivery_before_ttl ... ok
Rust checks	Integrated resident core and actual original-node RPC	2026-10-03T23:15:00.6378421Z test native_pipeline::consensus::channel::tests::real_wss_owner_fragments_large_body_receives_typed_vote_and_survives_bad_peer ... ok
Rust checks	Integrated resident core and actual original-node RPC	2026-10-03T23:15:00.6403843Z test native_pipeline::consensus::channel::tests::resident_owner_prepares_and_retries_body_while_relay_is_offline ... ok
Rust checks	Integrated resident core and actual original-node RPC	2026-10-03T23:15:00.6413655Z test native_pipeline::consensus::channel::tests::resident_owner_reclaims_retirement_while_transport_is_offline ... ok
Rust checks	Integrated resident core and actual original-node RPC	2026-10-03T23:15:00.6419498Z test native_pipeline::consensus::channel::tests::retirement_backpressure_contention_and_stop_return_original_and_keep_lanes_independent ... ok
Rust checks	Integrated resident core and actual original-node RPC	2026-10-03T23:15:00.6425122Z test native_pipeline::consensus::channel::tests::retirement_bytes_stop_admission_before_item_limit_and_reuse_after_owner_drop ... ok
Rust checks	Integrated resident core and actual original-node RPC	2026-10-03T23:15:00.6437288Z test native_pipeline::consensus::channel::tests::retirement_last_body_reference_is_destroyed_only_by_owner_and_returns_quota ... ok
Rust checks	Integrated resident core and actual original-node RPC	2026-10-03T23:15:00.6457800Z test native_pipeline::consensus::channel::tests::saturated_receive_lane_is_rejected_before_body_decode_and_errors_release_charge ... ok
Rust checks	Integrated resident core and actual original-node RPC	2026-10-03T23:15:00.6462223Z test native_pipeline::consensus::channel::tests::send_peer_budget_configuration_rejects_impossible_reservations ... ok
Rust checks	Integrated resident core and actual original-node RPC	2026-10-03T23:15:00.6475666Z test native_pipeline::consensus::channel::tests::send_peer_count_and_byte_shares_cannot_consume_other_peer_or_other_lane ... ok
Rust checks	Integrated resident core and actual original-node RPC	2026-10-03T23:15:00.6477138Z test native_pipeline::consensus::controller::regressions::body_fanout_does_not_resend_admitted_peers_but_keeps_backpressured_peer ... ok
Rust checks	Integrated resident core and actual original-node RPC	2026-10-03T23:15:00.6478754Z test native_pipeline::consensus::controller::regressions::direct_history_is_demand_driven_not_a_permanent_background_retransmission ... ok
Rust checks	Integrated resident core and actual original-node RPC	2026-10-03T23:15:00.6480534Z test native_pipeline::consensus::controller::regressions::execution_observation_overflow_is_explicit_and_does_not_wrap ... ok
Rust checks	Integrated resident core and actual original-node RPC	2026-10-03T23:15:00.6481590Z test native_pipeline::consensus::controller::regressions::execution_observations_accumulate_scalars_and_maximum_without_claiming_workers ... ok
Rust checks	Integrated resident core and actual original-node RPC	2026-10-03T23:15:00.6482562Z test native_pipeline::consensus::controller::regressions::offline_first_peer_does_not_block_healthy_broadcast_recipients ... ok
Rust checks	Integrated resident core and actual original-node RPC	2026-10-03T23:15:00.6487623Z test native_pipeline::consensus::controller::rpc_ingress::tests::all_recipients_full_refuse_new_obligations_without_changing_existing_slots_or_counters ... ok
Rust checks	Integrated resident core and actual original-node RPC	2026-10-03T23:15:00.6493745Z test native_pipeline::consensus::controller::rpc_ingress::tests::apfl_credit_matches_exact_peer_scope_and_bytes_once_without_authorizing_any_finality ... ok
Rust checks	Integrated resident core and actual original-node RPC	2026-10-03T23:15:00.6495575Z test native_pipeline::consensus::controller::rpc_ingress::tests::blocked_receiver_window_does_not_stop_healthy_peer_or_resend_taken_peer ... ok
Rust checks	Integrated resident core and actual original-node RPC	2026-10-03T23:15:00.6497684Z test native_pipeline::consensus::controller::rpc_ingress::tests::byte_ceiling_and_owner_pending_preparations_are_charged_before_any_peer_send ... ok
Rust checks	Integrated resident core and actual original-node RPC	2026-10-03T23:15:00.6500760Z test native_pipeline::consensus::controller::rpc_ingress::tests::credit_matches_exact_peer_scope_and_bytes_once_without_authorizing_any_finality ... ok
Rust checks	Integrated resident core and actual original-node RPC	2026-10-03T23:15:00.6505510Z test native_pipeline::consensus::controller::rpc_ingress::tests::detailed_peer_usage_is_query_only_and_does_not_materialize_in_the_poll_counters ... ok
Rust checks	Integrated resident core and actual original-node RPC	2026-10-03T23:15:00.6507100Z test native_pipeline::consensus::controller::rpc_ingress::tests::every_pinned_domain_field_is_checked_without_height_or_parent_authority ... ok
Rust checks	Integrated resident core and actual original-node RPC	2026-10-03T23:15:00.6531080Z test native_pipeline::consensus::controller::rpc_ingress::tests::one_silent_peer_cannot_pin_global_outbox_across_many_healthy_batches_without_ttl ... ok
Rust checks	Integrated resident core and actual original-node RPC	2026-10-03T23:15:00.6536991Z test native_pipeline::consensus::controller::rpc_ingress::tests::real_credit_reopens_only_its_peer_and_wrong_duplicate_or_late_credit_cannot_reopen_it ... ok
Rust checks	Integrated resident core and actual original-node RPC	2026-10-03T23:15:00.6538936Z test native_pipeline::consensus::controller::rpc_ingress::tests::replay_hint_rejects_duplicate_and_changed_body_but_new_process_can_restart_sequence ... ok
Rust checks	Integrated resident core and actual original-node RPC	2026-10-03T23:15:00.6540369Z test native_pipeline::consensus::controller::rpc_ingress::tests::replay_is_per_peer_finite_and_expires_without_becoming_durable_authority ... ok
Rust checks	Integrated resident core and actual original-node RPC	2026-10-03T23:15:00.6544340Z test native_pipeline::consensus::controller::rpc_ingress::tests::ttl_retires_only_prepared_obligations_and_late_credit_cannot_release_replacement ... ok
Rust checks	Integrated resident core and actual original-node RPC	2026-10-03T23:15:00.6550614Z test native_pipeline::consensus::controller::successor::tests::apfl_early_parent_ack_retention_keeps_the_same_domain_and_height_checks ... ok
Rust checks	Integrated resident core and actual original-node RPC	2026-10-03T23:15:00.6552412Z test native_pipeline::consensus::controller::successor::tests::early::real_apfl_auth_before_parent_rejects_wrong_source_and_sticky_rebinding_then_closes ... ignored, requires real AOEM; APFL early-body source, sticky binding, future signing gate and original full execution oracle
Rust checks	Integrated resident core and actual original-node RPC	2026-10-03T23:15:00.6556042Z test native_pipeline::consensus::controller::successor::tests::early::real_auth_before_parent_rejects_wrong_source_and_sticky_rebinding_then_closes ... ignored, requires explicit real AOEM; authentication before any parent, sticky binding, future signing gate and full execution oracle
Rust checks	Integrated resident core and actual original-node RPC	2026-10-03T23:15:00.6559823Z test native_pipeline::consensus::controller::successor::tests::early::real_early_static_gate_and_failed_scope_tombstone_preserve_full_fallback_and_cold_state ... ignored, requires explicit real AOEM; one-slot exclusion, bad-signature tombstone, old full fallback and actual cold reopen
Rust checks	Integrated resident core and actual original-node RPC	2026-10-03T23:15:00.6562508Z test native_pipeline::consensus::controller::successor::tests::early::real_parent_ack_during_auth_or_canonical_delivery_keeps_one_authenticated_execution ... ignored, requires explicit real AOEM; parent ACK crosses retained authentication ticket or canonical owner preparation
Rust checks	Integrated resident core and actual original-node RPC	2026-10-03T23:15:00.6564863Z test native_pipeline::consensus::controller::successor::tests::early::real_round_retirement_drains_auth_and_late_generation_does_not_revive ... ignored, requires explicit real AOEM; round drains accepted authentication and stale owner generation cannot replace new work
Rust checks	Integrated resident core and actual original-node RPC	2026-10-03T23:15:00.6566853Z test native_pipeline::consensus::controller::successor::tests::early_limits::real_current_body_preempts_early_successor_caches_without_losing_native_ticket ... ignored, requires real AOEM; current-body pressure retires early/Bind caches but preserves the accepted successor ticket for drain
Rust checks	Integrated resident core and actual original-node RPC	2026-10-03T23:15:00.6568825Z test native_pipeline::consensus::controller::successor::tests::early_limits::real_promoted_early_body_progresses_under_continuous_control_ready ... ignored, requires real AOEM; promoted early input must authenticate/bind/execute despite continuous verified control ingress
Rust checks	Integrated resident core and actual original-node RPC	2026-10-03T23:15:00.6570767Z test native_pipeline::consensus::controller::successor::tests::early_limits::real_single_batch_pipeline_releases_early_target_then_full_current_executes ... ignored, requires real AOEM; genuinely reopened one-batch pipeline retires admitted early input and preserves Full fallback
Rust checks	Integrated resident core and actual original-node RPC	2026-10-03T23:15:00.6573230Z test native_pipeline::consensus::controller::successor::tests::early_limits::real_single_inflight_controller_refuses_early_and_full_current_still_executes ... ignored, requires real AOEM; legal one-inflight controller refuses early work without blocking normal current execution
Rust checks	Integrated resident core and actual original-node RPC	2026-10-03T23:15:00.6575119Z test native_pipeline::consensus::controller::successor::tests::real_body_preparation_reply_after_parent_advance_uses_current_path_once ... ignored, requires explicit real AOEM; assembly reply arriving after parent ACK rejoins ordinary current execution
Rust checks	Integrated resident core and actual original-node RPC	2026-10-03T23:15:00.6576932Z test native_pipeline::consensus::controller::successor::tests::real_current_body_preempts_successor_and_shared_cache_at_valid_byte_ceiling ... ignored, requires explicit real AOEM; legal tight body budget preempts speculative body and fixed cache for current input
Rust checks	Integrated resident core and actual original-node RPC	2026-10-03T23:15:00.6578741Z test native_pipeline::consensus::controller::successor::tests::real_different_parent_winner_discards_completed_and_late_successor ... ignored, requires explicit real AOEM; completed and pending successors of a different winning parent are discarded
Rust checks	Integrated resident core and actual original-node RPC	2026-10-03T23:15:00.6580518Z test native_pipeline::consensus::controller::successor::tests::real_early_completion_has_no_future_authority_then_exact_parent_promotes ... ignored, requires explicit real AOEM; early successor completion, exact ACK promotion and ordinary execution oracle
Rust checks	Integrated resident core and actual original-node RPC	2026-10-03T23:15:00.6582375Z test native_pipeline::consensus::controller::successor::tests::real_orphan_survives_database_reopen_but_not_execution_or_signing_authority ... ignored, requires explicit real AOEM; actual database close/reopen preserves orphan content without successor or signing capability
Rust checks	Integrated resident core and actual original-node RPC	2026-10-03T23:15:00.6584637Z test native_pipeline::consensus::controller::successor::tests::real_round_discard_drain_does_not_block_requester_or_revive_same_id ... ignored, requires explicit real AOEM; round retirement retains ticket quota without blocking requester or resurrecting same body
Rust checks	Integrated resident core and actual original-node RPC	2026-10-03T23:15:00.6586128Z test native_pipeline::consensus::statement::tests::hash_binds_every_batch_context_field ... ok
Rust checks	Integrated resident core and actual original-node RPC	2026-10-03T23:15:00.6586889Z test native_pipeline::consensus::statement::tests::hash_binds_extra_consensus_domain_and_every_execution_output_field ... ok
Rust checks	Integrated resident core and actual original-node RPC	2026-10-03T23:15:00.6587695Z test native_pipeline::consensus::statement::tests::hash_does_not_recursively_commit_its_cached_output ... ok
Rust checks	Integrated resident core and actual original-node RPC	2026-10-03T23:15:00.6588543Z test native_pipeline::consensus::statement::tests::parent_validation_rejects_each_of_the_six_independent_mismatches ... ok
Rust checks	Integrated resident core and actual original-node RPC	2026-10-03T23:15:00.6589777Z test native_pipeline::consensus::tests::chain_integration::real_three_heights_different_qc_subsets_lost_ack_recovery_and_corruption_rejection ... ignored, requires real AOEM; four local stores, not network or production finality
Rust checks	Integrated resident core and actual original-node RPC	2026-10-03T23:15:00.6591504Z test native_pipeline::consensus::tests::controller_integration::crash::real_undecided_process_kill_recovers_original_body_and_finalizes_without_wallet_reinjection ... ignored, requires real AOEM; killed undecided process, four WSS validators and four cold readers
Rust checks	Integrated resident core and actual original-node RPC	2026-10-03T23:15:00.6593628Z test native_pipeline::consensus::tests::controller_integration::load::four_process_continuous_signed_load ... ignored, requires real AOEM; four-process finite continuous signed load, all-node durable heads and cold oracle
Rust checks	Integrated resident core and actual original-node RPC	2026-10-03T23:15:00.6595265Z test native_pipeline::consensus::tests::controller_integration::load::four_process_early_body_signed_load ... ignored, requires real AOEM; actual parent-independent authentication, four-process finality and full cold economic oracle
Rust checks	Integrated resident core and actual original-node RPC	2026-10-03T23:15:00.6596844Z test native_pipeline::consensus::tests::controller_integration::load::four_process_successor_signed_load ... ignored, requires real AOEM; actual successor execution, four-process finality and cold economic oracle
Rust checks	Integrated resident core and actual original-node RPC	2026-10-03T23:15:00.6598277Z test native_pipeline::consensus::tests::controller_integration::load::nearest_rank_percentile_is_explicit_for_short_backlog_samples ... ok
Rust checks	Integrated resident core and actual original-node RPC	2026-10-03T23:15:00.6599247Z test native_pipeline::consensus::tests::controller_integration::load::old_load_configuration_defaults_to_neither_optional_mode ... ok
Rust checks	Integrated resident core and actual original-node RPC	2026-10-03T23:15:00.6600206Z test native_pipeline::consensus::tests::controller_integration::load::wallet_reply_matching_pins_exact_source_round_and_full_context ... ok
Rust checks	Integrated resident core and actual original-node RPC	2026-10-03T23:15:00.6601514Z test native_pipeline::consensus::tests::controller_integration::real_four_process_controllers_finalize_and_late_join_from_archive ... ignored, requires explicit real AOEM library; four OS processes over WSS, not four machines or TPS
Rust checks	Integrated resident core and actual original-node RPC	2026-10-03T23:15:00.6603634Z test native_pipeline::consensus::tests::controller_integration::recovery_multiroot::real_cold_controller_recovers_distinct_locked_and_late_valid_candidates ... ignored, requires real AOEM; signed QC fixtures and same-process cold recovery, not network finality
Rust checks	Integrated resident core and actual original-node RPC	2026-10-03T23:15:00.6605403Z test native_pipeline::consensus::tests::controller_tests::real_apfl_controller_executes_and_signs_but_cannot_self_finalize ... ignored, requires explicit real AOEM; APFL executes through the unchanged controller and cannot self-finalize
Rust checks	Integrated resident core and actual original-node RPC	2026-10-03T23:15:00.6607040Z test native_pipeline::consensus::tests::controller_tests::real_cold_recovery_progresses_with_control_retirement_on_every_poll ... ignored, requires explicit real AOEM; deterministic verified-control ingress during cold recovery
Rust checks	Integrated resident core and actual original-node RPC	2026-10-03T23:15:00.6608722Z test native_pipeline::consensus::tests::controller_tests::real_controller_executes_and_signs_without_external_protocol_driver_but_cannot_self_finalize ... ignored, requires explicit real AOEM library; autonomous controller with disconnected transport
Rust checks	Integrated resident core and actual original-node RPC	2026-10-03T23:15:00.6610451Z test native_pipeline::consensus::tests::controller_tests::real_controller_recovers_initial_and_direct_body_loss_before_remote_execution_and_vote ... ignored, requires explicit real AOEM; real WSS body loss and repeated signed-proposal recovery
Rust checks	Integrated resident core and actual original-node RPC	2026-10-03T23:15:00.6612039Z test native_pipeline::consensus::tests::controller_tests::real_controller_rejects_wrong_signer_and_unreserved_body_budget ... ignored, requires explicit real AOEM library; durable journal configuration rejection
Rust checks	Integrated resident core and actual original-node RPC	2026-10-03T23:15:00.6614095Z test native_pipeline::consensus::tests::controller_tests::real_warm_execution_progresses_with_control_retirement_on_every_poll ... ignored, requires explicit real AOEM; deterministic verified-control ingress during warm execution
Rust checks	Integrated resident core and actual original-node RPC	2026-10-03T23:15:00.6615590Z test native_pipeline::consensus::tests::controller_tests::real_warm_execution_progresses_with_one_event_per_poll ... ignored, requires explicit real AOEM; one-event warm controller scheduling budget
Rust checks	Integrated resident core and actual original-node RPC	2026-10-03T23:15:00.8959485Z test native_pipeline::consensus::tests::controller_workload::tests::full_width_accounts_are_independent_and_all_supported_batches_authenticate ... ok
Rust checks	Integrated resident core and actual original-node RPC	2026-10-03T23:15:00.9346771Z test native_pipeline::consensus::tests::controller_workload::tests::funded_prefix_oracle_preserves_balances_nonces_and_full_fee_records ... ok
Rust checks	Integrated resident core and actual original-node RPC	2026-10-03T23:15:00.9357614Z test native_pipeline::consensus::tests::controller_workload::tests::invalid_dimensions_and_incompatible_fee_policy_are_rejected ... ok
Rust checks	Integrated resident core and actual original-node RPC	2026-10-03T23:15:00.9617011Z test native_pipeline::consensus::tests::controller_workload::tests::raw_signatures_are_deterministic_chain_bound_and_nonce_sequences_advance ... ok
Rust checks	Integrated resident core and actual original-node RPC	2026-10-03T23:15:00.9618846Z test native_pipeline::consensus::tests::controller_workload::tree_batch_tests::real_nov_fee_page_deletes_do_not_disable_batched_account_updates ... ignored, requires explicit real AOEM library; signed NOV mixed fee-page/account effects
Rust checks	Integrated resident core and actual original-node RPC	2026-10-03T23:15:00.9621073Z test native_pipeline::consensus::tests::journal_recovery_integration::real_late_quorum_reopen_preserves_both_votes_old_proposal_proof_and_locked_candidate ... ignored, requires real AOEM; exact undecided journal replay and corruption, not network finality
Rust checks	Integrated resident core and actual original-node RPC	2026-10-03T23:15:00.9625224Z test native_pipeline::consensus::tests::network_integration::real_wss_four_local_validators_execute_received_body_collect_own_votes_and_reopen ... ignored, requires explicit real AOEM library; four same-process stores over real WSS, not four main processes or TPS
Rust checks	Integrated resident core and actual original-node RPC	2026-10-03T23:15:00.9628715Z test native_pipeline::consensus::tests::pacemaker_integration::real_aoem_pacemaker_quorum_timers_ack_and_locked_catchup_recovery ... ignored, requires explicit real AOEM library; local durable timer/catch-up integration, not network finality
Rust checks	Integrated resident core and actual original-node RPC	2026-10-03T23:15:00.9631543Z test native_pipeline::consensus::tests::real_four_validator_journals_persist_before_emit_recover_and_reject_stale ... ignored, requires explicit real AOEM library; same-process durable consensus integration, not network/canonical finality
Rust checks	Integrated resident core and actual original-node RPC	2026-10-03T23:15:00.9633855Z test native_pipeline::consensus::tests::real_lost_signing_ack_recovers_exact_vote_without_second_prevote ... ignored, requires explicit real AOEM library; deterministic lost durable-ACK recovery, not crash/power-loss evidence
Rust checks	Integrated resident core and actual original-node RPC	2026-10-03T23:15:00.9635697Z test native_pipeline::consensus::tests::resident_rpc_process::aab::actual_product_rpc_a_a_b_equivocation_recovers_with_three_honest_signers ... ignored, requires actual product binary and AOEM; three honest original executables + one Byzantine network peer, not four-machine/mainnet acceptance
Rust checks	Integrated resident core and actual original-node RPC	2026-10-03T23:15:00.9637790Z test native_pipeline::consensus::tests::resident_rpc_process::actual_product_rpc_signed_batches_failures_quorum_and_restart ... ignored, requires actual NOVOVM_RESIDENT_NODE_BINARY and real AOEM; four product processes and RPC, not TPS
Rust checks	Integrated resident core and actual original-node RPC	2026-10-03T23:15:00.9639671Z test native_pipeline::consensus::tests::resident_rpc_process::actual_product_rpc_single_ingress_gossip_failures_and_restart ... ignored, requires actual NOVOVM_RESIDENT_NODE_BINARY and real AOEM; one HTTP ingress, four real product nodes and cold restart; run alone
Rust checks	Integrated resident core and actual original-node RPC	2026-10-03T23:15:00.9643509Z test native_pipeline::consensus::tests::resident_rpc_process::load::actual_product_rpc_65536_signed_transfers_finality_and_cold_economics ... ignored, real product binary/AOEM required; 65,536 signed HTTP transfers, explicit submission mode, four-node finality and cold restart; run alone
Rust checks	Integrated resident core and actual original-node RPC	2026-10-03T23:15:00.9645684Z test native_pipeline::consensus::tests::resident_rpc_process::load::load_async_authentication_requires_same_owner_and_full_four_node_work_without_claiming_tps ... ok
Rust checks	Integrated resident core and actual original-node RPC	2026-10-03T23:15:00.9647665Z test native_pipeline::consensus::tests::resident_rpc_process::load::load_batch_response_mapping_rejects_duplicate_missing_and_foreign_ids ... ok
Rust checks	Integrated resident core and actual original-node RPC	2026-10-03T23:15:00.9649482Z test native_pipeline::consensus::tests::resident_rpc_process::load::load_counts_only_four_node_observation_and_uses_nearest_rank_latency ... ok
Rust checks	Integrated resident core and actual original-node RPC	2026-10-03T23:15:00.9651356Z test native_pipeline::consensus::tests::resident_rpc_process::load::load_early_reuse_requires_real_counter_but_keeps_frozen_legacy_comparison_runnable ... ok
Rust checks	Integrated resident core and actual original-node RPC	2026-10-03T23:15:00.9653595Z test native_pipeline::consensus::tests::resident_rpc_process::load::load_single_ingress_never_retries_non_http_peers_or_releases_three_node_credit ... ok
Rust checks	Integrated resident core and actual original-node RPC	2026-10-03T23:15:00.9654899Z test native_pipeline::consensus::tests::resident_rpc_process::load::load_submission_mode_defaults_to_four_node_fanout_and_rejects_ambiguous_configuration ... ok
Rust checks	Integrated resident core and actual original-node RPC	2026-10-03T23:15:00.9656521Z test native_pipeline::consensus::tests::resident_rpc_process::offline::actual_product_rpc_offline_peer_isolation_quorum_catchup_and_restart ... ignored, requires actual NOVOVM_RESIDENT_NODE_BINARY and real AOEM; offline recipient isolation, three-node quorum, fourth catchup and cold restart; run alone
Rust checks	Integrated resident core and actual original-node RPC	2026-10-03T23:15:00.9658198Z test native_pipeline::consensus::tests::resident_rpc_process::receipt_partition_tests::actual_partition_preserves_visible_fragments_and_full_block_continuation ... ok
Rust checks	Integrated resident core and actual original-node RPC	2026-10-03T23:15:00.9659370Z test native_pipeline::consensus::tests::resident_rpc_process::receipt_partition_tests::actual_partition_rejects_missing_height_and_genesis_height ... ok
Rust checks	Integrated resident core and actual original-node RPC	2026-10-03T23:15:00.9660678Z test native_pipeline::consensus::tests::resident_rpc_process::receipt_partition_tests::actual_partition_rejects_overfull_block_and_successor_overflow ... ok
Rust checks	Integrated resident core and actual original-node RPC	2026-10-03T23:15:00.9661826Z test native_pipeline::consensus::tests::resident_rpc_process::receipt_partition_tests::actual_partition_rejects_same_height_hash_conflict_and_duplicate_transaction ... ok
Rust checks	Integrated resident core and actual original-node RPC	2026-10-03T23:15:00.9663410Z test native_pipeline::consensus::tests::resident_rpc_process::receipt_partition_tests::actual_partition_requires_all_four_heads_exact_last_block_and_state_version ... ok
Rust checks	Integrated resident core and actual original-node RPC	2026-10-03T23:15:00.9792292Z test native_pipeline::consensus::transport::apfl::tests::structured_tags_versions_truncation_trailing_and_canonical_budgets_are_strict ... ok
Rust checks	Integrated resident core and actual original-node RPC	2026-10-03T23:15:00.9808569Z test native_pipeline::consensus::transport::apfl::tests::structured_wire_preserves_raw_body_and_early_commitments_with_distinct_fragment_ids ... ok
Rust checks	Integrated resident core and actual original-node RPC	2026-10-03T23:15:00.9810940Z test native_pipeline::consensus::transport::early_tests::announcement_identity_binds_complete_scope_order_framing_and_bytes_not_limits ... ok
Rust checks	Integrated resident core and actual original-node RPC	2026-10-03T23:15:00.9813778Z test native_pipeline::consensus::transport::early_tests::binding_checks_announced_domain_and_height_but_does_not_approve_roots_or_program ... ok
Rust checks	Integrated resident core and actual original-node RPC	2026-10-03T23:15:00.9823286Z test native_pipeline::consensus::transport::early_tests::both_new_payloads_reject_every_truncation_trailing_data_and_unknown_versions ... ok
Rust checks	Integrated resident core and actual original-node RPC	2026-10-03T23:15:00.9831739Z test native_pipeline::consensus::transport::early_tests::original_six_tags_and_full_body_hash_keep_their_exact_original_bytes ... ok
Rust checks	Integrated resident core and actual original-node RPC	2026-10-03T23:15:00.9833803Z test native_pipeline::consensus::transport::early_tests::raw_count_lengths_aggregate_and_actual_envelope_are_bounded_before_retention ... ok
Rust checks	Integrated resident core and actual original-node RPC	2026-10-03T23:15:00.9836295Z test native_pipeline::consensus::transport::early_tests::scopes_reject_zero_domains_bad_parent_shapes_nonadjacent_and_exhausted_heights ... ok
Rust checks	Integrated resident core and actual original-node RPC	2026-10-03T23:15:00.9838479Z test native_pipeline::consensus::transport::early_tests::versioned_early_and_binding_bytes_roundtrip_with_exact_lane_and_header_sizes ... ok
Rust checks	Integrated resident core and actual original-node RPC	2026-10-03T23:15:00.9846997Z test native_pipeline::consensus::transport::tests::all_development_message_variants_roundtrip_without_execution_authority ... ok
Rust checks	Integrated resident core and actual original-node RPC	2026-10-03T23:15:00.9849230Z test native_pipeline::consensus::transport::tests::body_identity_binds_every_context_field_original_bytes_and_order_not_budgets ... ok
Rust checks	Integrated resident core and actual original-node RPC	2026-10-03T23:15:00.9880108Z test native_pipeline::consensus::transport::tests::bounded_preflight_rejects_huge_count_lengths_empty_total_and_trailing_input ... ok
Rust checks	Integrated resident core and actual original-node RPC	2026-10-03T23:15:00.9887663Z test native_pipeline::consensus::transport::tests::decision_request_binds_exact_parent_and_rejects_unbounded_or_ambiguous_input ... ok
Rust checks	Integrated resident core and actual original-node RPC	2026-10-03T23:15:00.9916279Z test native_pipeline::consensus::transport::tests::prepared_large_body_fragments_reassemble_exact_bytes_under_local_domain ... ok
Rust checks	Integrated resident core and actual original-node RPC	2026-10-03T23:15:00.9923407Z test native_pipeline::consensus::transport::tests::rejects_unknown_version_kind_optional_tag_and_oversized_signed_blob ... ok
Rust checks	Integrated resident core and actual original-node RPC	2026-10-03T23:15:00.9926899Z test native_pipeline::consensus::transport::transactions::tests::raw_and_taken_roundtrip_are_versioned_distinct_and_exact ... ok
Rust checks	Integrated resident core and actual original-node RPC	2026-10-03T23:15:00.9928329Z test native_pipeline::consensus::transport::transactions::tests::raw_count_lengths_and_empty_identity_fail_closed ... ok
Rust checks	Integrated resident core and actual original-node RPC	2026-10-03T23:15:00.9930603Z test native_pipeline::execution::plan::tests::admission_limits_are_inclusive_and_do_not_change_identity ... ok
Rust checks	Integrated resident core and actual original-node RPC	2026-10-03T23:15:00.9941060Z test native_pipeline::execution::plan::tests::capture_budget_does_not_change_statement_or_effect_identity ... ok
Rust checks	Integrated resident core and actual original-node RPC	2026-10-03T23:15:00.9942509Z test native_pipeline::execution::plan::tests::capture_reads_the_plan_root_not_an_alternative_reader_root ... ok
Rust checks	Integrated resident core and actual original-node RPC	2026-10-03T23:15:00.9944768Z test native_pipeline::execution::plan::tests::declarations_are_order_canonical_but_keys_and_each_permission_are_bound ... ok
Rust checks	Integrated resident core and actual original-node RPC	2026-10-03T23:15:00.9946205Z test native_pipeline::execution::plan::tests::domain_commitments_and_semantic_version_cannot_be_empty ... ok
Rust checks	Integrated resident core and actual original-node RPC	2026-10-03T23:15:00.9953534Z test native_pipeline::execution::plan::tests::dropped_source_is_not_used_by_threaded_plan_bound_effects ... ok
Rust checks	Integrated resident core and actual original-node RPC	2026-10-03T23:15:00.9955099Z test native_pipeline::execution::plan::tests::duplicate_raw_or_key_declarations_are_rejected_not_merged ... ok
Rust checks	Integrated resident core and actual original-node RPC	2026-10-03T23:15:00.9956997Z test native_pipeline::execution::plan::tests::empty_inputs_and_invalid_keys_fail_but_maximum_key_is_accepted ... ok
Rust checks	Integrated resident core and actual original-node RPC	2026-10-03T23:15:00.9961428Z test native_pipeline::execution::plan::tests::every_context_field_changes_the_canonical_encoding ... ok
Rust checks	Integrated resident core and actual original-node RPC	2026-10-03T23:15:00.9963365Z test native_pipeline::execution::plan::tests::first_block_parent_convention_and_height_continuity_are_explicit ... ok
Rust checks	Integrated resident core and actual original-node RPC	2026-10-03T23:15:00.9964927Z test native_pipeline::execution::plan::tests::height_and_state_version_overflow_reject_without_wrapping ... ok
Rust checks	Integrated resident core and actual original-node RPC	2026-10-03T23:15:00.9970064Z test native_pipeline::execution::plan::tests::identical_plan_commitment_does_not_certify_the_resulting_effects ... ok
Rust checks	Integrated resident core and actual original-node RPC	2026-10-03T23:15:00.9972586Z test native_pipeline::execution::plan::tests::missing_or_corrupt_source_is_not_authenticated_absence ... ok
Rust checks	Integrated resident core and actual original-node RPC	2026-10-03T23:15:00.9974065Z test native_pipeline::execution::plan::tests::plan_input_and_effects_are_send_sync_static ... ok
Rust checks	Integrated resident core and actual original-node RPC	2026-10-03T23:15:00.9976763Z test native_pipeline::execution::plan::tests::raw_order_bytes_count_and_length_boundaries_are_bound ... ok
Rust checks	Integrated resident core and actual original-node RPC	2026-10-03T23:15:00.9982400Z test native_pipeline::execution::plan::tests::unknown_keys_and_undeclared_effects_are_rejected_even_when_sibling_is_captured ... ok
Rust checks	Integrated resident core and actual original-node RPC	2026-10-03T23:15:01.0003952Z test native_pipeline::ingress::apfl::tests::changed_shared_index_residual_and_signature_never_reuse_authority ... ok
Rust checks	Integrated resident core and actual original-node RPC	2026-10-03T23:15:01.0008552Z test native_pipeline::ingress::apfl::tests::expanded_budget_cannot_be_bypassed_by_shared_values_or_false_header ... ok
Rust checks	Integrated resident core and actual original-node RPC	2026-10-03T23:15:01.0025387Z test native_pipeline::ingress::apfl::tests::heterogeneous_real_v3_rows_and_original_digests_round_trip ... ok
Rust checks	Integrated resident core and actual original-node RPC	2026-10-03T23:15:01.0032376Z test native_pipeline::ingress::apfl::tests::rejects_noncanonical_dictionaries_indexes_versions_and_truncation ... ok
Rust checks	Integrated resident core and actual original-node RPC	2026-10-03T23:15:01.0798947Z test native_pipeline::ingress::apfl::tests::shared_real_signed_fields_compress_without_a_fixture_generator ... ok
Rust checks	Integrated resident core and actual original-node RPC	2026-10-03T23:15:01.0802222Z test native_pipeline::ingress::apfl::tests::strict_v3_view_preserves_minimum_and_rejects_overlong_scalar ... ok
Rust checks	Integrated resident core and actual original-node RPC	2026-10-03T23:15:01.0805572Z test native_pipeline::ingress::authentication::tests::admission_rejects_every_tested_non_96_byte_signature_payload ... ok
Rust checks	Integrated resident core and actual original-node RPC	2026-10-03T23:15:01.0810370Z test native_pipeline::ingress::authentication::tests::authenticated_values_are_owned_send_sync_inputs_not_live_handles ... ok
Rust checks	Integrated resident core and actual original-node RPC	2026-10-03T23:15:01.0819045Z test native_pipeline::ingress::authentication::tests::chain_domain_nonce_exhaustion_and_input_budget_are_hard_gates ... ok
Rust checks	Integrated resident core and actual original-node RPC	2026-10-03T23:15:01.0827098Z test native_pipeline::ingress::authentication::tests::cryptographically_valid_signature_cannot_authorize_another_payer ... ok
Rust checks	Integrated resident core and actual original-node RPC	2026-10-03T23:15:01.0847371Z test native_pipeline::ingress::authentication::tests::every_signed_transfer_field_is_authenticated ... ok
Rust checks	Integrated resident core and actual original-node RPC	2026-10-03T23:15:01.0851213Z test native_pipeline::ingress::authentication::tests::malformed_public_key_and_noncanonical_signature_encodings_are_rejected ... ok
Rust checks	Integrated resident core and actual original-node RPC	2026-10-03T23:15:01.0860551Z test native_pipeline::ingress::authentication::tests::ordered_nonce_planning_shares_aliases_and_preserves_independent_signers ... ok
Rust checks	Integrated resident core and actual original-node RPC	2026-10-03T23:15:01.0870252Z test native_pipeline::ingress::authentication::tests::real_signatures_bind_both_account_widths_to_one_chain_separated_nonce_identity ... ok
Rust checks	Integrated resident core and actual original-node RPC	2026-10-03T23:15:01.0892621Z test native_pipeline::ingress::authentication::tests::replay_gap_and_missing_parent_fail_the_entire_nonce_plan_without_reserving_prefix ... ok
Rust checks	Integrated resident core and actual original-node RPC	2026-10-03T23:15:01.0898438Z test native_pipeline::ingress::authentication::tests::weak_identity_key_passes_ordinary_verify_but_is_rejected_by_strict_admission ... ok
Rust checks	Integrated resident core and actual original-node RPC	2026-10-03T23:15:01.0901720Z test native_pipeline::ingress::wire::tests::borrowed_fields_preserve_utf8_empty_and_long_symbols_without_normalization ... ok
Rust checks	Integrated resident core and actual original-node RPC	2026-10-03T23:15:01.0914820Z test native_pipeline::ingress::wire::tests::bounded_native_v3_seeded_malformed_input_never_panics ... ok
Rust checks	Integrated resident core and actual original-node RPC	2026-10-03T23:15:01.0918459Z test native_pipeline::ingress::wire::tests::decoder_rejects_wrong_versions_kinds_magic_and_trailing_bytes ... ok
Rust checks	Integrated resident core and actual original-node RPC	2026-10-03T23:15:01.0924708Z test native_pipeline::ingress::wire::tests::every_transfer_field_is_in_the_complete_signed_intent ... ok
Rust checks	Integrated resident core and actual original-node RPC	2026-10-03T23:15:01.0941494Z test native_pipeline::ingress::wire::tests::exact_canonical_match_rejects_all_byte_changes_and_signature_hash_aliases ... ok
Rust checks	Integrated resident core and actual original-node RPC	2026-10-03T23:15:01.0943497Z test native_pipeline::ingress::wire::tests::existing_postcard_transfer_golden_bytes_are_unchanged ... ok
Rust checks	Integrated resident core and actual original-node RPC	2026-10-03T23:15:01.1017080Z test native_pipeline::ingress::wire::tests::frozen_old_wire_and_all_three_preimages_match_at_integer_boundaries ... ok
Rust checks	Integrated resident core and actual original-node RPC	2026-10-03T23:15:01.1034348Z test native_pipeline::ingress::wire::tests::genuine_old_oracle_signatures_verify_new_messages_and_reject_tampering ... ok
Rust checks	Integrated resident core and actual original-node RPC	2026-10-03T23:15:01.1035871Z test native_pipeline::ingress::wire::tests::hostile_declared_lengths_do_not_require_owned_field_allocation ... ok
Rust checks	Integrated resident core and actual original-node RPC	2026-10-03T23:15:01.1039447Z test native_pipeline::ingress::wire::tests::invalid_account_or_signature_sizes_cannot_cross_decode ... ok
Rust checks	Integrated resident core and actual original-node RPC	2026-10-03T23:15:01.1040659Z test native_pipeline::ingress::wire::tests::invalid_utf8_is_rejected_in_borrowed_decode ... ok
Rust checks	Integrated resident core and actual original-node RPC	2026-10-03T23:15:01.1041978Z test native_pipeline::ingress::wire::tests::malformed_streaming_view_errors_before_changing_digest ... ok
Rust checks	Integrated resident core and actual original-node RPC	2026-10-03T23:15:01.1043874Z test native_pipeline::ingress::wire::tests::noncanonical_varints_are_rejected_not_given_a_second_raw_identity ... ok
Rust checks	Integrated resident core and actual original-node RPC	2026-10-03T23:15:01.1048000Z test native_pipeline::ingress::wire::tests::signature_bytes_are_excluded_but_not_confused_with_a_signed_admission ... ok
Rust checks	Integrated resident core and actual original-node RPC	2026-10-03T23:15:01.1058624Z test native_pipeline::ingress::wire::tests::streaming_canonical_projection_matches_frozen_wire_and_preserves_outer_framing ... ok
Rust checks	Integrated resident core and actual original-node RPC	2026-10-03T23:15:01.1060612Z test native_pipeline::persistence::io::tests::completed_unconsumed_reply_still_applies_count_and_byte_backpressure ... ok
Rust checks	Integrated resident core and actual original-node RPC	2026-10-03T23:15:01.1062988Z test native_pipeline::persistence::io::tests::dropping_ticket_never_removes_accepted_command_or_its_live_permit ... ok
Rust checks	Integrated resident core and actual original-node RPC	2026-10-03T23:15:01.1064718Z test native_pipeline::persistence::io::tests::error_and_disconnected_replies_release_ticket_without_inventing_success ... ok
Rust checks	Integrated resident core and actual original-node RPC	2026-10-03T23:15:01.1066330Z test native_pipeline::persistence::io::tests::full_or_disconnected_command_queue_returns_its_admission_budget ... ok
Rust checks	Integrated resident core and actual original-node RPC	2026-10-03T23:15:01.1067846Z test native_pipeline::persistence::io::tests::local_validation_and_accounting_contention_admit_nothing ... ok
Rust checks	Integrated resident core and actual original-node RPC	2026-10-03T23:15:01.1069191Z test native_pipeline::persistence::io::tests::permit_count_and_bytes_remain_reserved_until_last_owner_releases ... ok
Rust checks	Integrated resident core and actual original-node RPC	2026-10-03T23:15:01.1072300Z test native_pipeline::persistence::io::tests::poisoned_admission_accounting_rejects_without_channel_submission ... ok
Rust checks	Integrated resident core and actual original-node RPC	2026-10-03T23:15:01.1073850Z test native_pipeline::persistence::io::tests::real_io_bulk_reads_keep_order_missing_values_and_reply_budget_through_shutdown ... ignored, requires explicit NOVOVM_AOEM_TEST_LIBRARY; real local I/O, not node/TPS evidence
Rust checks	Integrated resident core and actual original-node RPC	2026-10-03T23:15:01.1090428Z test native_pipeline::persistence::metadata::tests::construction_bounds_expected_and_new_bytes_without_weakening_append_only_keys ... ok
Rust checks	Integrated resident core and actual original-node RPC	2026-10-03T23:15:01.1101733Z test native_pipeline::persistence::metadata::tests::guards_share_total_bounds_and_cannot_overlap_mutations_or_each_other ... ok
Rust checks	Integrated resident core and actual original-node RPC	2026-10-03T23:15:01.1103604Z test native_pipeline::persistence::metadata::tests::keys_are_closed_separated_and_sequence_is_fixed_width ... ok
Rust checks	Integrated resident core and actual original-node RPC	2026-10-03T23:15:01.1105530Z test native_pipeline::persistence::metadata::tests::real_guards_do_not_write_absent_keys_and_empty_is_not_absent ... ignored, requires explicit NOVOVM_AOEM_TEST_LIBRARY; guard absence differs from empty
Rust checks	Integrated resident core and actual original-node RPC	2026-10-03T23:15:01.1108539Z test native_pipeline::persistence::metadata::tests::real_head_guard_rejects_stale_votes_including_exact_replay_and_blocks_are_append_only ... ignored, requires explicit NOVOVM_AOEM_TEST_LIBRARY; head guards and immutable blocks
Rust checks	Integrated resident core and actual original-node RPC	2026-10-03T23:15:01.1111248Z test native_pipeline::persistence::metadata::tests::real_metadata_same_database_atomic_compare_replay_and_append_only_outbox ... ignored, requires explicit NOVOVM_AOEM_TEST_LIBRARY; local metadata CAS, not finality
Rust checks	Integrated resident core and actual original-node RPC	2026-10-03T23:15:01.1114488Z test native_pipeline::persistence::metadata::tests::real_oversized_metadata_is_rejected_and_cannot_be_repaired_by_transition ... ignored, requires explicit NOVOVM_AOEM_TEST_LIBRARY; actual corruption freezes writes
Rust checks	Integrated resident core and actual original-node RPC	2026-10-03T23:15:01.1117295Z test native_pipeline::persistence::metadata::tests::real_partial_replay_never_completes_missing_outbox_or_mutates_other_keys ... ignored, requires explicit NOVOVM_AOEM_TEST_LIBRARY; genuine mixed CAS rejection
Rust checks	Integrated resident core and actual original-node RPC	2026-10-03T23:15:01.1119480Z test native_pipeline::persistence::packet::tests::altered_marker_document_and_node_or_hidden_tail_are_rejected ... ok
Rust checks	Integrated resident core and actual original-node RPC	2026-10-03T23:15:01.1139509Z test native_pipeline::persistence::packet::tests::each_resource_boundary_is_measured_once_and_rechecked_at_store_admission ... ok
Rust checks	Integrated resident core and actual original-node RPC	2026-10-03T23:15:01.1153525Z test native_pipeline::persistence::packet::tests::exact_packet_roundtrip_keeps_body_access_receipts_nodes_and_all_commitments ... ok
Rust checks	Integrated resident core and actual original-node RPC	2026-10-03T23:15:01.1163139Z test native_pipeline::persistence::packet::tests::independently_changed_context_body_or_commitments_are_rejected ... ok
Rust checks	Integrated resident core and actual original-node RPC	2026-10-03T23:15:01.1169319Z test native_pipeline::persistence::packet::tests::malformed_counts_and_lengths_fail_before_allocating_declared_content ... ok
Rust checks	Integrated resident core and actual original-node RPC	2026-10-03T23:15:01.1177020Z test native_pipeline::persistence::packet::tests::manifest_order_and_content_hash_are_not_accepted_on_trust ... ok
Rust checks	Integrated resident core and actual original-node RPC	2026-10-03T23:15:01.1186635Z test native_pipeline::persistence::packet::tests::marker_absence_is_not_completion_but_completed_missing_records_never_repair ... ok
Rust checks	Integrated resident core and actual original-node RPC	2026-10-03T23:15:01.1299468Z test native_pipeline::persistence::packet::tests::reads_are_bounded_and_response_count_errors_never_become_absence ... ok
Rust checks	Integrated resident core and actual original-node RPC	2026-10-03T23:15:01.1304554Z test native_pipeline::persistence::packet::tests::receipt_codec_refuses_trailing_bytes_and_unknown_variants ... ok
Rust checks	Integrated resident core and actual original-node RPC	2026-10-03T23:15:01.1347659Z test native_pipeline::persistence::packet::tests::receipt_hash_accounts_signer_nonce_fee_and_journal_relations_are_checked ... ok
Rust checks	Integrated resident core and actual original-node RPC	2026-10-03T23:15:01.1360772Z test native_pipeline::pipeline::admission::tests::admission_has_one_independent_slot_and_preserves_maximum_candidate_budget ... ok
Rust checks	Integrated resident core and actual original-node RPC	2026-10-03T23:15:01.1367236Z test native_pipeline::pipeline::admission::tests::backpressure_and_closed_pipeline_return_the_exact_original_raw_allocation ... ok
Rust checks	Integrated resident core and actual original-node RPC	2026-10-03T23:15:01.1374768Z test native_pipeline::pipeline::admission::tests::dropped_ticket_does_not_cancel_admitted_work_and_error_reply_retains_budget ... ok
Rust checks	Integrated resident core and actual original-node RPC	2026-10-03T23:15:01.1377119Z test native_pipeline::pipeline::admission::tests::real_resident_admission_keeps_good_bad_duplicate_rows_and_reuses_same_owner ... ignored, requires explicit NOVOVM_AOEM_TEST_LIBRARY; resident signature graph, not state admission or TPS
Rust checks	Integrated resident core and actual original-node RPC	2026-10-03T23:15:01.1381779Z test native_pipeline::pipeline::admission::tests::structured_subrows_charge_each_whole_source_once_and_check_indices ... ok
Rust checks	Integrated resident core and actual original-node RPC	2026-10-03T23:15:01.1387263Z test native_pipeline::pipeline::admission::tests::unconsumed_output_keeps_ingress_permit_until_consumed_or_dropped ... ok
Rust checks	Integrated resident core and actual original-node RPC	2026-10-03T23:15:01.1395446Z test native_pipeline::pipeline::authentication::tests::apfl_authentication_reserves_expanded_body_and_returns_same_shared_source ... ok
Rust checks	Integrated resident core and actual original-node RPC	2026-10-03T23:15:01.1402451Z test native_pipeline::pipeline::authentication::tests::authentication_and_existing_successor_share_one_background_permit ... ok
Rust checks	Integrated resident core and actual original-node RPC	2026-10-03T23:15:01.1429629Z test native_pipeline::pipeline::authentication::tests::background_bind_keeps_exact_permit_at_full_quota_and_does_not_take_current_slot ... ok
Rust checks	Integrated resident core and actual original-node RPC	2026-10-03T23:15:01.1437623Z test native_pipeline::pipeline::authentication::tests::completed_reply_body_bind_and_backpressure_keep_the_original_permit ... ok
Rust checks	Integrated resident core and actual original-node RPC	2026-10-03T23:15:01.1446740Z test native_pipeline::pipeline::authentication::tests::dropped_authentication_ticket_and_unconsumed_error_retain_live_job_budget ... ok
Rust checks	Integrated resident core and actual original-node RPC	2026-10-03T23:15:01.1459043Z test native_pipeline::pipeline::authentication::tests::optional_authentication_reserves_current_slot_and_worst_case_bytes ... ok
Rust checks	Integrated resident core and actual original-node RPC	2026-10-03T23:15:01.1460857Z test native_pipeline::pipeline::authentication::tests::real_background_bind_keeps_original_permit_through_shutdown_and_unconsumed_success ... ignored, requires explicit NOVOVM_AOEM_TEST_LIBRARY; real background bind/retained reply/cold records, not finality or native preemption
Rust checks	Integrated resident core and actual original-node RPC	2026-10-03T23:15:01.1463177Z test native_pipeline::pipeline::authentication::tests::real_parent_independent_authentication_rebinds_only_through_fresh_capture_and_recovers ... ignored, requires explicit NOVOVM_AOEM_TEST_LIBRARY; real two-stage local pipeline and database reopen, not finality/TPS
Rust checks	Integrated resident core and actual original-node RPC	2026-10-03T23:15:01.1465213Z test native_pipeline::pipeline::authentication::tests::unaccepted_authentication_keeps_exact_allocation_on_busy_full_or_invalid_input ... ok
Rust checks	Integrated resident core and actual original-node RPC	2026-10-03T23:15:01.1494460Z test native_pipeline::pipeline::authentication::tests::wrong_owner_and_domain_return_same_body_without_releasing_or_substituting_it ... ok
Rust checks	Integrated resident core and actual original-node RPC	2026-10-03T23:15:01.1496103Z test native_pipeline::pipeline::compute::tests::all_cross_owner_payloads_are_owned_send_types ... ok
Rust checks	Integrated resident core and actual original-node RPC	2026-10-03T23:15:01.1497269Z test native_pipeline::pipeline::compute::tests::configured_domain_cannot_be_replaced_by_request_or_capture ... ok
Rust checks	Integrated resident core and actual original-node RPC	2026-10-03T23:15:01.1498867Z test native_pipeline::pipeline::compute::tests::full_channel_returns_the_original_allocation_without_running_a_session ... ok
Rust checks	Integrated resident core and actual original-node RPC	2026-10-03T23:15:01.1501207Z test native_pipeline::pipeline::compute::tests::ordinary_rejection_does_not_latch_but_unwind_rejects_all_later_work ... ok
Rust checks	Integrated resident core and actual original-node RPC	2026-10-03T23:15:01.1503657Z test native_pipeline::pipeline::compute::tests::real_resident_owner_authenticates_and_executes_repeated_owned_captures ... ignored, requires explicit NOVOVM_AOEM_TEST_LIBRARY; resident owner, not node/TPS evidence
Rust checks	Integrated resident core and actual original-node RPC	2026-10-03T23:15:01.1505813Z test native_pipeline::pipeline::compute::tests::tickets_are_nonblocking_and_consumed_exactly_once_even_on_error ... ok
Rust checks	Integrated resident core and actual original-node RPC	2026-10-03T23:15:01.1521921Z test native_pipeline::pipeline::driver::tests::completed_jobs_do_not_skip_or_promote_background_in_the_next_round ... ok
Rust checks	Integrated resident core and actual original-node RPC	2026-10-03T23:15:01.1524713Z test native_pipeline::pipeline::driver::tests::ordinary_admissions_precede_background_without_reordering_ordinary_jobs ... ok
Rust checks	Integrated resident core and actual original-node RPC	2026-10-03T23:15:01.1537173Z test native_pipeline::pipeline::driver::tests::typed_background_bind_stays_after_ordinary_and_priority_is_not_permit_class ... ok
Rust checks	Integrated resident core and actual original-node RPC	2026-10-03T23:15:01.1539498Z test native_pipeline::pipeline::driver::tests::typed_signature_admission_never_takes_current_candidate_scheduling_priority ... ok
Rust checks	Integrated resident core and actual original-node RPC	2026-10-03T23:15:01.1712350Z test native_pipeline::pipeline::seed::tests::optional_seed_declines_unrepresentable_maximum_and_poisoned_accounting ... ok
Rust checks	Integrated resident core and actual original-node RPC	2026-10-03T23:15:01.1714394Z test native_pipeline::pipeline::seed::tests::real_two_height_seed_matches_full_capture_and_reopens_with_original_budgets ... ignored, requires explicit NOVOVM_AOEM_TEST_LIBRARY; real two-height seed hits, fallback and cold economics, not finality/TPS
Rust checks	Integrated resident core and actual original-node RPC	2026-10-03T23:15:01.1881691Z test native_pipeline::pipeline::seed::tests::seed_byte_lease_inclusive_bound_preserves_live_batch_accounting ... ok
Rust checks	Integrated resident core and actual original-node RPC	2026-10-03T23:15:01.2052186Z test native_pipeline::pipeline::seed::tests::seed_leaves_maximum_background_and_ordinary_admission_without_using_slots ... ok
Rust checks	Integrated resident core and actual original-node RPC	2026-10-03T23:15:01.2455263Z test native_pipeline::pipeline::seed::tests::seed_refuses_wrong_postroot_exceeded_bounds_and_busy_accounting ... ok
Rust checks	Integrated resident core and actual original-node RPC	2026-10-03T23:15:01.2539638Z test native_pipeline::pipeline::seed::tests::seed_wrong_context_never_supplies_bytes_or_parent_authority ... ok
Rust checks	Integrated resident core and actual original-node RPC	2026-10-03T23:15:01.2544755Z test native_pipeline::pipeline::tests::background_admission_reserves_an_ordinary_slot_and_worst_case_content ... ok
Rust checks	Integrated resident core and actual original-node RPC	2026-10-03T23:15:01.2547569Z test native_pipeline::pipeline::tests::background_reply_and_abandoned_ticket_never_release_live_work_early ... ok
Rust checks	Integrated resident core and actual original-node RPC	2026-10-03T23:15:01.2550615Z test native_pipeline::pipeline::tests::full_queue_returns_exact_input_and_domain_byte_limits_precede_admission ... ok
Rust checks	Integrated resident core and actual original-node RPC	2026-10-03T23:15:01.2554711Z test native_pipeline::pipeline::tests::owned_admission_checks_sender_and_worker_before_enqueue ... ok
Rust checks	Integrated resident core and actual original-node RPC	2026-10-03T23:15:01.2559815Z test native_pipeline::pipeline::tests::owned_admission_returns_allocations_on_domain_size_and_reservation_errors ... ok
Rust checks	Integrated resident core and actual original-node RPC	2026-10-03T23:15:01.2563919Z test native_pipeline::pipeline::tests::owned_disconnected_and_poisoned_admission_return_request_without_leaking_quota ... ok
Rust checks	Integrated resident core and actual original-node RPC	2026-10-03T23:15:01.2566668Z test native_pipeline::pipeline::tests::owned_full_and_busy_admission_preserve_allocation_and_release_unused_permits ... ok
Rust checks	Integrated resident core and actual original-node RPC	2026-10-03T23:15:01.2569003Z test native_pipeline::pipeline::tests::owned_success_is_accepted_even_when_the_reply_is_later_lost ... ok
Rust checks	Integrated resident core and actual original-node RPC	2026-10-03T23:15:01.2573219Z test native_pipeline::pipeline::tests::real_paused_compute_does_not_block_control_or_aoem_storage_queries ... ignored, requires real AOEM; explicit worker latch proves control isolation, NOT natural concurrency or TPS
Rust checks	Integrated resident core and actual original-node RPC	2026-10-03T23:15:01.2575382Z test native_pipeline::pipeline::tests::unconsumed_error_reply_and_lost_ticket_keep_whole_job_reservations ... ok
Rust checks	Integrated resident core and actual original-node RPC	2026-10-03T23:15:01.2661510Z test native_pipeline::proof::receipt::tests::missing_image_guest_and_malformed_inputs_fail_closed ... ok
Rust checks	Integrated resident core and actual original-node RPC	2026-10-03T23:15:01.2761789Z test native_pipeline::proof::receipt::tests::prepared_candidate_and_executed_have_identical_independent_journal ... ok
Rust checks	Integrated resident core and actual original-node RPC	2026-10-03T23:15:01.2847724Z test native_pipeline::proof::receipt::tests::proof_output_is_verified_with_independent_image_and_all_journal_bytes ... ok
Rust checks	Integrated resident core and actual original-node RPC	2026-10-03T23:15:01.3226022Z test native_pipeline::proof::tests::all_wire_truncations_bad_version_and_trailing_bytes_are_rejected ... ok
Rust checks	Integrated resident core and actual original-node RPC	2026-10-03T23:15:01.3363342Z test native_pipeline::proof::tests::bad_signature_wrong_chain_nonce_and_duplicate_transactions_are_rejected ... ok
Rust checks	Integrated resident core and actual original-node RPC	2026-10-03T23:15:01.3455100Z test native_pipeline::proof::tests::invalid_height_and_exhausted_state_version_are_rejected ... ok
Rust checks	Integrated resident core and actual original-node RPC	2026-10-03T23:15:01.3457091Z test native_pipeline::proof::tests::journal_has_fixed_versioned_size ... ok
Rust checks	Integrated resident core and actual original-node RPC	2026-10-03T23:15:01.3957502Z test native_pipeline::proof::tests::legal_transaction_reordering_and_different_parent_economics_change_journal ... ok
Rust checks	Integrated resident core and actual original-node RPC	2026-10-03T23:15:01.4044673Z test native_pipeline::proof::tests::oversized_noncanonical_and_invalid_policy_encoding_is_rejected ... ok
Rust checks	Integrated resident core and actual original-node RPC	2026-10-03T23:15:01.4192407Z test native_pipeline::proof::tests::signed_parent_relation_matches_direct_result_and_fixed_journal_fields ... ok
Rust checks	Integrated resident core and actual original-node RPC	2026-10-03T23:15:01.4777154Z test native_pipeline::proof::tests::valid_alternate_contexts_change_journal_instead_of_claiming_rejection ... ok
Rust checks	Integrated resident core and actual original-node RPC	2026-10-03T23:15:01.5034109Z test native_pipeline::proof::tests::wire_count_field_body_and_total_limits_are_checked_before_admission ... ok
Rust checks	Integrated resident core and actual original-node RPC	2026-10-03T23:15:01.5121453Z test native_pipeline::proof::tests::wire_roundtrip_preserves_context_raw_policy_and_original_parent_witness ... ok
Rust checks	Integrated resident core and actual original-node RPC	2026-10-03T23:15:01.5265069Z test native_pipeline::proof::tests::wrong_business_profile_and_parent_policy_are_rejected ... ok
Rust checks	Integrated resident core and actual original-node RPC	2026-10-03T23:15:01.5378857Z test native_pipeline::proof::tests::wrong_parent_or_corrupted_missing_and_trailing_witness_are_rejected ... ok
Rust checks	Integrated resident core and actual original-node RPC	2026-10-03T23:15:01.5394233Z test native_pipeline::service::config::tests::duplicate_allocations_bad_numbers_and_missing_quorum_profile_are_rejected ... ok
Rust checks	Integrated resident core and actual original-node RPC	2026-10-03T23:15:01.5528780Z test native_pipeline::service::config::tests::genesis_derivation_binds_economics_validator_weights_and_protocol ... ok
Rust checks	Integrated resident core and actual original-node RPC	2026-10-03T23:15:01.5530472Z test native_pipeline::service::config::tests::hex_is_bounded_and_not_lossily_decoded ... ok
Rust checks	Integrated resident core and actual original-node RPC	2026-10-03T23:15:01.5533278Z test native_pipeline::service::config::tests::real_resident_startup_reopen_preserves_genesis_and_refuses_recreate ... ignored, requires explicit trusted NOVOVM_AOEM_TEST_LIBRARY; opens a real fresh AOEM database
Rust checks	Integrated resident core and actual original-node RPC	2026-10-03T23:15:01.5536552Z test native_pipeline::service::config::tests::relative_paths_follow_configuration_directory ... ok
Rust checks	Integrated resident core and actual original-node RPC	2026-10-03T23:15:01.5538212Z test native_pipeline::service::rpc::tests::abandoned_completed_balance_results_do_not_exhaust_query_slots ... ok
Rust checks	Integrated resident core and actual original-node RPC	2026-10-03T23:15:01.5552248Z test native_pipeline::service::rpc::tests::apfl_pending_prefix_uses_exact_original_signature_and_nonce_not_codec_trust ... ok
Rust checks	Integrated resident core and actual original-node RPC	2026-10-03T23:15:01.5553955Z test native_pipeline::service::rpc::tests::balance_backpressure_preserves_all_unfinished_slots_and_only_evicts_completed ... ok
Rust checks	Integrated resident core and actual original-node RPC	2026-10-03T23:15:01.5582184Z test native_pipeline::service::rpc::tests::batch_selection_obeys_network_byte_limit_without_dropping_pending_or_nonce_credit ... ok
Rust checks	Integrated resident core and actual original-node RPC	2026-10-03T23:15:01.5584150Z test native_pipeline::service::rpc::tests::batch_selection_preserves_nonce_gaps_successor_prefix_and_count_cap ... ok
Rust checks	Integrated resident core and actual original-node RPC	2026-10-03T23:15:01.5585488Z test native_pipeline::service::rpc::tests::business_failure_is_not_counted_as_success_or_zk ... ok
Rust checks	Integrated resident core and actual original-node RPC	2026-10-03T23:15:01.5595286Z test native_pipeline::service::rpc::tests::early_selection_uses_exact_verified_bytes_and_never_mutates_parent_nonces ... ok
Rust checks	Integrated resident core and actual original-node RPC	2026-10-03T23:15:01.5600588Z test native_pipeline::service::rpc::tests::full_signed_transfer_hex_reaches_the_real_authenticator ... ok
Rust checks	Integrated resident core and actual original-node RPC	2026-10-03T23:15:01.5602301Z test native_pipeline::service::rpc::tests::raw_and_hash_requests_are_bounded_and_canonical ... ok
Rust checks	Integrated resident core and actual original-node RPC	2026-10-03T23:15:01.8673785Z test native_pipeline::service::tests::rpc_pipeline_budget_covers_real_independent_accounts_not_only_shared_receiver ... ok
Rust checks	Integrated resident core and actual original-node RPC	2026-10-03T23:15:01.8715601Z test native_pipeline::state::frontier::capture::tests::bad_reply_is_atomic_terminal_and_is_never_an_absent_application_key ... ok
Rust checks	Integrated resident core and actual original-node RPC	2026-10-03T23:15:01.8720749Z test native_pipeline::state::frontier::capture::tests::bounded_plan_capture_retains_original_body_root_and_permissions ... ok
Rust checks	Integrated resident core and actual original-node RPC	2026-10-03T23:15:01.8751867Z test native_pipeline::state::frontier::capture::tests::deletion_sibling_placement_is_checked_without_reading_its_descendants ... ok
Rust checks	Integrated resident core and actual original-node RPC	2026-10-03T23:15:01.8754131Z test native_pipeline::state::frontier::capture::tests::empty_parent_finishes_without_io_but_keeps_exact_access_permissions ... ok
Rust checks	Integrated resident core and actual original-node RPC	2026-10-03T23:15:01.8756254Z test native_pipeline::state::frontier::capture::tests::incomplete_unsolicited_duplicate_and_invalid_declarations_are_rejected ... ok
Rust checks	Integrated resident core and actual original-node RPC	2026-10-03T23:15:02.1974528Z test native_pipeline::state::frontier::capture::tests::incremental_reads_are_deduplicated_bounded_and_never_replay_prior_edges ... ok
Rust checks	Integrated resident core and actual original-node RPC	2026-10-03T23:15:02.2141962Z test native_pipeline::state::frontier::capture::tests::precise_limits_are_inclusive_and_smaller_limits_fail_closed ... ok
Rust checks	Integrated resident core and actual original-node RPC	2026-10-03T23:15:02.2180738Z test native_pipeline::state::frontier::capture::tests::shared_cached_node_is_revalidated_on_every_incoming_edge ... ok
Rust checks	Integrated resident core and actual original-node RPC	2026-10-03T23:15:02.2446272Z test native_pipeline::state::frontier::capture::tests::source_drop_and_threaded_delete_insert_repeated_changes_match_full_reader ... ok
Rust checks	Integrated resident core and actual original-node RPC	2026-10-03T23:15:02.3088550Z test native_pipeline::state::frontier::seed::tests::complete_seed_recaptures_put_delete_and_absence_without_any_source ... ok
Rust checks	Integrated resident core and actual original-node RPC	2026-10-03T23:15:02.3270646Z test native_pipeline::state::frontier::seed::tests::partial_seed_uses_bulk_storage_misses_and_never_invents_absence ... ok
Rust checks	Integrated resident core and actual original-node RPC	2026-10-03T23:15:02.3352020Z test native_pipeline::state::frontier::seed::tests::seed_does_not_inherit_permissions_or_bypass_child_capture_bounds ... ok
Rust checks	Integrated resident core and actual original-node RPC	2026-10-03T23:15:02.3536604Z test native_pipeline::state::frontier::seed::tests::seed_limits_are_inclusive_and_optional_but_corruption_is_an_error ... ok
Rust checks	Integrated resident core and actual original-node RPC	2026-10-03T23:15:02.3550865Z test native_pipeline::state::frontier::seed::tests::seed_moves_both_maps_and_charges_every_hash_and_duplicate_allocation ... ok
Rust checks	Integrated resident core and actual original-node RPC	2026-10-03T23:15:02.3607737Z test native_pipeline::state::frontier::seed::tests::seeded_shared_node_is_rechecked_at_each_incoming_edge ... ok
Rust checks	Integrated resident core and actual original-node RPC	2026-10-03T23:15:02.3649259Z test native_pipeline::state::frontier::seed::tests::wrong_seed_root_is_only_a_cache_miss ... ok
Rust checks	Integrated resident core and actual original-node RPC	2026-10-03T23:15:02.3651300Z test native_pipeline::state::frontier::tests::authenticated_absence_is_not_unknown_key_or_missing_frontier_content ... ok
Rust checks	Integrated resident core and actual original-node RPC	2026-10-03T23:15:02.3654102Z test native_pipeline::state::frontier::tests::batch_read_failure_does_not_turn_missing_captured_content_into_absence ... ok
Rust checks	Integrated resident core and actual original-node RPC	2026-10-03T23:15:02.3659773Z test native_pipeline::state::frontier::tests::batch_reads_do_not_expose_captured_deletion_siblings_or_a_successful_prefix ... ok
Rust checks	Integrated resident core and actual original-node RPC	2026-10-03T23:15:02.3665942Z test native_pipeline::state::frontier::tests::batch_reads_preserve_absence_order_duplicates_and_source_independence ... ok
Rust checks	Integrated resident core and actual original-node RPC	2026-10-03T23:15:02.3667726Z test native_pipeline::state::frontier::tests::capture_rejects_missing_corrupt_and_failing_source_instead_of_absence ... ok
Rust checks	Integrated resident core and actual original-node RPC	2026-10-03T23:15:02.3674893Z test native_pipeline::state::frontier::tests::declared_permissions_and_unknown_writes_fail_without_partial_effects ... ok
Rust checks	Integrated resident core and actual original-node RPC	2026-10-03T23:15:02.3681357Z test native_pipeline::state::frontier::tests::deletion_capture_includes_the_other_leaf_needed_for_branch_collapse ... ok
Rust checks	Integrated resident core and actual original-node RPC	2026-10-03T23:15:03.6773223Z test native_pipeline::state::frontier::tests::deterministic_mixed_changes_match_full_reader_across_128_parent_plans ... ok
Rust checks	Integrated resident core and actual original-node RPC	2026-10-03T23:15:03.6774977Z test native_pipeline::state::frontier::tests::duplicate_empty_and_invalid_key_declarations_fail_before_reading_source ... ok
Rust checks	Integrated resident core and actual original-node RPC	2026-10-03T23:15:03.6777675Z test native_pipeline::state::frontier::tests::empty_parent_needs_no_source_and_supports_insert_delete_and_noop ... ok
Rust checks	Integrated resident core and actual original-node RPC	2026-10-03T23:15:03.6785684Z test native_pipeline::state::frontier::tests::key_node_and_byte_budgets_are_inclusive_and_count_unique_content ... ok
Rust checks	Integrated resident core and actual original-node RPC	2026-10-03T23:15:03.6787069Z test native_pipeline::state::frontier::tests::owned_input_is_send_sync_and_static ... ok
Rust checks	Integrated resident core and actual original-node RPC	2026-10-03T23:15:03.6819847Z test native_pipeline::state::frontier::tests::repeated_changes_preserve_order_and_exact_full_reader_result ... ok
Rust checks	Integrated resident core and actual original-node RPC	2026-10-03T23:15:03.6828897Z test native_pipeline::state::frontier::tests::threaded_computation_uses_no_source_after_capture_and_drop ... ok
Rust checks	Integrated resident core and actual original-node RPC	2026-10-03T23:15:03.6843722Z test native_pipeline::state::frontier::witness::tests::canonical_roundtrip_retains_exact_access_and_real_update_after_source_drop ... ok
Rust checks	Integrated resident core and actual original-node RPC	2026-10-03T23:15:03.7117469Z test native_pipeline::state::frontier::witness::tests::every_truncation_and_changed_byte_and_trailing_payload_fail_closed ... ok
Rust checks	Integrated resident core and actual original-node RPC	2026-10-03T23:15:03.7126189Z test native_pipeline::state::frontier::witness::tests::exact_node_byte_budget_excludes_bounded_framing_and_limits_are_inclusive ... ok
Rust checks	Integrated resident core and actual original-node RPC	2026-10-03T23:15:03.7132123Z test native_pipeline::state::frontier::witness::tests::independent_access_rejects_missing_extra_duplicate_keys_and_changed_permissions ... ok
Rust checks	Integrated resident core and actual original-node RPC	2026-10-03T23:15:03.7137169Z test native_pipeline::state::frontier::witness::tests::leaf_minimum_maximum_and_declared_length_limits_match_patricia_v1 ... ok
Rust checks	Integrated resident core and actual original-node RPC	2026-10-03T23:15:03.7146814Z test native_pipeline::state::frontier::witness::tests::missing_absence_path_or_delete_sibling_is_not_absence ... ok
Rust checks	Integrated resident core and actual original-node RPC	2026-10-03T23:15:03.7153820Z test native_pipeline::state::frontier::witness::tests::ordered_unique_nodes_reject_detached_extras_and_candidate_output_substitution ... ok
Rust checks	Integrated resident core and actual original-node RPC	2026-10-03T23:15:03.7157312Z test native_pipeline::state::frontier::witness::tests::rehashed_wrong_child_direction_is_rejected_not_just_individual_hash_checked ... ok
Rust checks	Integrated resident core and actual original-node RPC	2026-10-03T23:15:03.7161234Z test native_pipeline::state::frontier::witness::tests::trusted_empty_parent_has_empty_frontier_but_still_exact_permissions ... ok
Rust checks	Integrated resident core and actual original-node RPC	2026-10-03T23:15:03.8309854Z test native_pipeline::state::tree::batch::tests::all_noop_puts_stage_nothing_and_empty_batch_does_not_read_parent ... ok
Rust checks	Integrated resident core and actual original-node RPC	2026-10-03T23:15:03.8312318Z test native_pipeline::state::tree::batch::tests::cache_hit_still_checks_each_incoming_parent_edge ... ok
Rust checks	Integrated resident core and actual original-node RPC	2026-10-03T23:15:03.8317305Z test native_pipeline::state::tree::batch::tests::deletes_and_duplicate_digests_are_not_coalesced ... ok
Rust checks	Integrated resident core and actual original-node RPC	2026-10-03T23:15:03.8327495Z test native_pipeline::state::tree::batch::tests::duplicate_run_fallback_and_delete_positions_are_preserved ... ok
Rust checks	Integrated resident core and actual original-node RPC	2026-10-03T23:15:04.2794907Z test native_pipeline::state::tree::batch::tests::each_shared_ancestor_is_staged_once_on_build_and_replacement ... ok
Rust checks	Integrated resident core and actual original-node RPC	2026-10-03T23:15:05.2384463Z test native_pipeline::state::tree::batch::tests::full_256_branch_depth_preserves_roots_and_noop_staging ... ok
Rust checks	Integrated resident core and actual original-node RPC	2026-10-03T23:15:05.5350380Z test native_pipeline::state::tree::batch::tests::large_put_runs_still_batch_with_intervening_deletes_and_ordered_duplicate_run ... ok
Rust checks	Integrated resident core and actual original-node RPC	2026-10-03T23:15:05.5361936Z test native_pipeline::state::tree::batch::tests::later_put_run_cannot_hide_a_delete_collapse_missing_parent_node ... ok
Rust checks	Integrated resident core and actual original-node RPC	2026-10-03T23:15:05.5363903Z test native_pipeline::state::tree::batch::tests::missing_or_corrupt_existing_root_cannot_be_hidden_by_new_prefixes ... ok
Rust checks	Integrated resident core and actual original-node RPC	2026-10-03T23:15:05.6583572Z test native_pipeline::state::tree::batch::tests::noop_runs_separated_by_absent_deletes_do_not_stage_anything ... ok
Rust checks	Integrated resident core and actual original-node RPC	2026-10-03T23:15:05.8552629Z test native_pipeline::state::tree::batch::tests::original_input_and_internal_resource_bounds_are_preserved ... ok
Rust checks	Integrated resident core and actual original-node RPC	2026-10-03T23:15:05.8741831Z test native_pipeline::state::tree::batch::tests::sorted_inputs_mixed_with_old_leaves_cover_shallower_and_deepest_splits ... ok
Rust checks	Integrated resident core and actual original-node RPC	2026-10-03T23:15:05.8746374Z test native_pipeline::state::tree::batch::tests::untouched_child_is_not_loaded_but_touched_child_stays_required ... ok
Rust checks	Integrated resident core and actual original-node RPC	2026-10-03T23:15:06.0087262Z test native_pipeline::state::tree::batch_conformance::detached_sparse_frontier_supports_bulk_puts_without_authority_or_extra_reads ... ok
Rust checks	Integrated resident core and actual original-node RPC	2026-10-03T23:15:06.0093896Z test native_pipeline::state::tree::batch_conformance::duplicate_and_delete_sequences_keep_the_original_ordered_contract ... ok
Rust checks	Integrated resident core and actual original-node RPC	2026-10-03T23:15:06.1157421Z test native_pipeline::state::tree::batch_conformance::every_original_accessed_parent_node_remains_required_and_authenticated ... ok
Rust checks	Integrated resident core and actual original-node RPC	2026-10-03T23:15:09.0807831Z test native_pipeline::state::tree::batch_conformance::many_parent_versions_and_put_orders_match_original_root_and_node_bytes ... ok
Rust checks	Integrated resident core and actual original-node RPC	2026-10-03T23:15:09.1049230Z test native_pipeline::state::tree::batch_conformance::unique_noop_puts_still_check_parent_edges_and_do_not_restage ... ok
Rust checks	Integrated resident core and actual original-node RPC	2026-10-03T23:15:09.1061706Z test native_pipeline::state::tree::batch_conformance::unique_put_batch_preserves_all_input_bounds_including_late_invalid_items ... ok
Rust checks	Integrated resident core and actual original-node RPC	2026-10-03T23:15:09.1064860Z test native_pipeline::state::tree::read_batch::tests::absent_endpoints_do_not_discard_matching_middle_or_duplicate_outputs ... ok
Rust checks	Integrated resident core and actual original-node RPC	2026-10-03T23:15:09.1066714Z test native_pipeline::state::tree::read_batch::tests::cached_wrong_edge_is_rejected_before_compressed_prefix_absence ... ok
Rust checks	Integrated resident core and actual original-node RPC	2026-10-03T23:15:09.3192646Z test native_pipeline::state::tree::read_batch::tests::every_node_required_by_point_reads_remains_required_and_hash_checked ... ok
Rust checks	Integrated resident core and actual original-node RPC	2026-10-03T23:15:10.1247203Z test native_pipeline::state::tree::read_batch::tests::full_256_branch_depth_and_last_bit_absence_remain_bounded ... ok
Rust checks	Integrated resident core and actual original-node RPC	2026-10-03T23:15:10.1363132Z test native_pipeline::state::tree::read_batch::tests::query_key_node_and_cumulative_reader_limits_are_preserved ... ok
Rust checks	Integrated resident core and actual original-node RPC	2026-10-03T23:15:10.2452264Z test native_pipeline::state::tree::read_batch::tests::shared_512_key_traversal_reads_each_reachable_node_once ... ok
Rust checks	Integrated resident core and actual original-node RPC	2026-10-03T23:15:10.2455150Z test native_pipeline::state::tree::read_batch::tests::thread_local_counters_record_successful_calls_and_original_query_count_only ... ok
Rust checks	Integrated resident core and actual original-node RPC	2026-10-03T23:15:10.3536707Z test native_pipeline::state::tree::read_batch::tests::unordered_duplicates_present_and_absent_match_independent_point_reads ... ok
Rust checks	Integrated resident core and actual original-node RPC	2026-10-03T23:15:10.3541199Z test native_pipeline::state::tree::read_batch::tests::untouched_child_is_not_loaded_and_empty_queries_do_not_validate_root ... ok
Rust checks	Integrated resident core and actual original-node RPC	2026-10-03T23:15:10.3544043Z test native_pipeline::state::tree::read_batch::tests::wrong_branch_placement_is_checked_before_filtering_all_queries_as_absent ... ok
Rust checks	Integrated resident core and actual original-node RPC	2026-10-03T23:15:10.3550278Z test native_pipeline::state::tree::tests::capture_delete_includes_the_survivor_missing_from_a_query_path ... ok
Rust checks	Integrated resident core and actual original-node RPC	2026-10-03T23:15:10.3554127Z test native_pipeline::state::tree::tests::capture_rejects_missing_misdirected_and_malformed_siblings ... ok
Rust checks	Integrated resident core and actual original-node RPC	2026-10-03T23:15:10.3596775Z test native_pipeline::state::tree::tests::capture_stops_at_immediate_sibling_root_and_proves_absence ... ok
Rust checks	Integrated resident core and actual original-node RPC	2026-10-03T23:15:10.9283800Z test native_pipeline::state::tree::tests::captured_parent_closes_repeated_planned_puts_and_deletes_without_live_reads ... ok
Rust checks	Integrated resident core and actual original-node RPC	2026-10-03T23:15:10.9285214Z test native_pipeline::state::tree::tests::collapsing_a_branch_checks_survivor_availability_and_direction ... ok
Rust checks	Integrated resident core and actual original-node RPC	2026-10-03T23:15:10.9285977Z test native_pipeline::state::tree::tests::corrupt_missing_and_noncanonical_nodes_fail_closed ... ok
Rust checks	Integrated resident core and actual original-node RPC	2026-10-03T23:15:10.9286945Z test native_pipeline::state::tree::tests::current_state_larger_than_eight_mib_has_bounded_single_key_updates ... ignored, large incremental-state capacity fixture; explicitly run
Rust checks	Integrated resident core and actual original-node RPC	2026-10-03T23:15:10.9465389Z test native_pipeline::state::tree::tests::deletion_compresses_paths_and_restores_canonical_empty_root ... ok
Rust checks	Integrated resident core and actual original-node RPC	2026-10-03T23:15:10.9468541Z test native_pipeline::state::tree::tests::invalid_child_direction_is_not_reported_as_absence ... ok
Rust checks	Integrated resident core and actual original-node RPC	2026-10-03T23:15:10.9509005Z test native_pipeline::state::tree::tests::no_op_changes_do_not_restage_ancestor_nodes ... ok
Rust checks	Integrated resident core and actual original-node RPC	2026-10-03T23:15:10.9510462Z test native_pipeline::state::tree::tests::node_validation_and_reader_budget_are_local_and_bounded ... ok
Rust checks	Integrated resident core and actual original-node RPC	2026-10-03T23:15:12.4096390Z test native_pipeline::state::tree::tests::randomized_changes_match_ordered_map_across_batch_boundaries ... ok
Rust checks	Integrated resident core and actual original-node RPC	2026-10-03T23:15:12.4328362Z test native_pipeline::state::tree::tests::roots_are_order_independent_and_old_versions_remain_readable ... ok
Rust checks	Integrated resident core and actual original-node RPC	2026-10-03T23:15:12.4346131Z test native_pipeline::state::tree::tests::streaming_scan_validates_all_child_paths_and_respects_budget ... ok
Rust checks	Integrated resident core and actual original-node RPC	2026-10-03T23:15:12.4354757Z test native_pipeline::state::tree::tests::updates_are_bounded_and_never_write_to_reader ... ok
Rust checks	Integrated resident core and actual original-node RPC	2026-10-03T23:15:12.4355309Z 
Rust checks	Integrated resident core and actual original-node RPC	2026-10-03T23:15:12.4355689Z test result: ok. 361 passed; 0 failed; 56 ignored; 0 measured; 1112 filtered out; finished in 12.41s
Rust checks	Integrated resident core and actual original-node RPC	2026-10-03T23:15:12.4356222Z 
Rust checks	Integrated resident core and actual original-node RPC	2026-10-03T23:15:12.4847823Z ^[[1m^[[33mwarning^[[0m: /home/runner/work/supervm/supervm/crates/novovm-node/Cargo.toml: file `/home/runner/work/supervm/supervm/crates/novovm-node/src/bin/supervm-native-pipeline-cross-machine-udp-soak.rs` found to be present in multiple build targets:
Rust checks	Integrated resident core and actual original-node RPC	2026-10-03T23:15:12.4850768Z   * `bin` target `supervm-native-pipeline-cross-machine-udp-soak`
Rust checks	Integrated resident core and actual original-node RPC	2026-10-03T23:15:12.4851671Z   * `bin` target `supervm-native-pipeline-cross-machine-fault-udp-soak`
Rust checks	Integrated resident core and actual original-node RPC	2026-10-03T23:15:12.4852588Z   * `bin` target `supervm-native-pipeline-cross-machine-sustained-soak`
Rust checks	Integrated resident core and actual original-node RPC	2026-10-03T23:15:12.4853822Z   * `bin` target `supervm-native-pipeline-memory-bisect-gate`
Rust checks	Integrated resident core and actual original-node RPC	2026-10-03T23:15:12.6427211Z ^[[1m^[[92m   Compiling^[[0m aoem-bindings v0.1.0 (/home/runner/work/supervm/supervm/crates/aoem-bindings)
Rust checks	Integrated resident core and actual original-node RPC	2026-10-03T23:15:12.6479770Z ^[[1m^[[92m   Compiling^[[0m novovm-protocol v0.1.0 (/home/runner/work/supervm/supervm/crates/novovm-protocol)
Rust checks	Integrated resident core and actual original-node RPC	2026-10-03T23:15:12.6481474Z ^[[1m^[[92m   Compiling^[[0m novovm-adapter-api v0.1.0 (/home/runner/work/supervm/supervm/crates/novovm-adapter-api)
Rust checks	Integrated resident core and actual original-node RPC	2026-10-03T23:15:14.2671870Z ^[[1m^[[92m   Compiling^[[0m web30-core v0.1.0 (/home/runner/work/supervm/supervm/vendor/web30-core)
Rust checks	Integrated resident core and actual original-node RPC	2026-10-03T23:15:14.6598681Z ^[[1m^[[92m   Compiling^[[0m novovm-adapter-evm-core v0.1.0 (/home/runner/work/supervm/supervm/crates/plugins/evm/core)
Rust checks	Integrated resident core and actual original-node RPC	2026-10-03T23:15:15.3484649Z ^[[1m^[[92m   Compiling^[[0m novovm-exec v0.1.0 (/home/runner/work/supervm/supervm/crates/novovm-exec)
Rust checks	Integrated resident core and actual original-node RPC	2026-10-03T23:15:15.3835136Z ^[[1m^[[92m   Compiling^[[0m novovm-network v0.1.0 (/home/runner/work/supervm/supervm/crates/novovm-network)
Rust checks	Integrated resident core and actual original-node RPC	2026-10-03T23:15:16.7314988Z ^[[1m^[[92m   Compiling^[[0m novovm-consensus v0.1.0 (/home/runner/work/supervm/supervm/crates/novovm-consensus)
Rust checks	Integrated resident core and actual original-node RPC	2026-10-03T23:15:17.5989963Z ^[[1m^[[92m   Compiling^[[0m novovm-adapter-novovm v0.1.0 (/home/runner/work/supervm/supervm/crates/novovm-adapter-novovm)
Rust checks	Integrated resident core and actual original-node RPC	2026-10-03T23:15:19.2944771Z ^[[1m^[[92m   Compiling^[[0m novovm-adapter-evm-plugin v0.1.0 (/home/runner/work/supervm/supervm/crates/plugins/evm/plugin)
Rust checks	Integrated resident core and actual original-node RPC	2026-10-03T23:15:28.3687259Z ^[[1m^[[92m   Compiling^[[0m novovm-node v0.1.0 (/home/runner/work/supervm/supervm/crates/novovm-node)
Rust checks	Integrated resident core and actual original-node RPC	2026-10-03T23:16:12.8677360Z ^[[1m^[[92m    Finished^[[0m `dev` profile [unoptimized + debuginfo] target(s) in 1m 00s
Rust checks	Integrated resident core and actual original-node RPC	2026-10-03T23:16:12.9821694Z ^[[1m^[[33mwarning^[[0m: /home/runner/work/supervm/supervm/crates/novovm-node/Cargo.toml: file `/home/runner/work/supervm/supervm/crates/novovm-node/src/bin/supervm-native-pipeline-cross-machine-udp-soak.rs` found to be present in multiple build targets:
Rust checks	Integrated resident core and actual original-node RPC	2026-10-03T23:16:12.9823712Z   * `bin` target `supervm-native-pipeline-cross-machine-udp-soak`
Rust checks	Integrated resident core and actual original-node RPC	2026-10-03T23:16:12.9824328Z   * `bin` target `supervm-native-pipeline-cross-machine-fault-udp-soak`
Rust checks	Integrated resident core and actual original-node RPC	2026-10-03T23:16:12.9824947Z   * `bin` target `supervm-native-pipeline-cross-machine-sustained-soak`
Rust checks	Integrated resident core and actual original-node RPC	2026-10-03T23:16:12.9825518Z   * `bin` target `supervm-native-pipeline-memory-bisect-gate`
Rust checks	Integrated resident core and actual original-node RPC	2026-10-03T23:16:13.1264966Z ^[[1m^[[92m   Compiling^[[0m web30-core v0.1.0 (/home/runner/work/supervm/supervm/vendor/web30-core)
Rust checks	Integrated resident core and actual original-node RPC	2026-10-03T23:16:14.1831414Z ^[[1m^[[92m   Compiling^[[0m novovm-adapter-novovm v0.1.0 (/home/runner/work/supervm/supervm/crates/novovm-adapter-novovm)
Rust checks	Integrated resident core and actual original-node RPC	2026-10-03T23:16:14.1833060Z ^[[1m^[[92m   Compiling^[[0m novovm-consensus v0.1.0 (/home/runner/work/supervm/supervm/crates/novovm-consensus)
Rust checks	Integrated resident core and actual original-node RPC	2026-10-03T23:16:14.7443878Z ^[[1m^[[92m   Compiling^[[0m novovm-adapter-evm-plugin v0.1.0 (/home/runner/work/supervm/supervm/crates/plugins/evm/plugin)
Rust checks	Integrated resident core and actual original-node RPC	2026-10-03T23:16:17.8585710Z ^[[1m^[[92m   Compiling^[[0m novovm-node v0.1.0 (/home/runner/work/supervm/supervm/crates/novovm-node)
Rust checks	Integrated resident core and actual original-node RPC	2026-10-03T23:17:25.6429399Z ^[[1m^[[92m    Finished^[[0m `test` profile [unoptimized + debuginfo] target(s) in 1m 12s
Rust checks	Integrated resident core and actual original-node RPC	2026-10-03T23:17:25.6585051Z ^[[1m^[[92m     Running^[[0m unittests src/lib.rs (target/runtime-rebuild/debug/deps/novovm_node-8ed10d0afdf94e9a)
Rust checks	Integrated resident core and actual original-node RPC	2026-10-03T23:17:25.6642715Z 
Rust checks	Integrated resident core and actual original-node RPC	2026-10-03T23:17:25.6643542Z running 1 test
Rust checks	Integrated resident core and actual original-node RPC	2026-10-03T23:17:35.6202467Z test native_pipeline::consensus::tests::resident_rpc_process::actual_product_rpc_signed_batches_failures_quorum_and_restart ... ok
Rust checks	Integrated resident core and actual original-node RPC	2026-10-03T23:17:35.6204140Z 
Rust checks	Integrated resident core and actual original-node RPC	2026-10-03T23:17:35.6204453Z test result: ok. 1 passed; 0 failed; 0 ignored; 0 measured; 1528 filtered out; finished in 9.96s
Rust checks	Integrated resident core and actual original-node RPC	2026-10-03T23:17:35.6205116Z 
Rust checks	Integrated resident core and actual original-node RPC	2026-10-03T23:17:35.6678421Z ^[[1m^[[33mwarning^[[0m: /home/runner/work/supervm/supervm/crates/novovm-node/Cargo.toml: file `/home/runner/work/supervm/supervm/crates/novovm-node/src/bin/supervm-native-pipeline-cross-machine-udp-soak.rs` found to be present in multiple build targets:
Rust checks	Integrated resident core and actual original-node RPC	2026-10-03T23:17:35.6680650Z   * `bin` target `supervm-native-pipeline-cross-machine-udp-soak`
Rust checks	Integrated resident core and actual original-node RPC	2026-10-03T23:17:35.6681522Z   * `bin` target `supervm-native-pipeline-cross-machine-fault-udp-soak`
Rust checks	Integrated resident core and actual original-node RPC	2026-10-03T23:17:35.6682436Z   * `bin` target `supervm-native-pipeline-cross-machine-sustained-soak`
Rust checks	Integrated resident core and actual original-node RPC	2026-10-03T23:17:35.6683587Z   * `bin` target `supervm-native-pipeline-memory-bisect-gate`
Rust checks	Integrated resident core and actual original-node RPC	2026-10-03T23:17:35.8327700Z ^[[1m^[[92m    Finished^[[0m `test` profile [unoptimized + debuginfo] target(s) in 0.17s
Rust checks	Integrated resident core and actual original-node RPC	2026-10-03T23:17:35.8434392Z ^[[1m^[[92m     Running^[[0m unittests src/lib.rs (target/runtime-rebuild/debug/deps/novovm_node-8ed10d0afdf94e9a)
Rust checks	Integrated resident core and actual original-node RPC	2026-10-03T23:17:35.8493431Z 
Rust checks	Integrated resident core and actual original-node RPC	2026-10-03T23:17:35.8494241Z running 1 test
Rust checks	Integrated resident core and actual original-node RPC	2026-10-03T23:17:44.3356720Z test native_pipeline::consensus::tests::resident_rpc_process::actual_product_rpc_single_ingress_gossip_failures_and_restart ... ok
Rust checks	Integrated resident core and actual original-node RPC	2026-10-03T23:17:44.3357782Z 
Rust checks	Integrated resident core and actual original-node RPC	2026-10-03T23:17:44.3360389Z test result: ok. 1 passed; 0 failed; 0 ignored; 0 measured; 1528 filtered out; finished in 8.49s
Rust checks	Integrated resident core and actual original-node RPC	2026-10-03T23:17:44.3361029Z 
Rust checks	Integrated resident core and actual original-node RPC	2026-10-03T23:17:44.3815766Z ^[[1m^[[33mwarning^[[0m: /home/runner/work/supervm/supervm/crates/novovm-node/Cargo.toml: file `/home/runner/work/supervm/supervm/crates/novovm-node/src/bin/supervm-native-pipeline-cross-machine-udp-soak.rs` found to be present in multiple build targets:
Rust checks	Integrated resident core and actual original-node RPC	2026-10-03T23:17:44.3818223Z   * `bin` target `supervm-native-pipeline-cross-machine-udp-soak`
Rust checks	Integrated resident core and actual original-node RPC	2026-10-03T23:17:44.3819212Z   * `bin` target `supervm-native-pipeline-cross-machine-fault-udp-soak`
Rust checks	Integrated resident core and actual original-node RPC	2026-10-03T23:17:44.3820962Z   * `bin` target `supervm-native-pipeline-cross-machine-sustained-soak`
Rust checks	Integrated resident core and actual original-node RPC	2026-10-03T23:17:44.3821823Z   * `bin` target `supervm-native-pipeline-memory-bisect-gate`
Rust checks	Integrated resident core and actual original-node RPC	2026-10-03T23:17:44.5336039Z ^[[1m^[[92m    Finished^[[0m `test` profile [unoptimized + debuginfo] target(s) in 0.16s
Rust checks	Integrated resident core and actual original-node RPC	2026-10-03T23:17:44.5425437Z ^[[1m^[[92m     Running^[[0m unittests src/lib.rs (target/runtime-rebuild/debug/deps/novovm_node-8ed10d0afdf94e9a)
Rust checks	Integrated resident core and actual original-node RPC	2026-10-03T23:17:44.5481596Z 
Rust checks	Integrated resident core and actual original-node RPC	2026-10-03T23:17:44.5482124Z running 1 test
Rust checks	Integrated resident core and actual original-node RPC	2026-10-03T23:19:18.8014420Z test native_pipeline::consensus::tests::resident_rpc_process::offline::actual_product_rpc_offline_peer_isolation_quorum_catchup_and_restart ... ok
Rust checks	Integrated resident core and actual original-node RPC	2026-10-03T23:19:18.8015654Z 
Rust checks	Integrated resident core and actual original-node RPC	2026-10-03T23:19:18.8044141Z test result: ok. 1 passed; 0 failed; 0 ignored; 0 measured; 1528 filtered out; finished in 94.25s
Rust checks	Integrated resident core and actual original-node RPC	2026-10-03T23:19:18.8044971Z 
Rust checks	Integrated resident core and actual original-node RPC	2026-10-03T23:19:18.8456500Z ^[[1m^[[33mwarning^[[0m: /home/runner/work/supervm/supervm/crates/novovm-node/Cargo.toml: file `/home/runner/work/supervm/supervm/crates/novovm-node/src/bin/supervm-native-pipeline-cross-machine-udp-soak.rs` found to be present in multiple build targets:
Rust checks	Integrated resident core and actual original-node RPC	2026-10-03T23:19:18.8458729Z   * `bin` target `supervm-native-pipeline-cross-machine-udp-soak`
Rust checks	Integrated resident core and actual original-node RPC	2026-10-03T23:19:18.8459601Z   * `bin` target `supervm-native-pipeline-cross-machine-fault-udp-soak`
Rust checks	Integrated resident core and actual original-node RPC	2026-10-03T23:19:18.8460510Z   * `bin` target `supervm-native-pipeline-cross-machine-sustained-soak`
Rust checks	Integrated resident core and actual original-node RPC	2026-10-03T23:19:18.8461353Z   * `bin` target `supervm-native-pipeline-memory-bisect-gate`
Rust checks	Integrated resident core and actual original-node RPC	2026-10-03T23:19:18.9980872Z ^[[1m^[[92m    Finished^[[0m `test` profile [unoptimized + debuginfo] target(s) in 0.16s
Rust checks	Integrated resident core and actual original-node RPC	2026-10-03T23:19:19.0067779Z ^[[1m^[[92m     Running^[[0m unittests src/lib.rs (target/runtime-rebuild/debug/deps/novovm_node-8ed10d0afdf94e9a)
Rust checks	Integrated resident core and actual original-node RPC	2026-10-03T23:19:19.0123030Z 
Rust checks	Integrated resident core and actual original-node RPC	2026-10-03T23:19:19.0123575Z running 1 test
Rust checks	Integrated resident core and actual original-node RPC	2026-10-03T23:19:19.9945709Z test native_pipeline::consensus::tests::resident_rpc_process::aab::actual_product_rpc_a_a_b_equivocation_recovers_with_three_honest_signers ... FAILED
Rust checks	Integrated resident core and actual original-node RPC	2026-10-03T23:19:19.9946797Z 
Rust checks	Integrated resident core and actual original-node RPC	2026-10-03T23:19:19.9947266Z failures:
Rust checks	Integrated resident core and actual original-node RPC	2026-10-03T23:19:19.9947480Z 
Rust checks	Integrated resident core and actual original-node RPC	2026-10-03T23:19:19.9948455Z ---- native_pipeline::consensus::tests::resident_rpc_process::aab::actual_product_rpc_a_a_b_equivocation_recovers_with_three_honest_signers stdout ----
Rust checks	Integrated resident core and actual original-node RPC	2026-10-03T23:19:19.9950858Z actual product A/A/B artifacts=/home/runner/work/supervm/supervm/crates/novovm-node/../../target/resident-rpc-aab-tests/13840-1791069559012492920
Rust checks	Integrated resident core and actual original-node RPC	2026-10-03T23:19:19.9952611Z product relay connection closed: peer closed connection without sending TLS close_notify: https://docs.rs/rustls/latest/rustls/manual/_03_howto/index.html#unexpected-eof
Rust checks	Integrated resident core and actual original-node RPC	2026-10-03T23:19:19.9954544Z product relay connection closed: peer closed connection without sending TLS close_notify: https://docs.rs/rustls/latest/rustls/manual/_03_howto/index.html#unexpected-eof
Rust checks	Integrated resident core and actual original-node RPC	2026-10-03T23:19:19.9955746Z product relay connection closed: peer closed connection without sending TLS close_notify: https://docs.rs/rustls/latest/rustls/manual/_03_howto/index.html#unexpected-eof
Rust checks	Integrated resident core and actual original-node RPC	2026-10-03T23:19:19.9956934Z product relay connection closed: peer closed connection without sending TLS close_notify: https://docs.rs/rustls/latest/rustls/manual/_03_howto/index.html#unexpected-eof
Rust checks	Integrated resident core and actual original-node RPC	2026-10-03T23:19:19.9957758Z product relay stopped: reason=external_request elapsed_ms=975
Rust checks	Integrated resident core and actual original-node RPC	2026-10-03T23:19:19.9958530Z actual product A/A/B report=/home/runner/work/supervm/supervm/crates/novovm-node/../../target/resident-rpc-aab-tests/13840-1791069559012492920/result.json
Rust checks	Integrated resident core and actual original-node RPC	2026-10-03T23:19:19.9959242Z Error: network status busy or poisoned
Rust checks	Integrated resident core and actual original-node RPC	2026-10-03T23:19:19.9959441Z 
Rust checks	Integrated resident core and actual original-node RPC	2026-10-03T23:19:19.9959447Z 
Rust checks	Integrated resident core and actual original-node RPC	2026-10-03T23:19:19.9959526Z failures:
Rust checks	Integrated resident core and actual original-node RPC	2026-10-03T23:19:19.9960083Z     native_pipeline::consensus::tests::resident_rpc_process::aab::actual_product_rpc_a_a_b_equivocation_recovers_with_three_honest_signers
Rust checks	Integrated resident core and actual original-node RPC	2026-10-03T23:19:19.9960608Z 
Rust checks	Integrated resident core and actual original-node RPC	2026-10-03T23:19:19.9960892Z test result: FAILED. 0 passed; 1 failed; 0 ignored; 0 measured; 1528 filtered out; finished in 0.98s
Rust checks	Integrated resident core and actual original-node RPC	2026-10-03T23:19:19.9961529Z 
Rust checks	Integrated resident core and actual original-node RPC	2026-10-03T23:19:19.9977466Z ^[[1m^[[91merror^[[0m: test failed, to rerun pass `-p novovm-node --lib`
Rust checks	Integrated resident core and actual original-node RPC	2026-10-03T23:19:20.0051442Z ##[error]Process completed with exit code 101.
Rust checks	Upload native pipeline artifact	﻿2026-10-03T23:19:20.6634284Z ##[group]Run actions/upload-artifact@v4
Rust checks	Upload native pipeline artifact	2026-10-03T23:19:20.6634860Z with:
Rust checks	Upload native pipeline artifact	2026-10-03T23:19:20.6635277Z   name: supervm-native-pipeline-dual-node-gate
Rust checks	Upload native pipeline artifact	2026-10-03T23:19:20.6636975Z   path: artifacts/native-pipeline/native-pipeline-dual-node-gate-report.json
Rust checks	Upload native pipeline artifact	artifacts/native-pipeline/native-pipeline-dual-node-gate-report.json.evidence-*/*.log
Rust checks	Upload native pipeline artifact	
Rust checks	Upload native pipeline artifact	2026-10-03T23:19:20.6638417Z   if-no-files-found: error
Rust checks	Upload native pipeline artifact	2026-10-03T23:19:20.6638838Z   compression-level: 6
Rust checks	Upload native pipeline artifact	2026-10-03T23:19:20.6639212Z   overwrite: false
Rust checks	Upload native pipeline artifact	2026-10-03T23:19:20.6639576Z   include-hidden-files: false
Rust checks	Upload native pipeline artifact	2026-10-03T23:19:20.6639979Z env:
Rust checks	Upload native pipeline artifact	2026-10-03T23:19:20.6640307Z   CARGO_HOME: /home/runner/.cargo
Rust checks	Upload native pipeline artifact	2026-10-03T23:19:20.6640766Z   CARGO_INCREMENTAL: 0
Rust checks	Upload native pipeline artifact	2026-10-03T23:19:20.6641146Z   CARGO_TERM_COLOR: always
Rust checks	Upload native pipeline artifact	2026-10-03T23:19:20.6641546Z   CACHE_ON_FAILURE: false
Rust checks	Upload native pipeline artifact	2026-10-03T23:19:20.6641921Z ##[endgroup]
Rust checks	Upload native pipeline artifact	2026-10-03T23:19:20.8584134Z (node:14118) [DEP0040] DeprecationWarning: The `punycode` module is deprecated. Please use a userland alternative instead.
Rust checks	Upload native pipeline artifact	2026-10-03T23:19:20.8586009Z (Use `node --trace-deprecation ...` to show where the warning was created)
Rust checks	Upload native pipeline artifact	2026-10-03T23:19:20.8612273Z ##[error]No files were found with the provided path: artifacts/native-pipeline/native-pipeline-dual-node-gate-report.json
Rust checks	Upload native pipeline artifact	artifacts/native-pipeline/native-pipeline-dual-node-gate-report.json.evidence-*/*.log. No artifacts will be uploaded.
