"original_path","before_mode","before_oid","isolation_change","isolation_original_oid","isolation_archive_path","isolation_archive_oid","current_original_oid","current_archive_oid","current_worktree_source","current_worktree_sha256","planned_destination","planned_content_source","proposed_action","local_or_later_conflicts","later_original_change","approval"
".cargo/config.toml","100644","b309cdec37d110ec0ba857e05b46ba9ffbfe6202","isolation_edit_in_place","ddcf8cad316648b29b6fa25fb9ef667bba6b21f2",,"","ddcf8cad316648b29b6fa25fb9ef667bba6b21f2","",".cargo/config.toml","0B2BE9A9BB99D8A4350FE36EBECFDC04E0C8D7D92D203EB2D812A34792420069",".cargo/config.toml","isolation-hunk review required; preserve current later changes","review_isolation_hunk_preserve_later_changes","","False","PENDING_USER_REVIEW"
".gitattributes","100644","4f5c6ca35f0aa62cc01f96e4c92de47018caeb84","unchanged_by_isolation","4f5c6ca35f0aa62cc01f96e4c92de47018caeb84",,"","4f5c6ca35f0aa62cc01f96e4c92de47018caeb84","",".gitattributes","011F4FDFC717C3B03D72889FA707E92198FF2EA03424A5E179DA7172738C1C8C",".gitattributes","retain current worktree and post-isolation changes","retain_current_original_path","","False","PENDING_USER_REVIEW"
".github/copilot-instructions.md","100644","4dc4da053b4ed22d55bb809bb2d6f703a9dad51e","unchanged_by_isolation","4dc4da053b4ed22d55bb809bb2d6f703a9dad51e",,"","4dc4da053b4ed22d55bb809bb2d6f703a9dad51e","",".github/copilot-instructions.md","0FF6A57EE81722B9E3A9882155CE351C57818A19B1FF0ADD513632F6B44B4A0A",".github/copilot-instructions.md","retain current worktree and post-isolation changes","retain_current_original_path","","False","PENDING_USER_REVIEW"
".github/pull_request_template.md","100644","88c8c6ca945cab858d5cda24442dcb5b545ab128","unchanged_by_isolation","88c8c6ca945cab858d5cda24442dcb5b545ab128",,"","88c8c6ca945cab858d5cda24442dcb5b545ab128","",".github/pull_request_template.md","3F362F5B6B2683D2F47EA5868B1FF464B2283C9AD1D72F7895043657C0B21736",".github/pull_request_template.md","retain current worktree and post-isolation changes","retain_current_original_path","","False","PENDING_USER_REVIEW"
".github/workflows/ci.yml","100644","5762e700e00814426805456f43081ffff79c6f17","archived_original_and_replaced_root","ce401b65f64509332b554f7a12950b27a18a5f1e","legacy/supervm-20261002/.github/workflows/ci.yml","5762e700e00814426805456f43081ffff79c6f17","932a9ae5d7f3c06b5fc31b1cf433732b8d851cb8","5762e700e00814426805456f43081ffff79c6f17","legacy/supervm-20261002/.github/workflows/ci.yml","D38354BF6EC3B1BFCC3E054B331EE1F112724BD6C369FF43909135AA95350DFA",".github/workflows/ci.yml","isolation-hunk review required; preserve current later changes","review_root_assembly_preserve_later_changes","original_destination_occupied","True","PENDING_USER_REVIEW"
".github/workflows/mainline-nightly-soak.yml","100644","76e02dc3692e307cf1a06bec1d3c9ec6956a3e0d","pure_relocation","","legacy/supervm-20261002/.github/workflows/mainline-nightly-soak.yml","76e02dc3692e307cf1a06bec1d3c9ec6956a3e0d","","76e02dc3692e307cf1a06bec1d3c9ec6956a3e0d","legacy/supervm-20261002/.github/workflows/mainline-nightly-soak.yml","B9AB6FDF311A902758934F6A4293306BA808B3E9FB8BD3587916BB82E3E35AA8",".github/workflows/mainline-nightly-soak.yml","before Git object; local drafts preserved separately, no overwrite","restore_identical_tree_to_original_path","","False","PENDING_USER_REVIEW"
".github/workflows/native-auth-relation.yml","100644","bef7842d02586821eb31e26b7dde03ff1e094e94","pure_relocation","","legacy/supervm-20261002/.github/workflows/native-auth-relation.yml","bef7842d02586821eb31e26b7dde03ff1e094e94","","bef7842d02586821eb31e26b7dde03ff1e094e94","legacy/supervm-20261002/.github/workflows/native-auth-relation.yml","A8DF337833A16BB85A0841E47A01D8BAAA59FFCB802F85E7F22E2D8CE9E46EDB",".github/workflows/native-auth-relation.yml","before Git object; local drafts preserved separately, no overwrite","restore_identical_tree_to_original_path","","False","PENDING_USER_REVIEW"
".gitignore","100644","04f792a73be07bd1d797aa1ba0fe57d0598553ee","unchanged_by_isolation","04f792a73be07bd1d797aa1ba0fe57d0598553ee",,"","04f792a73be07bd1d797aa1ba0fe57d0598553ee","",".gitignore","05167C9E42136C47F21837645CC4ABDF0D380B6B52E88964AA85CFAC388831AA",".gitignore","retain current worktree and post-isolation changes","retain_current_original_path","","False","PENDING_USER_REVIEW"
"AGENTS.md","100644","3d3b5daf19334b9606b4cba3ee2f32723d3b5caf","isolation_edit_in_place","e8c0747b209c3e4dc76ba82997ce82bba4878202",,"","6d14a059abd5a58cce64ba341ced7645140f2d39","","AGENTS.md","7609EFD0879DE018986B8BC0C457BECA6013AC88734FA742959D7A6289EB7BAD","AGENTS.md","isolation-hunk review required; preserve current later changes","review_isolation_hunk_preserve_later_changes","","True","PENDING_USER_REVIEW"
"aoem/acceptance/worker-contract-acceptance.json","100644","f2b1af37f1f122a36623175dc68a9dacb5dbd3a9","unchanged_by_isolation","f2b1af37f1f122a36623175dc68a9dacb5dbd3a9",,"","f2b1af37f1f122a36623175dc68a9dacb5dbd3a9","","aoem/acceptance/worker-contract-acceptance.json","9618E3506383BE8F2F10385F4F3EBEE3B258F51BDDD50FC9B6652AC64A26E9D1","aoem/acceptance/worker-contract-acceptance.json","retain current worktree and post-isolation changes","retain_current_original_path","","False","PENDING_USER_REVIEW"
"aoem/aoem-sdk-manifest.json","100644","8b57d959be56525dcce5786d0240aa1206caeb3f","unchanged_by_isolation","8b57d959be56525dcce5786d0240aa1206caeb3f",,"","8b57d959be56525dcce5786d0240aa1206caeb3f","","aoem/aoem-sdk-manifest.json","DAE4EDE6E7C672F03B05D9525510C8BE437229465FA5B357C27D708A95CF61D0","aoem/aoem-sdk-manifest.json","retain current worktree and post-isolation changes","retain_current_original_path","","False","PENDING_USER_REVIEW"
"aoem/bin/linux-x86_64/aoem-proof-worker","100644","2b6fc3b3b6a8e8864166300e2783a21926957e96","unchanged_by_isolation","2b6fc3b3b6a8e8864166300e2783a21926957e96",,"","2b6fc3b3b6a8e8864166300e2783a21926957e96","","aoem/bin/linux-x86_64/aoem-proof-worker","3ED735496DAA803DAD5AD4C909432116D80EDFA9AE981177FEF7E69119CA69DC","aoem/bin/linux-x86_64/aoem-proof-worker","retain current worktree and post-isolation changes","retain_current_original_path","","False","PENDING_USER_REVIEW"
"aoem/bin/windows-x86_64/aoem-proof-worker.exe","100644","e148e55533a0daca0712e64dc4e2b343a1a7cdf3","unchanged_by_isolation","e148e55533a0daca0712e64dc4e2b343a1a7cdf3",,"","e148e55533a0daca0712e64dc4e2b343a1a7cdf3","","aoem/bin/windows-x86_64/aoem-proof-worker.exe","BAFE3A68ECC8189DAE1AB4E6405AD56DE285007F99F4E5FBEB6ED5AA94101479","aoem/bin/windows-x86_64/aoem-proof-worker.exe","retain current worktree and post-isolation changes","retain_current_original_path","","False","PENDING_USER_REVIEW"
"aoem/CHECKSUMS.sha256","100644","390e84cae56f8c8d1c9832c2afb769c00d8a426a","unchanged_by_isolation","390e84cae56f8c8d1c9832c2afb769c00d8a426a",,"","390e84cae56f8c8d1c9832c2afb769c00d8a426a","","aoem/CHECKSUMS.sha256","202E006C7CD4C870EE9771A3FD9F2BB63786F8E63173EC722B1A39FDF309D261","aoem/CHECKSUMS.sha256","retain current worktree and post-isolation changes","retain_current_original_path","","False","PENDING_USER_REVIEW"
"aoem/config/aoem-runtime-profile.json","100644","edb6318c9418d47d6d003bd6e3d2137ee4443ede","unchanged_by_isolation","edb6318c9418d47d6d003bd6e3d2137ee4443ede",,"","edb6318c9418d47d6d003bd6e3d2137ee4443ede","","aoem/config/aoem-runtime-profile.json","C7AA38F47430E01376BE25DA268E556AAACB7EA81821418E54D8FA160B5FDD42","aoem/config/aoem-runtime-profile.json","retain current worktree and post-isolation changes","retain_current_original_path","","False","PENDING_USER_REVIEW"
"aoem/docs/compute-native-proof-v1.0-quickstart.md","100644","e59622e237100beb441ada1faed2c5ff672f0cde","unchanged_by_isolation","e59622e237100beb441ada1faed2c5ff672f0cde",,"","e59622e237100beb441ada1faed2c5ff672f0cde","","aoem/docs/compute-native-proof-v1.0-quickstart.md","DB5AF3373D1B6B0FCC89D9EF9D6B0E595B7B501B7D0A0AF59FED847D7785AB6D","aoem/docs/compute-native-proof-v1.0-quickstart.md","retain current worktree and post-isolation changes","retain_current_original_path","","False","PENDING_USER_REVIEW"
"aoem/docs/confidential-transfer-v1.md","100644","ca037d28b7315d51262d6d5659f6001b3f7c38c1","unchanged_by_isolation","ca037d28b7315d51262d6d5659f6001b3f7c38c1",,"","ca037d28b7315d51262d6d5659f6001b3f7c38c1","","aoem/docs/confidential-transfer-v1.md","CFC43C0A6CBB5C168C319BECB05641B5AA6862701590085284E5ABD7E349BD0F","aoem/docs/confidential-transfer-v1.md","retain current worktree and post-isolation changes","retain_current_original_path","","False","PENDING_USER_REVIEW"
"aoem/docs/embedded-mode.md","100644","6d3cf1767d1566690ad475a46a667e05b6053939","unchanged_by_isolation","6d3cf1767d1566690ad475a46a667e05b6053939",,"","6d3cf1767d1566690ad475a46a667e05b6053939","","aoem/docs/embedded-mode.md","308DA8461ED51E0AC75486727902D0583411D28428D2418EDE4C86ABFD51625D","aoem/docs/embedded-mode.md","retain current worktree and post-isolation changes","retain_current_original_path","","False","PENDING_USER_REVIEW"
"aoem/docs/host-integration-guide.md","100644","737cea2fc54b42968a87340c7aaacefe80abb40e","unchanged_by_isolation","737cea2fc54b42968a87340c7aaacefe80abb40e",,"","737cea2fc54b42968a87340c7aaacefe80abb40e","","aoem/docs/host-integration-guide.md","17AB5B15DDE7F3B838B4EC30EAC0A37FDC2CE37BA11FC0529869570ACEBF63A2","aoem/docs/host-integration-guide.md","retain current worktree and post-isolation changes","retain_current_original_path","","False","PENDING_USER_REVIEW"
"aoem/docs/proof-engine-v1.0-contract.md","100644","158f19e3bdfb7edefc8f2008b3300d86776f2641","unchanged_by_isolation","158f19e3bdfb7edefc8f2008b3300d86776f2641",,"","158f19e3bdfb7edefc8f2008b3300d86776f2641","","aoem/docs/proof-engine-v1.0-contract.md","F3AD6B1F8A5B2FE6E9C704E2F32FC4AC4FFB27E480E6A536178E23A3CB6CCA56","aoem/docs/proof-engine-v1.0-contract.md","retain current worktree and post-isolation changes","retain_current_original_path","","False","PENDING_USER_REVIEW"
"aoem/docs/worker-adapter-mode.md","100644","59f42aa4ed49564d5279e58ac2fe5877d6743764","unchanged_by_isolation","59f42aa4ed49564d5279e58ac2fe5877d6743764",,"","59f42aa4ed49564d5279e58ac2fe5877d6743764","","aoem/docs/worker-adapter-mode.md","8D41D3EED8AD4E60E0ABBE251F11DEF2B661FB84D0E555A30FE166AC2416F61A","aoem/docs/worker-adapter-mode.md","retain current worktree and post-isolation changes","retain_current_original_path","","False","PENDING_USER_REVIEW"
"aoem/examples/aoem_proof_worker.c","100644","7c6536a1c86710e36a759b989e64e3c94e6a1a0a","unchanged_by_isolation","7c6536a1c86710e36a759b989e64e3c94e6a1a0a",,"","7c6536a1c86710e36a759b989e64e3c94e6a1a0a","","aoem/examples/aoem_proof_worker.c","74EE68DE52A0020F9160C1FD2854446AFD2715728AF9D09CD259BC60482F2D6E","aoem/examples/aoem_proof_worker.c","retain current worktree and post-isolation changes","retain_current_original_path","","False","PENDING_USER_REVIEW"
"aoem/examples/hosted_confidential_transfer_smoke.c","100644","a5f7064ef769bd43642d966fb0b91d18d7f3a485","unchanged_by_isolation","a5f7064ef769bd43642d966fb0b91d18d7f3a485",,"","a5f7064ef769bd43642d966fb0b91d18d7f3a485","","aoem/examples/hosted_confidential_transfer_smoke.c","4556EC6FAC70DCB844D6D65D327B64244300B9DE31EC19CCE0AE7C301CC7BF00","aoem/examples/hosted_confidential_transfer_smoke.c","retain current worktree and post-isolation changes","retain_current_original_path","","False","PENDING_USER_REVIEW"
"aoem/examples/hosted_resident_proof_service.c","100644","82e8a448c82d8dc5930043a8ffb111ef18aba87c","unchanged_by_isolation","82e8a448c82d8dc5930043a8ffb111ef18aba87c",,"","82e8a448c82d8dc5930043a8ffb111ef18aba87c","","aoem/examples/hosted_resident_proof_service.c","0FA5BC87130891A5D054A22652B019CAB9EE92583E76B96BC60A8C59742A2DFF","aoem/examples/hosted_resident_proof_service.c","retain current worktree and post-isolation changes","retain_current_original_path","","False","PENDING_USER_REVIEW"
"aoem/examples/hosted_resident_proof_smoke.c","100644","c005f5b14042e98d38287c784b0dd913bbb30501","unchanged_by_isolation","c005f5b14042e98d38287c784b0dd913bbb30501",,"","c005f5b14042e98d38287c784b0dd913bbb30501","","aoem/examples/hosted_resident_proof_smoke.c","4188B3F6360BB0A9E2203734A60A98158112D953C997A05A159A81DB23347260","aoem/examples/hosted_resident_proof_smoke.c","retain current worktree and post-isolation changes","retain_current_original_path","","False","PENDING_USER_REVIEW"
"aoem/examples/hosted_resident_proof_verify.c","100644","8936173beac6462d319b369dcb50b1aff6f3403a","unchanged_by_isolation","8936173beac6462d319b369dcb50b1aff6f3403a",,"","8936173beac6462d319b369dcb50b1aff6f3403a","","aoem/examples/hosted_resident_proof_verify.c","8AAE864A1FEF8F28A60E4F3AF9AF578FF525924767D0AF9DE241CF2A634B82C0","aoem/examples/hosted_resident_proof_verify.c","retain current worktree and post-isolation changes","retain_current_original_path","","False","PENDING_USER_REVIEW"
"aoem/host-integration/embedded_asset_lifecycle_host.c","100644","661c895113cf11d2f20a7f4e2a826ac13ab6f3b5","unchanged_by_isolation","661c895113cf11d2f20a7f4e2a826ac13ab6f3b5",,"","661c895113cf11d2f20a7f4e2a826ac13ab6f3b5","","aoem/host-integration/embedded_asset_lifecycle_host.c","C112E1D971F8C13E73F4DB95B91036A41D9B1C1F62E7FED677F83219F8C09108","aoem/host-integration/embedded_asset_lifecycle_host.c","retain current worktree and post-isolation changes","retain_current_original_path","","False","PENDING_USER_REVIEW"
"aoem/host-integration/embedded_batch_proof_host.c","100644","fb62fb3488a5d8553480ee547c459333849c468a","unchanged_by_isolation","fb62fb3488a5d8553480ee547c459333849c468a",,"","fb62fb3488a5d8553480ee547c459333849c468a","","aoem/host-integration/embedded_batch_proof_host.c","0054E979FC5C410E4874F1989311931BF8E6A43D8D10BF17EB34EFFA2A750AC8","aoem/host-integration/embedded_batch_proof_host.c","retain current worktree and post-isolation changes","retain_current_original_path","","False","PENDING_USER_REVIEW"
"aoem/host-integration/embedded_confidential_transfer_host.c","100644","2ae0f43e21547f9d9a6287e4532592db07350385","unchanged_by_isolation","2ae0f43e21547f9d9a6287e4532592db07350385",,"","2ae0f43e21547f9d9a6287e4532592db07350385","","aoem/host-integration/embedded_confidential_transfer_host.c","21829B62F75BC8D64BFB688328C98F3C2A9A9136AED199ACD88922539025E64A","aoem/host-integration/embedded_confidential_transfer_host.c","retain current worktree and post-isolation changes","retain_current_original_path","","False","PENDING_USER_REVIEW"
"aoem/host-integration/embedded_proof_host.c","100644","c005f5b14042e98d38287c784b0dd913bbb30501","unchanged_by_isolation","c005f5b14042e98d38287c784b0dd913bbb30501",,"","c005f5b14042e98d38287c784b0dd913bbb30501","","aoem/host-integration/embedded_proof_host.c","4188B3F6360BB0A9E2203734A60A98158112D953C997A05A159A81DB23347260","aoem/host-integration/embedded_proof_host.c","retain current worktree and post-isolation changes","retain_current_original_path","","False","PENDING_USER_REVIEW"
"aoem/host-integration/README.md","100644","c804531ab4736083a5a4c4604d49b50b7ade2ec3","unchanged_by_isolation","c804531ab4736083a5a4c4604d49b50b7ade2ec3",,"","c804531ab4736083a5a4c4604d49b50b7ade2ec3","","aoem/host-integration/README.md","F62333F30704F5B4E3575A59733CD13291A18C21A450FDE7EB85EB87EFD9D927","aoem/host-integration/README.md","retain current worktree and post-isolation changes","retain_current_original_path","","False","PENDING_USER_REVIEW"
"aoem/INSTALL-INFO.txt","100644","140fa189daaab0cf396a9f60892e8ace4a04d424","unchanged_by_isolation","140fa189daaab0cf396a9f60892e8ace4a04d424",,"","140fa189daaab0cf396a9f60892e8ace4a04d424","","aoem/INSTALL-INFO.txt","6AD0FC7A0EE11AAFD56745E19E2B56F61C45A980AAB92C962BFC8964510B88A5","aoem/INSTALL-INFO.txt","retain current worktree and post-isolation changes","retain_current_original_path","","False","PENDING_USER_REVIEW"
"aoem/license.json.example","100644","35bd22788458282266eb5641229c512c5f582bf9","unchanged_by_isolation","35bd22788458282266eb5641229c512c5f582bf9",,"","35bd22788458282266eb5641229c512c5f582bf9","","aoem/license.json.example","757FAF8A50B68D244FEC24357E8FCE5BE1B4EDB411FD2DD2622418C51672B9B8","aoem/license.json.example","retain current worktree and post-isolation changes","retain_current_original_path","","False","PENDING_USER_REVIEW"
"aoem/licenses/mldsa-native/LICENSE","100644","85aabdecaabae5367d7c88ed271af4eb9e7a4f9f","unchanged_by_isolation","85aabdecaabae5367d7c88ed271af4eb9e7a4f9f",,"","85aabdecaabae5367d7c88ed271af4eb9e7a4f9f","","aoem/licenses/mldsa-native/LICENSE","22F7173776D0A36D3F13EC1F45D51E0502E67D17E384BDDF39690D833974FF93","aoem/licenses/mldsa-native/LICENSE","retain current worktree and post-isolation changes","retain_current_original_path","","False","PENDING_USER_REVIEW"
"aoem/licenses/mldsa-native/UPSTREAM.txt","100644","04d9a278631c09debd864e9baf30442ca9e99c4d","unchanged_by_isolation","04d9a278631c09debd864e9baf30442ca9e99c4d",,"","04d9a278631c09debd864e9baf30442ca9e99c4d","","aoem/licenses/mldsa-native/UPSTREAM.txt","3C1DEA925FD5DECDAA775447E39BA67F655ED95F7E156C8B734BB956AABBF394","aoem/licenses/mldsa-native/UPSTREAM.txt","retain current worktree and post-isolation changes","retain_current_original_path","","False","PENDING_USER_REVIEW"
"aoem/linux/ai-sgm-infer-wire-v1-capability.json","100644","63e5a4cd5f16055acf2cf341482335ce035f3859","unchanged_by_isolation","63e5a4cd5f16055acf2cf341482335ce035f3859",,"","63e5a4cd5f16055acf2cf341482335ce035f3859","","aoem/linux/ai-sgm-infer-wire-v1-capability.json","E94637087F65F2AD4989C912EFFC1F37D23362A3BA22CECFC83DA17C8B1E4C58","aoem/linux/ai-sgm-infer-wire-v1-capability.json","retain current worktree and post-isolation changes","retain_current_original_path","","False","PENDING_USER_REVIEW"
"aoem/linux/CHECKSUMS.sha256","100644","95049e7a5d0529231a22741922c14a4e96f05032","unchanged_by_isolation","95049e7a5d0529231a22741922c14a4e96f05032",,"","95049e7a5d0529231a22741922c14a4e96f05032","","aoem/linux/CHECKSUMS.sha256","51769F718ACCC1CB359F26988C686F8776A78D165DFE4B9BDD3989AD42B494F2","aoem/linux/CHECKSUMS.sha256","retain current worktree and post-isolation changes","retain_current_original_path","","False","PENDING_USER_REVIEW"
"aoem/linux/config/aoem-runtime-profile.json","100644","edb6318c9418d47d6d003bd6e3d2137ee4443ede","unchanged_by_isolation","edb6318c9418d47d6d003bd6e3d2137ee4443ede",,"","edb6318c9418d47d6d003bd6e3d2137ee4443ede","","aoem/linux/config/aoem-runtime-profile.json","C7AA38F47430E01376BE25DA268E556AAACB7EA81821418E54D8FA160B5FDD42","aoem/linux/config/aoem-runtime-profile.json","retain current worktree and post-isolation changes","retain_current_original_path","","False","PENDING_USER_REVIEW"
"aoem/linux/core/bin/libaoem_ffi.so","100644","301f6de264cc329a6f66b565de2216af04021893","unchanged_by_isolation","301f6de264cc329a6f66b565de2216af04021893",,"","301f6de264cc329a6f66b565de2216af04021893","","aoem/linux/core/bin/libaoem_ffi.so","88C3E7888256C6C024B0BD2AA013A75E5B51463B41B314E412A66DC5B8043675","aoem/linux/core/bin/libaoem_ffi.so","retain current worktree and post-isolation changes","retain_current_original_path","","False","PENDING_USER_REVIEW"
"aoem/linux/core/plugins/libaoem_ffi_crypto_hsm.so","100644","7831fb2bfc87d7c09340e75ac7de54e1b7b02947","unchanged_by_isolation","7831fb2bfc87d7c09340e75ac7de54e1b7b02947",,"","7831fb2bfc87d7c09340e75ac7de54e1b7b02947","","aoem/linux/core/plugins/libaoem_ffi_crypto_hsm.so","88E4DA13DA934FA50129F2E16E4852B3DE7982AF75FB71745762A79B41556E4C","aoem/linux/core/plugins/libaoem_ffi_crypto_hsm.so","retain current worktree and post-isolation changes","retain_current_original_path","","False","PENDING_USER_REVIEW"
"aoem/linux/core/plugins/libaoem_ffi_crypto_kms.so","100644","7831fb2bfc87d7c09340e75ac7de54e1b7b02947","unchanged_by_isolation","7831fb2bfc87d7c09340e75ac7de54e1b7b02947",,"","7831fb2bfc87d7c09340e75ac7de54e1b7b02947","","aoem/linux/core/plugins/libaoem_ffi_crypto_kms.so","88E4DA13DA934FA50129F2E16E4852B3DE7982AF75FB71745762A79B41556E4C","aoem/linux/core/plugins/libaoem_ffi_crypto_kms.so","retain current worktree and post-isolation changes","retain_current_original_path","","False","PENDING_USER_REVIEW"
"aoem/linux/core/plugins/libaoem_ffi_crypto_mldsa.so","100644","075eaa2e496c1a2c39319d92ca7332696e676f26","unchanged_by_isolation","075eaa2e496c1a2c39319d92ca7332696e676f26",,"","075eaa2e496c1a2c39319d92ca7332696e676f26","","aoem/linux/core/plugins/libaoem_ffi_crypto_mldsa.so","383FA21489EDF270047C3496CCB7B5149F7A7143C19D1E00698681F542AE4A35","aoem/linux/core/plugins/libaoem_ffi_crypto_mldsa.so","retain current worktree and post-isolation changes","retain_current_original_path","","False","PENDING_USER_REVIEW"
"aoem/linux/core/plugins/libaoem_ffi_hsm.so","100644","7831fb2bfc87d7c09340e75ac7de54e1b7b02947","unchanged_by_isolation","7831fb2bfc87d7c09340e75ac7de54e1b7b02947",,"","7831fb2bfc87d7c09340e75ac7de54e1b7b02947","","aoem/linux/core/plugins/libaoem_ffi_hsm.so","88E4DA13DA934FA50129F2E16E4852B3DE7982AF75FB71745762A79B41556E4C","aoem/linux/core/plugins/libaoem_ffi_hsm.so","retain current worktree and post-isolation changes","retain_current_original_path","","False","PENDING_USER_REVIEW"
"aoem/linux/core/plugins/libaoem_ffi_kms.so","100644","7831fb2bfc87d7c09340e75ac7de54e1b7b02947","unchanged_by_isolation","7831fb2bfc87d7c09340e75ac7de54e1b7b02947",,"","7831fb2bfc87d7c09340e75ac7de54e1b7b02947","","aoem/linux/core/plugins/libaoem_ffi_kms.so","88E4DA13DA934FA50129F2E16E4852B3DE7982AF75FB71745762A79B41556E4C","aoem/linux/core/plugins/libaoem_ffi_kms.so","retain current worktree and post-isolation changes","retain_current_original_path","","False","PENDING_USER_REVIEW"
"aoem/linux/core/plugins/libaoem_ffi_mldsa.so","100644","075eaa2e496c1a2c39319d92ca7332696e676f26","unchanged_by_isolation","075eaa2e496c1a2c39319d92ca7332696e676f26",,"","075eaa2e496c1a2c39319d92ca7332696e676f26","","aoem/linux/core/plugins/libaoem_ffi_mldsa.so","383FA21489EDF270047C3496CCB7B5149F7A7143C19D1E00698681F542AE4A35","aoem/linux/core/plugins/libaoem_ffi_mldsa.so","retain current worktree and post-isolation changes","retain_current_original_path","","False","PENDING_USER_REVIEW"
"aoem/linux/core/plugins/libaoem_ffi_persist_rocksdb.so","100644","62cb11d259dc5403685d3fcdda907c55909a1b75","unchanged_by_isolation","62cb11d259dc5403685d3fcdda907c55909a1b75",,"","62cb11d259dc5403685d3fcdda907c55909a1b75","","aoem/linux/core/plugins/libaoem_ffi_persist_rocksdb.so","6639C3BFDAF04AFB90D092962D527510DED68F218BE64D8BD94935AC1DBA58F9","aoem/linux/core/plugins/libaoem_ffi_persist_rocksdb.so","retain current worktree and post-isolation changes","retain_current_original_path","","False","PENDING_USER_REVIEW"
"aoem/linux/core/plugins/libaoem_ffi_persist.so","100644","62cb11d259dc5403685d3fcdda907c55909a1b75","unchanged_by_isolation","62cb11d259dc5403685d3fcdda907c55909a1b75",,"","62cb11d259dc5403685d3fcdda907c55909a1b75","","aoem/linux/core/plugins/libaoem_ffi_persist.so","6639C3BFDAF04AFB90D092962D527510DED68F218BE64D8BD94935AC1DBA58F9","aoem/linux/core/plugins/libaoem_ffi_persist.so","retain current worktree and post-isolation changes","retain_current_original_path","","False","PENDING_USER_REVIEW"
"aoem/linux/core/plugins/libaoem_ffi_runtime_wasm_wasmtime.so","100644","99a8ac5c4f9c686e9a29d33bba561f6811dba5a9","unchanged_by_isolation","99a8ac5c4f9c686e9a29d33bba561f6811dba5a9",,"","99a8ac5c4f9c686e9a29d33bba561f6811dba5a9","","aoem/linux/core/plugins/libaoem_ffi_runtime_wasm_wasmtime.so","BF4C49835CC3366985837317CC1181FBB949AA05013CB1102C73E451CF8B56FB","aoem/linux/core/plugins/libaoem_ffi_runtime_wasm_wasmtime.so","retain current worktree and post-isolation changes","retain_current_original_path","","False","PENDING_USER_REVIEW"
"aoem/linux/core/plugins/libaoem_ffi_wasm.so","100644","99a8ac5c4f9c686e9a29d33bba561f6811dba5a9","unchanged_by_isolation","99a8ac5c4f9c686e9a29d33bba561f6811dba5a9",,"","99a8ac5c4f9c686e9a29d33bba561f6811dba5a9","","aoem/linux/core/plugins/libaoem_ffi_wasm.so","BF4C49835CC3366985837317CC1181FBB949AA05013CB1102C73E451CF8B56FB","aoem/linux/core/plugins/libaoem_ffi_wasm.so","retain current worktree and post-isolation changes","retain_current_original_path","","False","PENDING_USER_REVIEW"
"aoem/linux/core/plugins/libaoem_ffi_zkvm_executor.so","100644","de7a8579b81ed03951eeb350eba6e54e78b2d33b","unchanged_by_isolation","de7a8579b81ed03951eeb350eba6e54e78b2d33b",,"","de7a8579b81ed03951eeb350eba6e54e78b2d33b","","aoem/linux/core/plugins/libaoem_ffi_zkvm_executor.so","C04AF4A7D4D2069DA753C51B2340DD709A5C84DD53F669130AFED1F4E7EF0123","aoem/linux/core/plugins/libaoem_ffi_zkvm_executor.so","retain current worktree and post-isolation changes","retain_current_original_path","","False","PENDING_USER_REVIEW"
"aoem/linux/core/plugins/libaoem_ffi_zkvm.so","100644","de7a8579b81ed03951eeb350eba6e54e78b2d33b","unchanged_by_isolation","de7a8579b81ed03951eeb350eba6e54e78b2d33b",,"","de7a8579b81ed03951eeb350eba6e54e78b2d33b","","aoem/linux/core/plugins/libaoem_ffi_zkvm.so","C04AF4A7D4D2069DA753C51B2340DD709A5C84DD53F669130AFED1F4E7EF0123","aoem/linux/core/plugins/libaoem_ffi_zkvm.so","retain current worktree and post-isolation changes","retain_current_original_path","","False","PENDING_USER_REVIEW"
"aoem/linux/core/plugins/libaoem_hsm_plugin.so","100644","7831fb2bfc87d7c09340e75ac7de54e1b7b02947","unchanged_by_isolation","7831fb2bfc87d7c09340e75ac7de54e1b7b02947",,"","7831fb2bfc87d7c09340e75ac7de54e1b7b02947","","aoem/linux/core/plugins/libaoem_hsm_plugin.so","88E4DA13DA934FA50129F2E16E4852B3DE7982AF75FB71745762A79B41556E4C","aoem/linux/core/plugins/libaoem_hsm_plugin.so","retain current worktree and post-isolation changes","retain_current_original_path","","False","PENDING_USER_REVIEW"
"aoem/linux/core/plugins/libaoem_kms_plugin.so","100644","7831fb2bfc87d7c09340e75ac7de54e1b7b02947","unchanged_by_isolation","7831fb2bfc87d7c09340e75ac7de54e1b7b02947",,"","7831fb2bfc87d7c09340e75ac7de54e1b7b02947","","aoem/linux/core/plugins/libaoem_kms_plugin.so","88E4DA13DA934FA50129F2E16E4852B3DE7982AF75FB71745762A79B41556E4C","aoem/linux/core/plugins/libaoem_kms_plugin.so","retain current worktree and post-isolation changes","retain_current_original_path","","False","PENDING_USER_REVIEW"
"aoem/linux/include/aoem.h","100644","f8c46be03870ef2f234d28b548c23cb3f5bf6558","unchanged_by_isolation","f8c46be03870ef2f234d28b548c23cb3f5bf6558",,"","f8c46be03870ef2f234d28b548c23cb3f5bf6558","","aoem/linux/include/aoem.h","81B199C32989BFC70772A98520693B9134EA7E390DE9DD960CA3C9F46110B84B","aoem/linux/include/aoem.h","retain current worktree and post-isolation changes","retain_current_original_path","","False","PENDING_USER_REVIEW"
"aoem/linux/kms-hsm-plugin/libaoem_ffi_crypto_hsm.so","100644","7831fb2bfc87d7c09340e75ac7de54e1b7b02947","unchanged_by_isolation","7831fb2bfc87d7c09340e75ac7de54e1b7b02947",,"","7831fb2bfc87d7c09340e75ac7de54e1b7b02947","","aoem/linux/kms-hsm-plugin/libaoem_ffi_crypto_hsm.so","88E4DA13DA934FA50129F2E16E4852B3DE7982AF75FB71745762A79B41556E4C","aoem/linux/kms-hsm-plugin/libaoem_ffi_crypto_hsm.so","retain current worktree and post-isolation changes","retain_current_original_path","","False","PENDING_USER_REVIEW"
"aoem/linux/kms-hsm-plugin/libaoem_ffi_crypto_kms.so","100644","7831fb2bfc87d7c09340e75ac7de54e1b7b02947","unchanged_by_isolation","7831fb2bfc87d7c09340e75ac7de54e1b7b02947",,"","7831fb2bfc87d7c09340e75ac7de54e1b7b02947","","aoem/linux/kms-hsm-plugin/libaoem_ffi_crypto_kms.so","88E4DA13DA934FA50129F2E16E4852B3DE7982AF75FB71745762A79B41556E4C","aoem/linux/kms-hsm-plugin/libaoem_ffi_crypto_kms.so","retain current worktree and post-isolation changes","retain_current_original_path","","False","PENDING_USER_REVIEW"
"aoem/linux/kms-hsm-plugin/libaoem_ffi_hsm.so","100644","7831fb2bfc87d7c09340e75ac7de54e1b7b02947","unchanged_by_isolation","7831fb2bfc87d7c09340e75ac7de54e1b7b02947",,"","7831fb2bfc87d7c09340e75ac7de54e1b7b02947","","aoem/linux/kms-hsm-plugin/libaoem_ffi_hsm.so","88E4DA13DA934FA50129F2E16E4852B3DE7982AF75FB71745762A79B41556E4C","aoem/linux/kms-hsm-plugin/libaoem_ffi_hsm.so","retain current worktree and post-isolation changes","retain_current_original_path","","False","PENDING_USER_REVIEW"
"aoem/linux/kms-hsm-plugin/libaoem_ffi_kms.so","100644","7831fb2bfc87d7c09340e75ac7de54e1b7b02947","unchanged_by_isolation","7831fb2bfc87d7c09340e75ac7de54e1b7b02947",,"","7831fb2bfc87d7c09340e75ac7de54e1b7b02947","","aoem/linux/kms-hsm-plugin/libaoem_ffi_kms.so","88E4DA13DA934FA50129F2E16E4852B3DE7982AF75FB71745762A79B41556E4C","aoem/linux/kms-hsm-plugin/libaoem_ffi_kms.so","retain current worktree and post-isolation changes","retain_current_original_path","","False","PENDING_USER_REVIEW"
"aoem/linux/kms-hsm-plugin/libaoem_hsm_plugin.so","100644","7831fb2bfc87d7c09340e75ac7de54e1b7b02947","unchanged_by_isolation","7831fb2bfc87d7c09340e75ac7de54e1b7b02947",,"","7831fb2bfc87d7c09340e75ac7de54e1b7b02947","","aoem/linux/kms-hsm-plugin/libaoem_hsm_plugin.so","88E4DA13DA934FA50129F2E16E4852B3DE7982AF75FB71745762A79B41556E4C","aoem/linux/kms-hsm-plugin/libaoem_hsm_plugin.so","retain current worktree and post-isolation changes","retain_current_original_path","","False","PENDING_USER_REVIEW"
"aoem/linux/kms-hsm-plugin/libaoem_kms_plugin.so","100644","7831fb2bfc87d7c09340e75ac7de54e1b7b02947","unchanged_by_isolation","7831fb2bfc87d7c09340e75ac7de54e1b7b02947",,"","7831fb2bfc87d7c09340e75ac7de54e1b7b02947","","aoem/linux/kms-hsm-plugin/libaoem_kms_plugin.so","88E4DA13DA934FA50129F2E16E4852B3DE7982AF75FB71745762A79B41556E4C","aoem/linux/kms-hsm-plugin/libaoem_kms_plugin.so","retain current worktree and post-isolation changes","retain_current_original_path","","False","PENDING_USER_REVIEW"
"aoem/linux/manifest.json","100644","485d069370e81ab3fd0ab7bc0b6df1c823c38b7b","unchanged_by_isolation","485d069370e81ab3fd0ab7bc0b6df1c823c38b7b",,"","485d069370e81ab3fd0ab7bc0b6df1c823c38b7b","","aoem/linux/manifest.json","EF447A24BF1295D8B0F5179B36B74F0A17958B48CA9645BA5A712B76BD5EB1A5","aoem/linux/manifest.json","retain current worktree and post-isolation changes","retain_current_original_path","","False","PENDING_USER_REVIEW"
"aoem/manifest/aoem-manifest.json","100644","40193d8ab508c2eb491a87436d8de362b6ce0e61","unchanged_by_isolation","40193d8ab508c2eb491a87436d8de362b6ce0e61",,"","40193d8ab508c2eb491a87436d8de362b6ce0e61","","aoem/manifest/aoem-manifest.json","25F9A1A0FD7FF30E1BF952B6BC2B18AC6AD588CCC9E275FA7BAFA4ACD454086C","aoem/manifest/aoem-manifest.json","retain current worktree and post-isolation changes","retain_current_original_path","","False","PENDING_USER_REVIEW"
"aoem/README.md","100644","466cad8b997147cb8f6a584ecd1c5a44c4affa14","unchanged_by_isolation","466cad8b997147cb8f6a584ecd1c5a44c4affa14",,"","466cad8b997147cb8f6a584ecd1c5a44c4affa14","","aoem/README.md","81C12ADEC94D4B99F26CF002D31AECC20AA3C3C1FCEA34F1549BC6B800D0B7C7","aoem/README.md","retain current worktree and post-isolation changes","retain_current_original_path","","False","PENDING_USER_REVIEW"
"aoem/RELEASE-NOTES.md","100644","24c7e2b8b37715ad66619001b1a4b02aedc57722","unchanged_by_isolation","24c7e2b8b37715ad66619001b1a4b02aedc57722",,"","24c7e2b8b37715ad66619001b1a4b02aedc57722","","aoem/RELEASE-NOTES.md","F357C758989F0DE456D577CA8235EC58A39096A728235B609601D7EC6FA9E0E2","aoem/RELEASE-NOTES.md","retain current worktree and post-isolation changes","retain_current_original_path","","False","PENDING_USER_REVIEW"
"aoem/RUNTIME-BASELINE.md","100644","32204d017859755d212b3f5dcdf67b70fe6c6ea5","unchanged_by_isolation","32204d017859755d212b3f5dcdf67b70fe6c6ea5",,"","32204d017859755d212b3f5dcdf67b70fe6c6ea5","","aoem/RUNTIME-BASELINE.md","DA96CEE3EFC08A6072FA5B339F806F6AA08C82CA01709B8A3870573234685642","aoem/RUNTIME-BASELINE.md","retain current worktree and post-isolation changes","retain_current_original_path","","False","PENDING_USER_REVIEW"
"aoem/schemas/proof_job.schema.json","100644","1f3a7c2c6d9df2c79d2f771eb7530e0bf85bc7b3","unchanged_by_isolation","1f3a7c2c6d9df2c79d2f771eb7530e0bf85bc7b3",,"","1f3a7c2c6d9df2c79d2f771eb7530e0bf85bc7b3","","aoem/schemas/proof_job.schema.json","0838F672392DC6757556B31DA616E86DFC1B075393CC08A1D7AEE106B9C4531D","aoem/schemas/proof_job.schema.json","retain current worktree and post-isolation changes","retain_current_original_path","","False","PENDING_USER_REVIEW"
"aoem/schemas/proof_profiles.json","100644","f2f143d026d4f5ddd19a668eb11e17ea9405b2cf","unchanged_by_isolation","f2f143d026d4f5ddd19a668eb11e17ea9405b2cf",,"","f2f143d026d4f5ddd19a668eb11e17ea9405b2cf","","aoem/schemas/proof_profiles.json","45681874982F128F2DC1FF59AB07251B90718B1FDAF6005F3B9274D9A0B0A235","aoem/schemas/proof_profiles.json","retain current worktree and post-isolation changes","retain_current_original_path","","False","PENDING_USER_REVIEW"
"aoem/schemas/proof_result.schema.json","100644","c811203e8a83ff2c38d2e44febfd36d443b5c768","unchanged_by_isolation","c811203e8a83ff2c38d2e44febfd36d443b5c768",,"","c811203e8a83ff2c38d2e44febfd36d443b5c768","","aoem/schemas/proof_result.schema.json","28D02821C63C774D219203AC4ED0D45D7091601EE29389DA22A84208F68681D8","aoem/schemas/proof_result.schema.json","retain current worktree and post-isolation changes","retain_current_original_path","","False","PENDING_USER_REVIEW"
"aoem/windows/ai-sgm-infer-wire-v1-capability.json","100644","63e5a4cd5f16055acf2cf341482335ce035f3859","unchanged_by_isolation","63e5a4cd5f16055acf2cf341482335ce035f3859",,"","63e5a4cd5f16055acf2cf341482335ce035f3859","","aoem/windows/ai-sgm-infer-wire-v1-capability.json","E94637087F65F2AD4989C912EFFC1F37D23362A3BA22CECFC83DA17C8B1E4C58","aoem/windows/ai-sgm-infer-wire-v1-capability.json","retain current worktree and post-isolation changes","retain_current_original_path","","False","PENDING_USER_REVIEW"
"aoem/windows/CHECKSUMS.sha256","100644","b12fd3614cda4d7cfeeb781309620f7798ed853a","unchanged_by_isolation","b12fd3614cda4d7cfeeb781309620f7798ed853a",,"","b12fd3614cda4d7cfeeb781309620f7798ed853a","","aoem/windows/CHECKSUMS.sha256","9AEB439591127E64A9F0E6D65F78E486C5EDFA137964F5A5B8087E7244E0775B","aoem/windows/CHECKSUMS.sha256","retain current worktree and post-isolation changes","retain_current_original_path","","False","PENDING_USER_REVIEW"
"aoem/windows/config/aoem-runtime-profile.json","100644","0dffd2943191eb3b4e4c757fd13aba8a0ac2c6af","unchanged_by_isolation","0dffd2943191eb3b4e4c757fd13aba8a0ac2c6af",,"","0dffd2943191eb3b4e4c757fd13aba8a0ac2c6af","","aoem/windows/config/aoem-runtime-profile.json","4963B711EDC56785B3CAECF75F8BF45CF51B374032EF0553DC8F8D4876425883","aoem/windows/config/aoem-runtime-profile.json","retain current worktree and post-isolation changes","retain_current_original_path","","False","PENDING_USER_REVIEW"
"aoem/windows/core/bin/aoem_ffi.dll","100644","91d71c900d1db23a95a2b223b580c71ebc4a5d73","unchanged_by_isolation","91d71c900d1db23a95a2b223b580c71ebc4a5d73",,"","91d71c900d1db23a95a2b223b580c71ebc4a5d73","","aoem/windows/core/bin/aoem_ffi.dll","4DE9C21853B4BEBF1527F2B7D8461A3F393FCF83263E040408A0F7745B0ED463","aoem/windows/core/bin/aoem_ffi.dll","retain current worktree and post-isolation changes","retain_current_original_path","","False","PENDING_USER_REVIEW"
"aoem/windows/core/plugins/aoem_ffi_crypto_hsm.dll","100644","649a755702b99ca75ca8f2bf8fdf2698e003f375","unchanged_by_isolation","649a755702b99ca75ca8f2bf8fdf2698e003f375",,"","649a755702b99ca75ca8f2bf8fdf2698e003f375","","aoem/windows/core/plugins/aoem_ffi_crypto_hsm.dll","1F88484E3C9AF2FA80F0C9DAC6FED6642F7E9E669435023D219309FC50B3EBF4","aoem/windows/core/plugins/aoem_ffi_crypto_hsm.dll","retain current worktree and post-isolation changes","retain_current_original_path","","False","PENDING_USER_REVIEW"
"aoem/windows/core/plugins/aoem_ffi_crypto_kms.dll","100644","649a755702b99ca75ca8f2bf8fdf2698e003f375","unchanged_by_isolation","649a755702b99ca75ca8f2bf8fdf2698e003f375",,"","649a755702b99ca75ca8f2bf8fdf2698e003f375","","aoem/windows/core/plugins/aoem_ffi_crypto_kms.dll","1F88484E3C9AF2FA80F0C9DAC6FED6642F7E9E669435023D219309FC50B3EBF4","aoem/windows/core/plugins/aoem_ffi_crypto_kms.dll","retain current worktree and post-isolation changes","retain_current_original_path","","False","PENDING_USER_REVIEW"
"aoem/windows/core/plugins/aoem_ffi_crypto_mldsa.dll","100644","c1a3c859ce8254db25be639367d838272693c39f","unchanged_by_isolation","c1a3c859ce8254db25be639367d838272693c39f",,"","c1a3c859ce8254db25be639367d838272693c39f","","aoem/windows/core/plugins/aoem_ffi_crypto_mldsa.dll","56230F4C2FFC3EE2A11B9695ED6E1410E968A48C9E5C65C4764475F5A123C076","aoem/windows/core/plugins/aoem_ffi_crypto_mldsa.dll","retain current worktree and post-isolation changes","retain_current_original_path","","False","PENDING_USER_REVIEW"
"aoem/windows/core/plugins/aoem_ffi_hsm.dll","100644","649a755702b99ca75ca8f2bf8fdf2698e003f375","unchanged_by_isolation","649a755702b99ca75ca8f2bf8fdf2698e003f375",,"","649a755702b99ca75ca8f2bf8fdf2698e003f375","","aoem/windows/core/plugins/aoem_ffi_hsm.dll","1F88484E3C9AF2FA80F0C9DAC6FED6642F7E9E669435023D219309FC50B3EBF4","aoem/windows/core/plugins/aoem_ffi_hsm.dll","retain current worktree and post-isolation changes","retain_current_original_path","","False","PENDING_USER_REVIEW"
"aoem/windows/core/plugins/aoem_ffi_kms.dll","100644","649a755702b99ca75ca8f2bf8fdf2698e003f375","unchanged_by_isolation","649a755702b99ca75ca8f2bf8fdf2698e003f375",,"","649a755702b99ca75ca8f2bf8fdf2698e003f375","","aoem/windows/core/plugins/aoem_ffi_kms.dll","1F88484E3C9AF2FA80F0C9DAC6FED6642F7E9E669435023D219309FC50B3EBF4","aoem/windows/core/plugins/aoem_ffi_kms.dll","retain current worktree and post-isolation changes","retain_current_original_path","","False","PENDING_USER_REVIEW"
"aoem/windows/core/plugins/aoem_ffi_mldsa.dll","100644","c1a3c859ce8254db25be639367d838272693c39f","unchanged_by_isolation","c1a3c859ce8254db25be639367d838272693c39f",,"","c1a3c859ce8254db25be639367d838272693c39f","","aoem/windows/core/plugins/aoem_ffi_mldsa.dll","56230F4C2FFC3EE2A11B9695ED6E1410E968A48C9E5C65C4764475F5A123C076","aoem/windows/core/plugins/aoem_ffi_mldsa.dll","retain current worktree and post-isolation changes","retain_current_original_path","","False","PENDING_USER_REVIEW"
"aoem/windows/core/plugins/aoem_ffi_persist_rocksdb.dll","100644","2a3085a168e66cb2391121612093cb50fa995cd0","unchanged_by_isolation","2a3085a168e66cb2391121612093cb50fa995cd0",,"","2a3085a168e66cb2391121612093cb50fa995cd0","","aoem/windows/core/plugins/aoem_ffi_persist_rocksdb.dll","3EA988AEF41A93192528567ED9B7B7C8E20DA968FD41075C44789BEF3354ADCF","aoem/windows/core/plugins/aoem_ffi_persist_rocksdb.dll","retain current worktree and post-isolation changes","retain_current_original_path","","False","PENDING_USER_REVIEW"
"aoem/windows/core/plugins/aoem_ffi_persist.dll","100644","2a3085a168e66cb2391121612093cb50fa995cd0","unchanged_by_isolation","2a3085a168e66cb2391121612093cb50fa995cd0",,"","2a3085a168e66cb2391121612093cb50fa995cd0","","aoem/windows/core/plugins/aoem_ffi_persist.dll","3EA988AEF41A93192528567ED9B7B7C8E20DA968FD41075C44789BEF3354ADCF","aoem/windows/core/plugins/aoem_ffi_persist.dll","retain current worktree and post-isolation changes","retain_current_original_path","","False","PENDING_USER_REVIEW"
"aoem/windows/core/plugins/aoem_ffi_runtime_wasm_wasmtime.dll","100644","4e79e533c01e2f5f8294ae330c690b395fc55333","unchanged_by_isolation","4e79e533c01e2f5f8294ae330c690b395fc55333",,"","4e79e533c01e2f5f8294ae330c690b395fc55333","","aoem/windows/core/plugins/aoem_ffi_runtime_wasm_wasmtime.dll","D773DA9CD37B77B6A72DAF29738990AFEFE48FF443C3232C3BB9BE06E35E817C","aoem/windows/core/plugins/aoem_ffi_runtime_wasm_wasmtime.dll","retain current worktree and post-isolation changes","retain_current_original_path","","False","PENDING_USER_REVIEW"
"aoem/windows/core/plugins/aoem_ffi_wasm.dll","100644","4e79e533c01e2f5f8294ae330c690b395fc55333","unchanged_by_isolation","4e79e533c01e2f5f8294ae330c690b395fc55333",,"","4e79e533c01e2f5f8294ae330c690b395fc55333","","aoem/windows/core/plugins/aoem_ffi_wasm.dll","D773DA9CD37B77B6A72DAF29738990AFEFE48FF443C3232C3BB9BE06E35E817C","aoem/windows/core/plugins/aoem_ffi_wasm.dll","retain current worktree and post-isolation changes","retain_current_original_path","","False","PENDING_USER_REVIEW"
"aoem/windows/core/plugins/aoem_ffi_zkvm_executor.dll","100644","cc4933193609282d887efe27e5d15381a8dc8873","unchanged_by_isolation","cc4933193609282d887efe27e5d15381a8dc8873",,"","cc4933193609282d887efe27e5d15381a8dc8873","","aoem/windows/core/plugins/aoem_ffi_zkvm_executor.dll","81D644A5D6C8F1F94D7B3F6A377DC4A9E190A6FD39C52518E12645149E2BE2E6","aoem/windows/core/plugins/aoem_ffi_zkvm_executor.dll","retain current worktree and post-isolation changes","retain_current_original_path","","False","PENDING_USER_REVIEW"
"aoem/windows/core/plugins/aoem_ffi_zkvm.dll","100644","cc4933193609282d887efe27e5d15381a8dc8873","unchanged_by_isolation","cc4933193609282d887efe27e5d15381a8dc8873",,"","cc4933193609282d887efe27e5d15381a8dc8873","","aoem/windows/core/plugins/aoem_ffi_zkvm.dll","81D644A5D6C8F1F94D7B3F6A377DC4A9E190A6FD39C52518E12645149E2BE2E6","aoem/windows/core/plugins/aoem_ffi_zkvm.dll","retain current worktree and post-isolation changes","retain_current_original_path","","False","PENDING_USER_REVIEW"
"aoem/windows/core/plugins/aoem_hsm_plugin.dll","100644","649a755702b99ca75ca8f2bf8fdf2698e003f375","unchanged_by_isolation","649a755702b99ca75ca8f2bf8fdf2698e003f375",,"","649a755702b99ca75ca8f2bf8fdf2698e003f375","","aoem/windows/core/plugins/aoem_hsm_plugin.dll","1F88484E3C9AF2FA80F0C9DAC6FED6642F7E9E669435023D219309FC50B3EBF4","aoem/windows/core/plugins/aoem_hsm_plugin.dll","retain current worktree and post-isolation changes","retain_current_original_path","","False","PENDING_USER_REVIEW"
"aoem/windows/core/plugins/aoem_kms_plugin.dll","100644","649a755702b99ca75ca8f2bf8fdf2698e003f375","unchanged_by_isolation","649a755702b99ca75ca8f2bf8fdf2698e003f375",,"","649a755702b99ca75ca8f2bf8fdf2698e003f375","","aoem/windows/core/plugins/aoem_kms_plugin.dll","1F88484E3C9AF2FA80F0C9DAC6FED6642F7E9E669435023D219309FC50B3EBF4","aoem/windows/core/plugins/aoem_kms_plugin.dll","retain current worktree and post-isolation changes","retain_current_original_path","","False","PENDING_USER_REVIEW"
"aoem/windows/include/aoem.h","100644","f8c46be03870ef2f234d28b548c23cb3f5bf6558","unchanged_by_isolation","f8c46be03870ef2f234d28b548c23cb3f5bf6558",,"","f8c46be03870ef2f234d28b548c23cb3f5bf6558","","aoem/windows/include/aoem.h","81B199C32989BFC70772A98520693B9134EA7E390DE9DD960CA3C9F46110B84B","aoem/windows/include/aoem.h","retain current worktree and post-isolation changes","retain_current_original_path","","False","PENDING_USER_REVIEW"
"aoem/windows/kms-hsm-plugin/aoem_ffi_crypto_hsm.dll","100644","649a755702b99ca75ca8f2bf8fdf2698e003f375","unchanged_by_isolation","649a755702b99ca75ca8f2bf8fdf2698e003f375",,"","649a755702b99ca75ca8f2bf8fdf2698e003f375","","aoem/windows/kms-hsm-plugin/aoem_ffi_crypto_hsm.dll","1F88484E3C9AF2FA80F0C9DAC6FED6642F7E9E669435023D219309FC50B3EBF4","aoem/windows/kms-hsm-plugin/aoem_ffi_crypto_hsm.dll","retain current worktree and post-isolation changes","retain_current_original_path","","False","PENDING_USER_REVIEW"
"aoem/windows/kms-hsm-plugin/aoem_ffi_crypto_kms.dll","100644","649a755702b99ca75ca8f2bf8fdf2698e003f375","unchanged_by_isolation","649a755702b99ca75ca8f2bf8fdf2698e003f375",,"","649a755702b99ca75ca8f2bf8fdf2698e003f375","","aoem/windows/kms-hsm-plugin/aoem_ffi_crypto_kms.dll","1F88484E3C9AF2FA80F0C9DAC6FED6642F7E9E669435023D219309FC50B3EBF4","aoem/windows/kms-hsm-plugin/aoem_ffi_crypto_kms.dll","retain current worktree and post-isolation changes","retain_current_original_path","","False","PENDING_USER_REVIEW"
"aoem/windows/kms-hsm-plugin/aoem_ffi_hsm.dll","100644","649a755702b99ca75ca8f2bf8fdf2698e003f375","unchanged_by_isolation","649a755702b99ca75ca8f2bf8fdf2698e003f375",,"","649a755702b99ca75ca8f2bf8fdf2698e003f375","","aoem/windows/kms-hsm-plugin/aoem_ffi_hsm.dll","1F88484E3C9AF2FA80F0C9DAC6FED6642F7E9E669435023D219309FC50B3EBF4","aoem/windows/kms-hsm-plugin/aoem_ffi_hsm.dll","retain current worktree and post-isolation changes","retain_current_original_path","","False","PENDING_USER_REVIEW"
"aoem/windows/kms-hsm-plugin/aoem_ffi_kms.dll","100644","649a755702b99ca75ca8f2bf8fdf2698e003f375","unchanged_by_isolation","649a755702b99ca75ca8f2bf8fdf2698e003f375",,"","649a755702b99ca75ca8f2bf8fdf2698e003f375","","aoem/windows/kms-hsm-plugin/aoem_ffi_kms.dll","1F88484E3C9AF2FA80F0C9DAC6FED6642F7E9E669435023D219309FC50B3EBF4","aoem/windows/kms-hsm-plugin/aoem_ffi_kms.dll","retain current worktree and post-isolation changes","retain_current_original_path","","False","PENDING_USER_REVIEW"
"aoem/windows/kms-hsm-plugin/aoem_hsm_plugin.dll","100644","649a755702b99ca75ca8f2bf8fdf2698e003f375","unchanged_by_isolation","649a755702b99ca75ca8f2bf8fdf2698e003f375",,"","649a755702b99ca75ca8f2bf8fdf2698e003f375","","aoem/windows/kms-hsm-plugin/aoem_hsm_plugin.dll","1F88484E3C9AF2FA80F0C9DAC6FED6642F7E9E669435023D219309FC50B3EBF4","aoem/windows/kms-hsm-plugin/aoem_hsm_plugin.dll","retain current worktree and post-isolation changes","retain_current_original_path","","False","PENDING_USER_REVIEW"
"aoem/windows/kms-hsm-plugin/aoem_kms_plugin.dll","100644","649a755702b99ca75ca8f2bf8fdf2698e003f375","unchanged_by_isolation","649a755702b99ca75ca8f2bf8fdf2698e003f375",,"","649a755702b99ca75ca8f2bf8fdf2698e003f375","","aoem/windows/kms-hsm-plugin/aoem_kms_plugin.dll","1F88484E3C9AF2FA80F0C9DAC6FED6642F7E9E669435023D219309FC50B3EBF4","aoem/windows/kms-hsm-plugin/aoem_kms_plugin.dll","retain current worktree and post-isolation changes","retain_current_original_path","","False","PENDING_USER_REVIEW"
"aoem/windows/kms-hsm-plugin/manifest.json","100644","9d4be3505b0083c7f29e51dbf29af8cd9ce2fee8","unchanged_by_isolation","9d4be3505b0083c7f29e51dbf29af8cd9ce2fee8",,"","9d4be3505b0083c7f29e51dbf29af8cd9ce2fee8","","aoem/windows/kms-hsm-plugin/manifest.json","F6D9F42AB42894392030300C9F205D4E66B800BB137241E4F4221289328E7BCC","aoem/windows/kms-hsm-plugin/manifest.json","retain current worktree and post-isolation changes","retain_current_original_path","","False","PENDING_USER_REVIEW"
"aoem/windows/manifest.json","100644","921d7b91ab6204a95424dd6b8dc8462355701841","unchanged_by_isolation","921d7b91ab6204a95424dd6b8dc8462355701841",,"","921d7b91ab6204a95424dd6b8dc8462355701841","","aoem/windows/manifest.json","453C9B157C9A18868CEFFE1E3FD2380ED7BF982638CF50BC89B44907F86CB420","aoem/windows/manifest.json","retain current worktree and post-isolation changes","retain_current_original_path","","False","PENDING_USER_REVIEW"
"aoem/worker-adapter/aoem_proof_worker.c","100644","661c895113cf11d2f20a7f4e2a826ac13ab6f3b5","unchanged_by_isolation","661c895113cf11d2f20a7f4e2a826ac13ab6f3b5",,"","661c895113cf11d2f20a7f4e2a826ac13ab6f3b5","","aoem/worker-adapter/aoem_proof_worker.c","C112E1D971F8C13E73F4DB95B91036A41D9B1C1F62E7FED677F83219F8C09108","aoem/worker-adapter/aoem_proof_worker.c","retain current worktree and post-isolation changes","retain_current_original_path","","False","PENDING_USER_REVIEW"
"aoem/worker-adapter/examples/jobs.merkle.jsonl","100644","0949de5aa191df733de7202953976872dbc65efd","unchanged_by_isolation","0949de5aa191df733de7202953976872dbc65efd",,"","0949de5aa191df733de7202953976872dbc65efd","","aoem/worker-adapter/examples/jobs.merkle.jsonl","16D79FCEFADF7D3A2C1471B26A74212A6F6B054F3F24C94E896119D808654719","aoem/worker-adapter/examples/jobs.merkle.jsonl","retain current worktree and post-isolation changes","retain_current_original_path","","False","PENDING_USER_REVIEW"
"aoem/worker-adapter/examples/jobs.mixed.jsonl","100644","7e3f95b94f849c2a5ebc16c2cbb335a614475f8f","unchanged_by_isolation","7e3f95b94f849c2a5ebc16c2cbb335a614475f8f",,"","7e3f95b94f849c2a5ebc16c2cbb335a614475f8f","","aoem/worker-adapter/examples/jobs.mixed.jsonl","E4C3F3A5B5D902CEAAED5ED97304F6D9EA4128945F4A967CEF555290434B951D","aoem/worker-adapter/examples/jobs.mixed.jsonl","retain current worktree and post-isolation changes","retain_current_original_path","","False","PENDING_USER_REVIEW"
"aoem/worker-adapter/examples/jobs.zk_merkle.jsonl","100644","45140b772f1b09fe85f4eee1187ac1dc40614f5e","unchanged_by_isolation","45140b772f1b09fe85f4eee1187ac1dc40614f5e",,"","45140b772f1b09fe85f4eee1187ac1dc40614f5e","","aoem/worker-adapter/examples/jobs.zk_merkle.jsonl","4F8DAD1C73E900AF8FADCF8631DF06C94462D460CDCFAE2A71D749AE86AF1C7B","aoem/worker-adapter/examples/jobs.zk_merkle.jsonl","retain current worktree and post-isolation changes","retain_current_original_path","","False","PENDING_USER_REVIEW"
"aoem/worker-adapter/README.md","100644","e09480809a36b3df646e6f5baa465b66cc989068","unchanged_by_isolation","e09480809a36b3df646e6f5baa465b66cc989068",,"","e09480809a36b3df646e6f5baa465b66cc989068","","aoem/worker-adapter/README.md","DB152986E1B59CCA6C22D1804FA36627E1ED62D055D7BF7CF4A30FC3D5E89038","aoem/worker-adapter/README.md","retain current worktree and post-isolation changes","retain_current_original_path","","False","PENDING_USER_REVIEW"
"artifacts/migration/eth71-bal-design-after-a484a8506.md","100644","d88d867c7c98dd9b5e89e885842d37038f47d50f","unchanged_by_isolation","d88d867c7c98dd9b5e89e885842d37038f47d50f",,"","d88d867c7c98dd9b5e89e885842d37038f47d50f","","artifacts/migration/eth71-bal-design-after-a484a8506.md","6334D4CE91205A8486967538547AE450F3C9614A8C279FFEA174D5A2BBD8176E","artifacts/migration/eth71-bal-design-after-a484a8506.md","retain current worktree and post-isolation changes","retain_current_original_path","","False","PENDING_USER_REVIEW"
"artifacts/migration/geth-upstream-compat-after-a484a8506.md","100644","9059edc1561d26fa77da9caf8169a845b2accb7c","unchanged_by_isolation","9059edc1561d26fa77da9caf8169a845b2accb7c",,"","9059edc1561d26fa77da9caf8169a845b2accb7c","","artifacts/migration/geth-upstream-compat-after-a484a8506.md","B07D60A1948FD1963A9733A88BDCCC37A5CC479BEA99405B94442F441088FF99","artifacts/migration/geth-upstream-compat-after-a484a8506.md","retain current worktree and post-isolation changes","retain_current_original_path","","False","PENDING_USER_REVIEW"
"artifacts/migration/non-active-history-surface-cleanup-after-a484a8506.md","100644","b4791658a48a4d0bcdf1d9c9eb7843d081156cf6","unchanged_by_isolation","b4791658a48a4d0bcdf1d9c9eb7843d081156cf6",,"","b4791658a48a4d0bcdf1d9c9eb7843d081156cf6","","artifacts/migration/non-active-history-surface-cleanup-after-a484a8506.md","F42530C51762F71B3D20EEBDE30D73ED7E2AB968C6DD8C3BBCEEA21F410F99C2","artifacts/migration/non-active-history-surface-cleanup-after-a484a8506.md","retain current worktree and post-isolation changes","retain_current_original_path","","False","PENDING_USER_REVIEW"
"artifacts/migration/pr-stack-summary-after-a484a8506.md","100644","f141a20b0084ba0860e2c6dec2f7bb5c6c5b59c8","unchanged_by_isolation","f141a20b0084ba0860e2c6dec2f7bb5c6c5b59c8",,"","f141a20b0084ba0860e2c6dec2f7bb5c6c5b59c8","","artifacts/migration/pr-stack-summary-after-a484a8506.md","7A546FBA3A081AA1A1883291D7961FB26DA0CF1321A5DBA6E3121D9C3B959BCC","artifacts/migration/pr-stack-summary-after-a484a8506.md","retain current worktree and post-isolation changes","retain_current_original_path","","False","PENDING_USER_REVIEW"
"artifacts/migration/public-rlpx-readiness-closure-after-a484a8506.md","100644","47185f502dd4ef5fab6b40bbce41afa800f03f2b","unchanged_by_isolation","47185f502dd4ef5fab6b40bbce41afa800f03f2b",,"","47185f502dd4ef5fab6b40bbce41afa800f03f2b","","artifacts/migration/public-rlpx-readiness-closure-after-a484a8506.md","8A40F3596B3C041CB6FD6FC00254682E15473FCD2D9AD571C5F21022DC719A1A","artifacts/migration/public-rlpx-readiness-closure-after-a484a8506.md","retain current worktree and post-isolation changes","retain_current_original_path","","False","PENDING_USER_REVIEW"
"artifacts/migration/public-rlpx-status-failure-classification-after-a484a8506.md","100644","a399fe4b7929eb925515399e39e72fa859738d18","unchanged_by_isolation","a399fe4b7929eb925515399e39e72fa859738d18",,"","a399fe4b7929eb925515399e39e72fa859738d18","","artifacts/migration/public-rlpx-status-failure-classification-after-a484a8506.md","8C383F5F052C7CF50E36CCD2383E20D31CC34BFA6A43FEE4DA6054EA28C02C02","artifacts/migration/public-rlpx-status-failure-classification-after-a484a8506.md","retain current worktree and post-isolation changes","retain_current_original_path","","False","PENDING_USER_REVIEW"
"artifacts/migration/public-rlpx-status-readiness-gap-after-a484a8506.md","100644","eea973185429dfd75cff2c08c49b36de819db42b","unchanged_by_isolation","eea973185429dfd75cff2c08c49b36de819db42b",,"","eea973185429dfd75cff2c08c49b36de819db42b","","artifacts/migration/public-rlpx-status-readiness-gap-after-a484a8506.md","C3B2FD999B0800E95FF902BCF7F5F4A6F921BF89DC3B1CA6D877D893F1870B77","artifacts/migration/public-rlpx-status-readiness-gap-after-a484a8506.md","retain current worktree and post-isolation changes","retain_current_original_path","","False","PENDING_USER_REVIEW"
"artifacts/migration/public-rlpx-status-ready-closure-after-a484a8506.md","100644","d6b5ce0a2a92fad4c5b73ef018d1555a53bcb7fa","unchanged_by_isolation","d6b5ce0a2a92fad4c5b73ef018d1555a53bcb7fa",,"","d6b5ce0a2a92fad4c5b73ef018d1555a53bcb7fa","","artifacts/migration/public-rlpx-status-ready-closure-after-a484a8506.md","EAB2AA13F9CFF22885E5395C4D050DD6C5A0B59377C23000F05EB39E881ED866","artifacts/migration/public-rlpx-status-ready-closure-after-a484a8506.md","retain current worktree and post-isolation changes","retain_current_original_path","","False","PENDING_USER_REVIEW"
"artifacts/migration/remaining-worktree-diff-audit-after-a484a8506.md","100644","611483482e9edf6fb63bb8bb707442110b3777d6","unchanged_by_isolation","611483482e9edf6fb63bb8bb707442110b3777d6",,"","611483482e9edf6fb63bb8bb707442110b3777d6","","artifacts/migration/remaining-worktree-diff-audit-after-a484a8506.md","AE5DCAA6EAB7D3AB374C9EC2F5E6E1C4848B489918D8805EDE5DAFA4E43E295A","artifacts/migration/remaining-worktree-diff-audit-after-a484a8506.md","retain current worktree and post-isolation changes","retain_current_original_path","","False","PENDING_USER_REVIEW"
"artifacts/migration/remote-controlled-geth-rlpx-canary-after-a484a8506.md","100644","c0b820fca130b21ffa6223970d11783ddeb927b8","unchanged_by_isolation","c0b820fca130b21ffa6223970d11783ddeb927b8",,"","c0b820fca130b21ffa6223970d11783ddeb927b8","","artifacts/migration/remote-controlled-geth-rlpx-canary-after-a484a8506.md","58DFBBC243813FE751B2F0F42E4F1D0D7061B662AD357DDA0D2D0562B2FFC69B","artifacts/migration/remote-controlled-geth-rlpx-canary-after-a484a8506.md","retain current worktree and post-isolation changes","retain_current_original_path","","False","PENDING_USER_REVIEW"
"artifacts/migration/rlpx-local-geth-canary-after-a484a8506.md","100644","22980a6bc4bdba5cd7538ad1fdcf365b20b776fa","unchanged_by_isolation","22980a6bc4bdba5cd7538ad1fdcf365b20b776fa",,"","22980a6bc4bdba5cd7538ad1fdcf365b20b776fa","","artifacts/migration/rlpx-local-geth-canary-after-a484a8506.md","30A6E0DBB8507C4D6598144E61519D5F24689B7E44126AF5BDAF40C9596DF7E5","artifacts/migration/rlpx-local-geth-canary-after-a484a8506.md","retain current worktree and post-isolation changes","retain_current_original_path","","False","PENDING_USER_REVIEW"
"artifacts/migration/rlpx-session-canary-after-a484a8506.md","100644","93f03433a719c1d41883d3a768a9d6f8bff898c3","unchanged_by_isolation","93f03433a719c1d41883d3a768a9d6f8bff898c3",,"","93f03433a719c1d41883d3a768a9d6f8bff898c3","","artifacts/migration/rlpx-session-canary-after-a484a8506.md","1BC493B50DEDF5AB4BC3D7F8449936FC58B10557B27376D6FED808BC6A67B4D0","artifacts/migration/rlpx-session-canary-after-a484a8506.md","retain current worktree and post-isolation changes","retain_current_original_path","","False","PENDING_USER_REVIEW"
"artifacts/migration/ua-router-state-migration-isolation-after-a484a8506.md","100644","0d4b68c2e23b1ca92dbbec0c07745ebd6d05e7c7","unchanged_by_isolation","0d4b68c2e23b1ca92dbbec0c07745ebd6d05e7c7",,"","0d4b68c2e23b1ca92dbbec0c07745ebd6d05e7c7","","artifacts/migration/ua-router-state-migration-isolation-after-a484a8506.md","7A22EB20399014DEF9862DFB8C63F25F54DFB5C23B91E2991471E6CD9F3E9440","artifacts/migration/ua-router-state-migration-isolation-after-a484a8506.md","retain current worktree and post-isolation changes","retain_current_original_path","","False","PENDING_USER_REVIEW"
"Cargo.lock","100644","e0874bbcf049901808adcd4f39d37dfd95b83013","archived_original_and_replaced_root","41ba9db5b1ef4aea080d964137536ef334bb8bad","legacy/supervm-20261002/Cargo.lock","e0874bbcf049901808adcd4f39d37dfd95b83013","ed1e39a346ca685f516318f3decb0ef8f4d92fc7","e0874bbcf049901808adcd4f39d37dfd95b83013","legacy/supervm-20261002/Cargo.lock","4C4E673454573B89F6A475BD11975FD63FD9FFFCED7C863C22EBB9012BCAB1CF","Cargo.lock","isolation-hunk review required; preserve current later changes","review_root_assembly_preserve_later_changes","original_destination_occupied","True","PENDING_USER_REVIEW"
"Cargo.toml","100644","3540819148bdc521008ab8538d40789e8cd60407","archived_original_and_replaced_root","ddd0685315fe0ac20b036c0d4517cb6fa077d7ac","legacy/supervm-20261002/Cargo.toml","3540819148bdc521008ab8538d40789e8cd60407","98a42fee11a2091bd39b3fc387b79018bee8570c","3540819148bdc521008ab8538d40789e8cd60407","legacy/supervm-20261002/Cargo.toml","79A1CCD6316A3C47EA80BB8554C369F9B5BD5F1FC39492FB8A1C07BC0B687375","Cargo.toml","isolation-hunk review required; preserve current later changes","review_root_assembly_preserve_later_changes","original_destination_occupied","True","PENDING_USER_REVIEW"
"config/novovm-adapter-compatibility-matrix.json","100644","bba91d20de2fe57ec888a20a87858eaa25e474ec","pure_relocation","","legacy/supervm-20261002/config/novovm-adapter-compatibility-matrix.json","bba91d20de2fe57ec888a20a87858eaa25e474ec","","bba91d20de2fe57ec888a20a87858eaa25e474ec","legacy/supervm-20261002/config/novovm-adapter-compatibility-matrix.json","C5608283374108B309DDB6EB909125C28ABE6308F8556D31776992834C8D913E","config/novovm-adapter-compatibility-matrix.json","before Git object; local drafts preserved separately, no overwrite","restore_identical_tree_to_original_path","","False","PENDING_USER_REVIEW"
"config/novovm-adapter-plugin-registry.json","100644","33ca41b2a7f0dcd4fde154af878e08e8973768a3","pure_relocation","","legacy/supervm-20261002/config/novovm-adapter-plugin-registry.json","33ca41b2a7f0dcd4fde154af878e08e8973768a3","","33ca41b2a7f0dcd4fde154af878e08e8973768a3","legacy/supervm-20261002/config/novovm-adapter-plugin-registry.json","9FCD30B13A4A6862CB19ECB3542A7C029194627E20ECD036F5C4584AFBFCA6FF","config/novovm-adapter-plugin-registry.json","before Git object; local drafts preserved separately, no overwrite","restore_identical_tree_to_original_path","","False","PENDING_USER_REVIEW"
"config/novovm-consensus-policy.json","100644","05d2a782f376392565d177d8e24b47d65d2a27a8","pure_relocation","","legacy/supervm-20261002/config/novovm-consensus-policy.json","05d2a782f376392565d177d8e24b47d65d2a27a8","","05d2a782f376392565d177d8e24b47d65d2a27a8","legacy/supervm-20261002/config/novovm-consensus-policy.json","6E5135A78D825CDEAB52EAA5CBFDF07BE13431CD1A082D13A8AC1F5E412A9866","config/novovm-consensus-policy.json","before Git object; local drafts preserved separately, no overwrite","restore_identical_tree_to_original_path","","False","PENDING_USER_REVIEW"
"config/relay/nginx-location.conf","100644","0d945f94265b2b0bf86399978313fdb550641eec","pure_relocation","","legacy/supervm-20261002/config/relay/nginx-location.conf","0d945f94265b2b0bf86399978313fdb550641eec","","0d945f94265b2b0bf86399978313fdb550641eec","legacy/supervm-20261002/config/relay/nginx-location.conf","0F091F8A8F6D1A62FAC80AEAADDB7563D5BE018A76BAF2EAB0EA03FB0E28DD43","config/relay/nginx-location.conf","before Git object; local drafts preserved separately, no overwrite","restore_identical_tree_to_original_path","","False","PENDING_USER_REVIEW"
"config/relay/relay.example.json","100644","1bacbe1059eb7d66df1013fbe57b3cdf9f4bbaae","pure_relocation","","legacy/supervm-20261002/config/relay/relay.example.json","1bacbe1059eb7d66df1013fbe57b3cdf9f4bbaae","","1bacbe1059eb7d66df1013fbe57b3cdf9f4bbaae","legacy/supervm-20261002/config/relay/relay.example.json","0508922AF48295E8AAEF7C86B52C574A499938B55F7C998FFC5C4F135626BD71","config/relay/relay.example.json","before Git object; local drafts preserved separately, no overwrite","restore_identical_tree_to_original_path","","False","PENDING_USER_REVIEW"
"config/relay/supervm-relay.service","100644","a5618446af34c0106944648d059aee7ccf9845b9","pure_relocation","","legacy/supervm-20261002/config/relay/supervm-relay.service","a5618446af34c0106944648d059aee7ccf9845b9","","a5618446af34c0106944648d059aee7ccf9845b9","legacy/supervm-20261002/config/relay/supervm-relay.service","46B2EA851498FFAF0BF410F3242463EF462A582EBD90FB0306A7F1974297C391","config/relay/supervm-relay.service","before Git object; local drafts preserved separately, no overwrite","restore_identical_tree_to_original_path","","False","PENDING_USER_REVIEW"
"config/runtime/lifecycle/overlay.relay.directory.json","100644","0e5759138b88aa89342b4bdeaafbed21093ca05f","pure_relocation","","legacy/supervm-20261002/config/runtime/lifecycle/overlay.relay.directory.json","0e5759138b88aa89342b4bdeaafbed21093ca05f","","0e5759138b88aa89342b4bdeaafbed21093ca05f","legacy/supervm-20261002/config/runtime/lifecycle/overlay.relay.directory.json","318F1E3ACEC9AFFEDF3FBD9AA3B0027A948C9D0E45117258C8334F44D1DD8970","config/runtime/lifecycle/overlay.relay.directory.json","before Git object; local drafts preserved separately, no overwrite","restore_identical_tree_to_original_path","","False","PENDING_USER_REVIEW"
"config/runtime/lifecycle/overlay.relay.discovery.json","100644","0a73222d0b80947433f8108469c1efcb62f98e85","pure_relocation","","legacy/supervm-20261002/config/runtime/lifecycle/overlay.relay.discovery.json","0a73222d0b80947433f8108469c1efcb62f98e85","","0a73222d0b80947433f8108469c1efcb62f98e85","legacy/supervm-20261002/config/runtime/lifecycle/overlay.relay.discovery.json","DDA081E25A67F8A3521375A89991785C4DFD5F4EAD721FEFEB6CCBD84C87F8E6","config/runtime/lifecycle/overlay.relay.discovery.json","before Git object; local drafts preserved separately, no overwrite","restore_identical_tree_to_original_path","","False","PENDING_USER_REVIEW"
"config/runtime/lifecycle/overlay.relay.discovery.seeds.json","100644","048789d818695bf852bf36b32603d1b1eb9a16b2","pure_relocation","","legacy/supervm-20261002/config/runtime/lifecycle/overlay.relay.discovery.seeds.json","048789d818695bf852bf36b32603d1b1eb9a16b2","","048789d818695bf852bf36b32603d1b1eb9a16b2","legacy/supervm-20261002/config/runtime/lifecycle/overlay.relay.discovery.seeds.json","64967F02ED6E63C6540331E3F00490F12313C8C5AA2EA4056EC56AB98CFEBE4C","config/runtime/lifecycle/overlay.relay.discovery.seeds.json","before Git object; local drafts preserved separately, no overwrite","restore_identical_tree_to_original_path","","False","PENDING_USER_REVIEW"
"config/runtime/lifecycle/overlay.route.runtime.json","100644","1bec20f3cf27374c25b5adf0079d29916735f990","pure_relocation","","legacy/supervm-20261002/config/runtime/lifecycle/overlay.route.runtime.json","1bec20f3cf27374c25b5adf0079d29916735f990","","1bec20f3cf27374c25b5adf0079d29916735f990","legacy/supervm-20261002/config/runtime/lifecycle/overlay.route.runtime.json","15B7E3A5E3B960F5AB6426C90F8D45CC9FA79ECABD13CF742800A07C6DDECF96","config/runtime/lifecycle/overlay.route.runtime.json","before Git object; local drafts preserved separately, no overwrite","restore_identical_tree_to_original_path","","False","PENDING_USER_REVIEW"
"config/runtime/lifecycle/prod-l3.runtime.json","100644","4169bbc3542c4f5acca1dd084567d4ce78bf8fc6","pure_relocation","","legacy/supervm-20261002/config/runtime/lifecycle/prod-l3.runtime.json","4169bbc3542c4f5acca1dd084567d4ce78bf8fc6","","4169bbc3542c4f5acca1dd084567d4ce78bf8fc6","legacy/supervm-20261002/config/runtime/lifecycle/prod-l3.runtime.json","D07721ACCE304DC6F8FF9B3F8D6DCEC25AE0F5977E6A35DDB08A31479CD48246","config/runtime/lifecycle/prod-l3.runtime.json","before Git object; local drafts preserved separately, no overwrite","restore_identical_tree_to_original_path","","False","PENDING_USER_REVIEW"
"config/runtime/lifecycle/reconcile.runtime.json","100644","63040ecf9f3015c467c60ca0cc894af952e7b348","pure_relocation","","legacy/supervm-20261002/config/runtime/lifecycle/reconcile.runtime.json","63040ecf9f3015c467c60ca0cc894af952e7b348","","63040ecf9f3015c467c60ca0cc894af952e7b348","legacy/supervm-20261002/config/runtime/lifecycle/reconcile.runtime.json","4C05084B62C3ECAC76EB6BBA10D70590CD416B7571F7A38EABBEDE576EE611D0","config/runtime/lifecycle/reconcile.runtime.json","before Git object; local drafts preserved separately, no overwrite","restore_identical_tree_to_original_path","","False","PENDING_USER_REVIEW"
"config/runtime/lifecycle/rollout.plan.json","100644","be524ee354248bda4db8edc9296f76cb6cc385dd","pure_relocation","","legacy/supervm-20261002/config/runtime/lifecycle/rollout.plan.json","be524ee354248bda4db8edc9296f76cb6cc385dd","","be524ee354248bda4db8edc9296f76cb6cc385dd","legacy/supervm-20261002/config/runtime/lifecycle/rollout.plan.json","980A72EDBC127735D02CDD05E212E0DFDC240897F85CF534F487BF48F2F0E3F5","config/runtime/lifecycle/rollout.plan.json","before Git object; local drafts preserved separately, no overwrite","restore_identical_tree_to_original_path","","False","PENDING_USER_REVIEW"
"config/runtime/lifecycle/rollout.queue.json","100644","0db4ee73dc080a2a03026cd18fd0c784b8bd3ff7","pure_relocation","","legacy/supervm-20261002/config/runtime/lifecycle/rollout.queue.json","0db4ee73dc080a2a03026cd18fd0c784b8bd3ff7","","0db4ee73dc080a2a03026cd18fd0c784b8bd3ff7","legacy/supervm-20261002/config/runtime/lifecycle/rollout.queue.json","F11484F176FF763DFBEF4E06418C0953BF2822FCA4D42D79283B8241A782F0FE","config/runtime/lifecycle/rollout.queue.json","before Git object; local drafts preserved separately, no overwrite","restore_identical_tree_to_original_path","","False","PENDING_USER_REVIEW"
"configs/network-overlay/adaptive-cross-machine-4node.example.json","100644","c16812eb91fe9bd4960e3f2e14f29be64885a072","pure_relocation","","legacy/supervm-20261002/configs/network-overlay/adaptive-cross-machine-4node.example.json","c16812eb91fe9bd4960e3f2e14f29be64885a072","","c16812eb91fe9bd4960e3f2e14f29be64885a072","legacy/supervm-20261002/configs/network-overlay/adaptive-cross-machine-4node.example.json","2F0E2741F52F3684F3C403695742AE6B5E13D104AE6261020013B85BBF13FE0C","configs/network-overlay/adaptive-cross-machine-4node.example.json","before Git object; local drafts preserved separately, no overwrite","restore_identical_tree_to_original_path","","False","PENDING_USER_REVIEW"
"configs/network-overlay/cross-machine-loopback.example.json","100644","42609daf9e9d573ceed57e2acc5782a30ec292d0","pure_relocation","","legacy/supervm-20261002/configs/network-overlay/cross-machine-loopback.example.json","42609daf9e9d573ceed57e2acc5782a30ec292d0","","42609daf9e9d573ceed57e2acc5782a30ec292d0","legacy/supervm-20261002/configs/network-overlay/cross-machine-loopback.example.json","FD9B26953D71331608250BEB1A19DF395DEDEFB50400DBFFF46798B833C44394","configs/network-overlay/cross-machine-loopback.example.json","before Git object; local drafts preserved separately, no overwrite","restore_identical_tree_to_original_path","","False","PENDING_USER_REVIEW"
"crates/aoem-bindings/Cargo.lock","100644","2db7e27af147aab2505dd9df8d04f6f0e0aae95e","pure_relocation","","legacy/supervm-20261002/crates/aoem-bindings/Cargo.lock","2db7e27af147aab2505dd9df8d04f6f0e0aae95e","","2db7e27af147aab2505dd9df8d04f6f0e0aae95e","legacy/supervm-20261002/crates/aoem-bindings/Cargo.lock","BBB9819C251A23DA1F7CECFCDE7ED763205A438FA4B3A49BC04CE9872905E27F","crates/aoem-bindings/Cargo.lock","before Git object; local drafts preserved separately, no overwrite","restore_identical_tree_to_original_path","","False","PENDING_USER_REVIEW"
"crates/aoem-bindings/Cargo.toml","100644","a4bed044cb9cfd05ff19ba265e48456598512692","pure_relocation","","legacy/supervm-20261002/crates/aoem-bindings/Cargo.toml","a4bed044cb9cfd05ff19ba265e48456598512692","","a4bed044cb9cfd05ff19ba265e48456598512692","legacy/supervm-20261002/crates/aoem-bindings/Cargo.toml","A947DC61D1F1F2911F4B668595B22AC6D42FBC308CB32F4B1FA5A0DA3D8EC974","crates/aoem-bindings/Cargo.toml","before Git object; local drafts preserved separately, no overwrite","restore_identical_tree_to_original_path","","False","PENDING_USER_REVIEW"
"crates/aoem-bindings/examples/ffi_consistency_digest.rs","100644","86ab6c4375072b36c33de63c58f3494fb2548deb","pure_relocation","","legacy/supervm-20261002/crates/aoem-bindings/examples/ffi_consistency_digest.rs","86ab6c4375072b36c33de63c58f3494fb2548deb","","86ab6c4375072b36c33de63c58f3494fb2548deb","legacy/supervm-20261002/crates/aoem-bindings/examples/ffi_consistency_digest.rs","FA6FB3538DED54B72FD3503FE2EFFB92D3DB2D0651EFCFC51C78C78D5D0ACAC0","crates/aoem-bindings/examples/ffi_consistency_digest.rs","before Git object; local drafts preserved separately, no overwrite","restore_identical_tree_to_original_path","","False","PENDING_USER_REVIEW"
"crates/aoem-bindings/examples/ffi_install_probe.rs","100644","aa95e7c845645c57a597edf972ca76eddbb398f1","pure_relocation","","legacy/supervm-20261002/crates/aoem-bindings/examples/ffi_install_probe.rs","aa95e7c845645c57a597edf972ca76eddbb398f1","","aa95e7c845645c57a597edf972ca76eddbb398f1","legacy/supervm-20261002/crates/aoem-bindings/examples/ffi_install_probe.rs","EFFCD57B8C65BCBDBC428B3753D466445C1AA513050381660B80D05D4C27113A","crates/aoem-bindings/examples/ffi_install_probe.rs","before Git object; local drafts preserved separately, no overwrite","restore_identical_tree_to_original_path","","False","PENDING_USER_REVIEW"
"crates/aoem-bindings/examples/ffi_perf_smoke.rs","100644","dfa71f48a0859d3a323a4b84676b1a93b56e0657","pure_relocation","","legacy/supervm-20261002/crates/aoem-bindings/examples/ffi_perf_smoke.rs","dfa71f48a0859d3a323a4b84676b1a93b56e0657","","dfa71f48a0859d3a323a4b84676b1a93b56e0657","legacy/supervm-20261002/crates/aoem-bindings/examples/ffi_perf_smoke.rs","F4479427DFC10D88E4F0E6B305A886CE5C747C6310E9F72C16E952DCBF62CF2F","crates/aoem-bindings/examples/ffi_perf_smoke.rs","before Git object; local drafts preserved separately, no overwrite","restore_identical_tree_to_original_path","","False","PENDING_USER_REVIEW"
"crates/aoem-bindings/examples/ffi_perf_worldline.rs","100644","efc1a9384d868916cd2c19c9e7d103b77de2151e","pure_relocation","","legacy/supervm-20261002/crates/aoem-bindings/examples/ffi_perf_worldline.rs","efc1a9384d868916cd2c19c9e7d103b77de2151e","","efc1a9384d868916cd2c19c9e7d103b77de2151e","legacy/supervm-20261002/crates/aoem-bindings/examples/ffi_perf_worldline.rs","9D9AD69307C15A7E59C0237D9E689819E3E2A22DE148BEEB7FE847ED93399926","crates/aoem-bindings/examples/ffi_perf_worldline.rs","before Git object; local drafts preserved separately, no overwrite","restore_identical_tree_to_original_path","","False","PENDING_USER_REVIEW"
"crates/aoem-bindings/examples/groth16_prove_batch_smoke.rs","100644","3364f1d0f7ad65ee235608280852471021bce55e","pure_relocation","","legacy/supervm-20261002/crates/aoem-bindings/examples/groth16_prove_batch_smoke.rs","3364f1d0f7ad65ee235608280852471021bce55e","","3364f1d0f7ad65ee235608280852471021bce55e","legacy/supervm-20261002/crates/aoem-bindings/examples/groth16_prove_batch_smoke.rs","6FEC920BBDB70CB22DC3BB49CA78291B88ABE690E4180715A6FE74BD27810406","crates/aoem-bindings/examples/groth16_prove_batch_smoke.rs","before Git object; local drafts preserved separately, no overwrite","restore_identical_tree_to_original_path","","False","PENDING_USER_REVIEW"
"crates/aoem-bindings/examples/mldsa_verify_batch_perf.rs","100644","b35d1b7621b52388c04122551987ad165127769c","pure_relocation","","legacy/supervm-20261002/crates/aoem-bindings/examples/mldsa_verify_batch_perf.rs","b35d1b7621b52388c04122551987ad165127769c","","b35d1b7621b52388c04122551987ad165127769c","legacy/supervm-20261002/crates/aoem-bindings/examples/mldsa_verify_batch_perf.rs","F6EDAAB19105942FE01BAA30E9E34E75F569DD0C1164F87DC0CD1F34CC7DFEBF","crates/aoem-bindings/examples/mldsa_verify_batch_perf.rs","before Git object; local drafts preserved separately, no overwrite","restore_identical_tree_to_original_path","","False","PENDING_USER_REVIEW"
"crates/aoem-bindings/examples/portable_fixed_proof_probe.rs","100644","6af7c2b2c203638d7988c7106ca5f8775567f3b3","pure_relocation","","legacy/supervm-20261002/crates/aoem-bindings/examples/portable_fixed_proof_probe.rs","6af7c2b2c203638d7988c7106ca5f8775567f3b3","","6af7c2b2c203638d7988c7106ca5f8775567f3b3","legacy/supervm-20261002/crates/aoem-bindings/examples/portable_fixed_proof_probe.rs","056A4BB15D714F3516E167EED619104D0D6EE6888157AEA423A6ED1E5D1ED355","crates/aoem-bindings/examples/portable_fixed_proof_probe.rs","before Git object; local drafts preserved separately, no overwrite","restore_identical_tree_to_original_path","","False","PENDING_USER_REVIEW"
"crates/aoem-bindings/examples/proof_engine_host_smoke.rs","100644","6bdb02dbfe6c42bd8d44d686660965c02dbfb3ef","pure_relocation","","legacy/supervm-20261002/crates/aoem-bindings/examples/proof_engine_host_smoke.rs","6bdb02dbfe6c42bd8d44d686660965c02dbfb3ef","","6bdb02dbfe6c42bd8d44d686660965c02dbfb3ef","legacy/supervm-20261002/crates/aoem-bindings/examples/proof_engine_host_smoke.rs","0EF435473AE18BB4A91B74CAFF07460344602EAD545585376D9A36EA29485A72","crates/aoem-bindings/examples/proof_engine_host_smoke.rs","before Git object; local drafts preserved separately, no overwrite","restore_identical_tree_to_original_path","","False","PENDING_USER_REVIEW"
"crates/aoem-bindings/src/lib.rs","100644","dae61b3e1fa0cca117b524e98b8e273b85b17a5e","pure_relocation","","legacy/supervm-20261002/crates/aoem-bindings/src/lib.rs","dae61b3e1fa0cca117b524e98b8e273b85b17a5e","","dae61b3e1fa0cca117b524e98b8e273b85b17a5e","legacy/supervm-20261002/crates/aoem-bindings/src/lib.rs","93D8EF331BD139690081C293E85E4C6E1B9B9DC16AE7618E0660FF28D713C8F9","crates/aoem-bindings/src/lib.rs","before Git object; local drafts preserved separately, no overwrite","restore_identical_tree_to_original_path","","False","PENDING_USER_REVIEW"
"crates/aoem-bindings/src/portable_receipt.rs","100644","fd1c5f78c70eebd6ce480684c9586bd61cfcdf8a","pure_relocation","","legacy/supervm-20261002/crates/aoem-bindings/src/portable_receipt.rs","fd1c5f78c70eebd6ce480684c9586bd61cfcdf8a","","fd1c5f78c70eebd6ce480684c9586bd61cfcdf8a","legacy/supervm-20261002/crates/aoem-bindings/src/portable_receipt.rs","3AA42DDDEDE2FCD9259CA30D44D212773AA08EE629064516AC7ABFFF4562A75A","crates/aoem-bindings/src/portable_receipt.rs","before Git object; local drafts preserved separately, no overwrite","restore_identical_tree_to_original_path","","False","PENDING_USER_REVIEW"
"crates/gateways/evm-gateway/Cargo.toml","100644","6888201587c6e5dba569a7b75d340a3b2725be6f","pure_relocation","","legacy/supervm-20261002/crates/gateways/evm-gateway/Cargo.toml","6888201587c6e5dba569a7b75d340a3b2725be6f","","6888201587c6e5dba569a7b75d340a3b2725be6f","legacy/supervm-20261002/crates/gateways/evm-gateway/Cargo.toml","F3CE8AF391324C000C3DFB52129EF33A72E7A1C41128B8A02DA01E43CA87363F","crates/gateways/evm-gateway/Cargo.toml","before Git object; local drafts preserved separately, no overwrite","restore_identical_tree_to_original_path","","False","PENDING_USER_REVIEW"
"crates/gateways/evm-gateway/src/bin/evm_atomic_broadcast_executor.rs","100644","9d599b6014724725d66fcc8f32ecd296d20b2d22","pure_relocation","","legacy/supervm-20261002/crates/gateways/evm-gateway/src/bin/evm_atomic_broadcast_executor.rs","9d599b6014724725d66fcc8f32ecd296d20b2d22","","9d599b6014724725d66fcc8f32ecd296d20b2d22","legacy/supervm-20261002/crates/gateways/evm-gateway/src/bin/evm_atomic_broadcast_executor.rs","B8A768E34554E7D9EF028015BD8CC2C370D6C3FA1CF74340BABE8ECD07CFC318","crates/gateways/evm-gateway/src/bin/evm_atomic_broadcast_executor.rs","before Git object; local drafts preserved separately, no overwrite","restore_identical_tree_to_original_path","","False","PENDING_USER_REVIEW"
"crates/gateways/evm-gateway/src/bincode_compat.rs","100644","68b9cb0b8ba98def5055153737d8e801ec8c3749","pure_relocation","","legacy/supervm-20261002/crates/gateways/evm-gateway/src/bincode_compat.rs","68b9cb0b8ba98def5055153737d8e801ec8c3749","","68b9cb0b8ba98def5055153737d8e801ec8c3749","legacy/supervm-20261002/crates/gateways/evm-gateway/src/bincode_compat.rs","7411C0C47010DD3AAFC520D0C25815EBB1D5577D91F2B538359371AE86356E78","crates/gateways/evm-gateway/src/bincode_compat.rs","before Git object; local drafts preserved separately, no overwrite","restore_identical_tree_to_original_path","","False","PENDING_USER_REVIEW"
"crates/gateways/evm-gateway/src/main_tests.rs","100644","b4e0144f788424e7205db17575ecd19220c41994","pure_relocation","","legacy/supervm-20261002/crates/gateways/evm-gateway/src/main_tests.rs","b4e0144f788424e7205db17575ecd19220c41994","","b4e0144f788424e7205db17575ecd19220c41994","legacy/supervm-20261002/crates/gateways/evm-gateway/src/main_tests.rs","ADBB7878848FC78D76C1DAC3BB6AF82B28FA320C7DBA086B23848D8480C0D625","crates/gateways/evm-gateway/src/main_tests.rs","before Git object; local drafts preserved separately, no overwrite","restore_identical_tree_to_original_path","","False","PENDING_USER_REVIEW"
"crates/gateways/evm-gateway/src/main.rs","100644","86b1674742eb82b79a9f54174ca957be7326684b","pure_relocation","","legacy/supervm-20261002/crates/gateways/evm-gateway/src/main.rs","86b1674742eb82b79a9f54174ca957be7326684b","","86b1674742eb82b79a9f54174ca957be7326684b","legacy/supervm-20261002/crates/gateways/evm-gateway/src/main.rs","2F6F9C718D78B8C235A5572CB3B4671AFEB660521E7247603E076FEACADA5725","crates/gateways/evm-gateway/src/main.rs","before Git object; local drafts preserved separately, no overwrite","restore_identical_tree_to_original_path","","False","PENDING_USER_REVIEW"
"crates/gateways/evm-gateway/src/rpc_error_http.rs","100644","67d971fd10feb06e9e06140387921e50aa8ec086","pure_relocation","","legacy/supervm-20261002/crates/gateways/evm-gateway/src/rpc_error_http.rs","67d971fd10feb06e9e06140387921e50aa8ec086","","67d971fd10feb06e9e06140387921e50aa8ec086","legacy/supervm-20261002/crates/gateways/evm-gateway/src/rpc_error_http.rs","7F1CF3B91C80AF5D074C86B83E34935BB11EA1D0EE14AD36A270284F054E93B5","crates/gateways/evm-gateway/src/rpc_error_http.rs","before Git object; local drafts preserved separately, no overwrite","restore_identical_tree_to_original_path","","False","PENDING_USER_REVIEW"
"crates/gateways/evm-gateway/src/rpc_eth_query_helpers.rs","100644","a97c69a69447ad84689db66d9d48cd5493f7f5d0","pure_relocation","","legacy/supervm-20261002/crates/gateways/evm-gateway/src/rpc_eth_query_helpers.rs","a97c69a69447ad84689db66d9d48cd5493f7f5d0","","a97c69a69447ad84689db66d9d48cd5493f7f5d0","legacy/supervm-20261002/crates/gateways/evm-gateway/src/rpc_eth_query_helpers.rs","EAB40CAD20AF5812DEB75BC6D4AE5FAAF613834402572E17EA14FCD5D31D7356","crates/gateways/evm-gateway/src/rpc_eth_query_helpers.rs","before Git object; local drafts preserved separately, no overwrite","restore_identical_tree_to_original_path","","False","PENDING_USER_REVIEW"
"crates/gateways/evm-gateway/src/rpc_eth_receipts.rs","100644","7429e039e509d9025d3ec7ece2058cb538d5e45b","pure_relocation","","legacy/supervm-20261002/crates/gateways/evm-gateway/src/rpc_eth_receipts.rs","7429e039e509d9025d3ec7ece2058cb538d5e45b","","7429e039e509d9025d3ec7ece2058cb538d5e45b","legacy/supervm-20261002/crates/gateways/evm-gateway/src/rpc_eth_receipts.rs","D3ABCC4354862E112E19BB763C34ADF941F9749C0FAE9842A26F9035A7092CAA","crates/gateways/evm-gateway/src/rpc_eth_receipts.rs","before Git object; local drafts preserved separately, no overwrite","restore_identical_tree_to_original_path","","False","PENDING_USER_REVIEW"
"crates/gateways/evm-gateway/src/rpc_eth_state.rs","100644","681ce0816fe9a4393c60ba7a70608e0615b15e35","pure_relocation","","legacy/supervm-20261002/crates/gateways/evm-gateway/src/rpc_eth_state.rs","681ce0816fe9a4393c60ba7a70608e0615b15e35","","681ce0816fe9a4393c60ba7a70608e0615b15e35","legacy/supervm-20261002/crates/gateways/evm-gateway/src/rpc_eth_state.rs","35CBFFFC8AB7E0253C377925BDDE33C4F557188E8F6B884F5627E5159841608A","crates/gateways/evm-gateway/src/rpc_eth_state.rs","before Git object; local drafts preserved separately, no overwrite","restore_identical_tree_to_original_path","","False","PENDING_USER_REVIEW"
"crates/gateways/evm-gateway/src/rpc_eth_sync.rs","100644","80fa635f9fbd52e415029e70fe2acc2e9a73cf32","pure_relocation","","legacy/supervm-20261002/crates/gateways/evm-gateway/src/rpc_eth_sync.rs","80fa635f9fbd52e415029e70fe2acc2e9a73cf32","","80fa635f9fbd52e415029e70fe2acc2e9a73cf32","legacy/supervm-20261002/crates/gateways/evm-gateway/src/rpc_eth_sync.rs","08E73319CC7FF05FB25C775221F02ABB4537B0971F48FEF08E1480D3CB42600C","crates/gateways/evm-gateway/src/rpc_eth_sync.rs","before Git object; local drafts preserved separately, no overwrite","restore_identical_tree_to_original_path","","False","PENDING_USER_REVIEW"
"crates/gateways/evm-gateway/src/rpc_eth_txpool.rs","100644","82672baff6e5a3dd1b08d06a6d9ba24f276ff8a2","pure_relocation","","legacy/supervm-20261002/crates/gateways/evm-gateway/src/rpc_eth_txpool.rs","82672baff6e5a3dd1b08d06a6d9ba24f276ff8a2","","82672baff6e5a3dd1b08d06a6d9ba24f276ff8a2","legacy/supervm-20261002/crates/gateways/evm-gateway/src/rpc_eth_txpool.rs","C7FF6B1921BCF73A3D21B567F0A76AE05BCDF1BF677588D5792A3442F41788DC","crates/gateways/evm-gateway/src/rpc_eth_txpool.rs","before Git object; local drafts preserved separately, no overwrite","restore_identical_tree_to_original_path","","False","PENDING_USER_REVIEW"
"crates/gateways/evm-gateway/src/rpc_eth_upstream.rs","100644","4d85c30f7a326083d99ce88cf47d0c42d1816e5b","pure_relocation","","legacy/supervm-20261002/crates/gateways/evm-gateway/src/rpc_eth_upstream.rs","4d85c30f7a326083d99ce88cf47d0c42d1816e5b","","4d85c30f7a326083d99ce88cf47d0c42d1816e5b","legacy/supervm-20261002/crates/gateways/evm-gateway/src/rpc_eth_upstream.rs","027454D84521E5C054E5F7429B0F95632B93A1F080F2D0D0C4B635E35141DE82","crates/gateways/evm-gateway/src/rpc_eth_upstream.rs","before Git object; local drafts preserved separately, no overwrite","restore_identical_tree_to_original_path","","False","PENDING_USER_REVIEW"
"crates/gateways/evm-gateway/src/rpc_gateway_exec_cfg.rs","100644","8df3f487ea173f1ee31cb99ae2cfd09ad29b3964","pure_relocation","","legacy/supervm-20261002/crates/gateways/evm-gateway/src/rpc_gateway_exec_cfg.rs","8df3f487ea173f1ee31cb99ae2cfd09ad29b3964","","8df3f487ea173f1ee31cb99ae2cfd09ad29b3964","legacy/supervm-20261002/crates/gateways/evm-gateway/src/rpc_gateway_exec_cfg.rs","75F57152E0843C474EF95ACE14BF32353E41589DE250BAA1B86973E3DE46455F","crates/gateways/evm-gateway/src/rpc_gateway_exec_cfg.rs","before Git object; local drafts preserved separately, no overwrite","restore_identical_tree_to_original_path","","False","PENDING_USER_REVIEW"
"crates/gateways/evm-gateway/src/rpc_gateway_ops.rs","100644","9935de92689541f7d4b11d0cba47c0ccdaa4bc3a","pure_relocation","","legacy/supervm-20261002/crates/gateways/evm-gateway/src/rpc_gateway_ops.rs","9935de92689541f7d4b11d0cba47c0ccdaa4bc3a","","9935de92689541f7d4b11d0cba47c0ccdaa4bc3a","legacy/supervm-20261002/crates/gateways/evm-gateway/src/rpc_gateway_ops.rs","DD324EA3FD6EFD0A6D562FD917DCD372B7D368B5283925129606ABDE2956D185","crates/gateways/evm-gateway/src/rpc_gateway_ops.rs","before Git object; local drafts preserved separately, no overwrite","restore_identical_tree_to_original_path","","False","PENDING_USER_REVIEW"
"crates/gateways/evm-gateway/src/rpc_params_utils.rs","100644","d64553c7831e81e28afff3341ec1214381e767a0","pure_relocation","","legacy/supervm-20261002/crates/gateways/evm-gateway/src/rpc_params_utils.rs","d64553c7831e81e28afff3341ec1214381e767a0","","d64553c7831e81e28afff3341ec1214381e767a0","legacy/supervm-20261002/crates/gateways/evm-gateway/src/rpc_params_utils.rs","23FCEC8D604C02D8C48AEE0A7800068C77358F5C61216939714E649B4BCF8EE1","crates/gateways/evm-gateway/src/rpc_params_utils.rs","before Git object; local drafts preserved separately, no overwrite","restore_identical_tree_to_original_path","","False","PENDING_USER_REVIEW"
"crates/novovm-adapter-api/Cargo.toml","100644","933ac76b4c996d2a22e8c819fc91ad78c3769bce","pure_relocation","","legacy/supervm-20261002/crates/novovm-adapter-api/Cargo.toml","933ac76b4c996d2a22e8c819fc91ad78c3769bce","","933ac76b4c996d2a22e8c819fc91ad78c3769bce","legacy/supervm-20261002/crates/novovm-adapter-api/Cargo.toml","2F25302304F99435D1F481A4D1F143AC491271F0AB5896BDD736E5E1340CF5A1","crates/novovm-adapter-api/Cargo.toml","before Git object; local drafts preserved separately, no overwrite","restore_identical_tree_to_original_path","","False","PENDING_USER_REVIEW"
"crates/novovm-adapter-api/src/bincode_compat.rs","100644","68b9cb0b8ba98def5055153737d8e801ec8c3749","pure_relocation","","legacy/supervm-20261002/crates/novovm-adapter-api/src/bincode_compat.rs","68b9cb0b8ba98def5055153737d8e801ec8c3749","","68b9cb0b8ba98def5055153737d8e801ec8c3749","legacy/supervm-20261002/crates/novovm-adapter-api/src/bincode_compat.rs","7411C0C47010DD3AAFC520D0C25815EBB1D5577D91F2B538359371AE86356E78","crates/novovm-adapter-api/src/bincode_compat.rs","before Git object; local drafts preserved separately, no overwrite","restore_identical_tree_to_original_path","","False","PENDING_USER_REVIEW"
"crates/novovm-adapter-api/src/chain_adapter.rs","100644","600a72585eae9e04e972496b525b5a948367be4b","pure_relocation","","legacy/supervm-20261002/crates/novovm-adapter-api/src/chain_adapter.rs","600a72585eae9e04e972496b525b5a948367be4b","","600a72585eae9e04e972496b525b5a948367be4b","legacy/supervm-20261002/crates/novovm-adapter-api/src/chain_adapter.rs","EBD2DCD0DFFFC5B230177F6983D4526DF53C70B384CFCBE1003F65FCAD578AE8","crates/novovm-adapter-api/src/chain_adapter.rs","before Git object; local drafts preserved separately, no overwrite","restore_identical_tree_to_original_path","","False","PENDING_USER_REVIEW"
"crates/novovm-adapter-api/src/evm_mirror.rs","100644","1f135af8c9e8baf83afc59b0bd49c560b551b3f7","pure_relocation","","legacy/supervm-20261002/crates/novovm-adapter-api/src/evm_mirror.rs","1f135af8c9e8baf83afc59b0bd49c560b551b3f7","","1f135af8c9e8baf83afc59b0bd49c560b551b3f7","legacy/supervm-20261002/crates/novovm-adapter-api/src/evm_mirror.rs","51C2A93C1BBBBD9D076022EF1224D777E171439E5025292B56275988945AD5B1","crates/novovm-adapter-api/src/evm_mirror.rs","before Git object; local drafts preserved separately, no overwrite","restore_identical_tree_to_original_path","","False","PENDING_USER_REVIEW"
"crates/novovm-adapter-api/src/ir.rs","100644","ad49dd7f5a831a37dc10057364646240495ee290","pure_relocation","","legacy/supervm-20261002/crates/novovm-adapter-api/src/ir.rs","ad49dd7f5a831a37dc10057364646240495ee290","","ad49dd7f5a831a37dc10057364646240495ee290","legacy/supervm-20261002/crates/novovm-adapter-api/src/ir.rs","E85008E336BFC5A3E993AB39C4269A7CC75BECAFB3088D34B640AA41C9C80720","crates/novovm-adapter-api/src/ir.rs","before Git object; local drafts preserved separately, no overwrite","restore_identical_tree_to_original_path","","False","PENDING_USER_REVIEW"
"crates/novovm-adapter-api/src/lib.rs","100644","af82bc827e121818634f6b84fd2cf536e2f01bf7","pure_relocation","","legacy/supervm-20261002/crates/novovm-adapter-api/src/lib.rs","af82bc827e121818634f6b84fd2cf536e2f01bf7","","af82bc827e121818634f6b84fd2cf536e2f01bf7","legacy/supervm-20261002/crates/novovm-adapter-api/src/lib.rs","4583011DEA5321D29F3671EE97E9B1FB2A007A59716C6E0BED4B8F40FF982297","crates/novovm-adapter-api/src/lib.rs","before Git object; local drafts preserved separately, no overwrite","restore_identical_tree_to_original_path","","False","PENDING_USER_REVIEW"
"crates/novovm-adapter-api/src/mapped_asset.rs","100644","b671b874b4b9d885f31b3a0abf950b8146585aed","pure_relocation","","legacy/supervm-20261002/crates/novovm-adapter-api/src/mapped_asset.rs","b671b874b4b9d885f31b3a0abf950b8146585aed","","b671b874b4b9d885f31b3a0abf950b8146585aed","legacy/supervm-20261002/crates/novovm-adapter-api/src/mapped_asset.rs","F0C0DF9A6099138D43DAD6CB231334B35811FDC17B6D0DB371BE0EB546628F73","crates/novovm-adapter-api/src/mapped_asset.rs","before Git object; local drafts preserved separately, no overwrite","restore_identical_tree_to_original_path","","False","PENDING_USER_REVIEW"
"crates/novovm-adapter-api/src/native_signing.rs","100644","237508948b58d033fabf8033dd17a670438979a1","pure_relocation","","legacy/supervm-20261002/crates/novovm-adapter-api/src/native_signing.rs","237508948b58d033fabf8033dd17a670438979a1","","237508948b58d033fabf8033dd17a670438979a1","legacy/supervm-20261002/crates/novovm-adapter-api/src/native_signing.rs","8736225CA7D58527E0DBEC0B11FEFB6F86F2A273CB681B8402DA2178561984AB","crates/novovm-adapter-api/src/native_signing.rs","before Git object; local drafts preserved separately, no overwrite","restore_identical_tree_to_original_path","","False","PENDING_USER_REVIEW"
"crates/novovm-adapter-api/src/unified_account.rs","100644","ebe93050261899c006c33ee249b68be606429081","pure_relocation","","legacy/supervm-20261002/crates/novovm-adapter-api/src/unified_account.rs","ebe93050261899c006c33ee249b68be606429081","","ebe93050261899c006c33ee249b68be606429081","legacy/supervm-20261002/crates/novovm-adapter-api/src/unified_account.rs","C48EBBBD7C474C665EEC4AE6BB848EA90967A4E39DCCAA3730C3D2E4683C5A8D","crates/novovm-adapter-api/src/unified_account.rs","before Git object; local drafts preserved separately, no overwrite","restore_identical_tree_to_original_path","","False","PENDING_USER_REVIEW"
"crates/novovm-adapter-api/tests/ir_smoke.rs","100644","dbe7e3b15e57031add9700f31846e16914e7977c","pure_relocation","","legacy/supervm-20261002/crates/novovm-adapter-api/tests/ir_smoke.rs","dbe7e3b15e57031add9700f31846e16914e7977c","","dbe7e3b15e57031add9700f31846e16914e7977c","legacy/supervm-20261002/crates/novovm-adapter-api/tests/ir_smoke.rs","85AB18023983563FF4D37B4161B03A99D3A3A7723A0D75A5C62A182B79B54E23","crates/novovm-adapter-api/tests/ir_smoke.rs","before Git object; local drafts preserved separately, no overwrite","restore_identical_tree_to_original_path","","False","PENDING_USER_REVIEW"
"crates/novovm-adapter-api/tests/unified_account_smoke.rs","100644","bf00eca706a9b1999703b4dd6b317aeb81605d00","pure_relocation","","legacy/supervm-20261002/crates/novovm-adapter-api/tests/unified_account_smoke.rs","bf00eca706a9b1999703b4dd6b317aeb81605d00","","bf00eca706a9b1999703b4dd6b317aeb81605d00","legacy/supervm-20261002/crates/novovm-adapter-api/tests/unified_account_smoke.rs","CF1B92FCA059475C8010B20AC0F1EE05618C8933DBF8A8E7FB734CF9D71FC2E7","crates/novovm-adapter-api/tests/unified_account_smoke.rs","before Git object; local drafts preserved separately, no overwrite","restore_identical_tree_to_original_path","","False","PENDING_USER_REVIEW"
"crates/novovm-adapter-novovm/Cargo.toml","100644","9fc54e5c31c66dd1c3aa24bea47368e2f10d01eb","pure_relocation","","legacy/supervm-20261002/crates/novovm-adapter-novovm/Cargo.toml","9fc54e5c31c66dd1c3aa24bea47368e2f10d01eb","","9fc54e5c31c66dd1c3aa24bea47368e2f10d01eb","legacy/supervm-20261002/crates/novovm-adapter-novovm/Cargo.toml","E9185DEDCA380C0C5AF946C155A158BAF17EC42E8463D5CB609D6043277D8220","crates/novovm-adapter-novovm/Cargo.toml","before Git object; local drafts preserved separately, no overwrite","restore_identical_tree_to_original_path","","False","PENDING_USER_REVIEW"
"crates/novovm-adapter-novovm/src/bincode_compat.rs","100644","68b9cb0b8ba98def5055153737d8e801ec8c3749","pure_relocation","","legacy/supervm-20261002/crates/novovm-adapter-novovm/src/bincode_compat.rs","68b9cb0b8ba98def5055153737d8e801ec8c3749","","68b9cb0b8ba98def5055153737d8e801ec8c3749","legacy/supervm-20261002/crates/novovm-adapter-novovm/src/bincode_compat.rs","7411C0C47010DD3AAFC520D0C25815EBB1D5577D91F2B538359371AE86356E78","crates/novovm-adapter-novovm/src/bincode_compat.rs","before Git object; local drafts preserved separately, no overwrite","restore_identical_tree_to_original_path","","False","PENDING_USER_REVIEW"
"crates/novovm-adapter-novovm/src/lib.rs","100644","574f20da63fa1111a1433607a7a449ba866e0a5f","pure_relocation","","legacy/supervm-20261002/crates/novovm-adapter-novovm/src/lib.rs","574f20da63fa1111a1433607a7a449ba866e0a5f","","574f20da63fa1111a1433607a7a449ba866e0a5f","legacy/supervm-20261002/crates/novovm-adapter-novovm/src/lib.rs","797D0B16F63C20E71F643A66EDC7754559D6A9612056D4AB4CFCD21FCED709BB","crates/novovm-adapter-novovm/src/lib.rs","before Git object; local drafts preserved separately, no overwrite","restore_identical_tree_to_original_path","","False","PENDING_USER_REVIEW"
"crates/novovm-adapter-novovm/src/native_signing_tests.rs","100644","56322fbebfbd6038a315dd899b6677315d3cdefc","pure_relocation","","legacy/supervm-20261002/crates/novovm-adapter-novovm/src/native_signing_tests.rs","56322fbebfbd6038a315dd899b6677315d3cdefc","","56322fbebfbd6038a315dd899b6677315d3cdefc","legacy/supervm-20261002/crates/novovm-adapter-novovm/src/native_signing_tests.rs","99BDB7B054FFB35DF025848C8F133D0EB626C93170F7061A85A1F969E87138AF","crates/novovm-adapter-novovm/src/native_signing_tests.rs","before Git object; local drafts preserved separately, no overwrite","restore_identical_tree_to_original_path","","False","PENDING_USER_REVIEW"
"crates/novovm-adapter-novovm/tests/fixtures/ethereum-official-state-subset/call-depth-oog.json","100644","c1ad96fbae5a816be1b13e5fa454c20ea62103d0","pure_relocation","","legacy/supervm-20261002/crates/novovm-adapter-novovm/tests/fixtures/ethereum-official-state-subset/call-depth-oog.json","c1ad96fbae5a816be1b13e5fa454c20ea62103d0","","c1ad96fbae5a816be1b13e5fa454c20ea62103d0","legacy/supervm-20261002/crates/novovm-adapter-novovm/tests/fixtures/ethereum-official-state-subset/call-depth-oog.json","F1CD7D71095D7215600ECEE4F94B7337E12EBD47325CFB2B10E93C6A1DF86BE0","crates/novovm-adapter-novovm/tests/fixtures/ethereum-official-state-subset/call-depth-oog.json","before Git object; local drafts preserved separately, no overwrite","restore_identical_tree_to_original_path","","False","PENDING_USER_REVIEW"
"crates/novovm-adapter-novovm/tests/fixtures/ethereum-official-state-subset/call-high-value.json","100644","eb030e954f6165073f4e84bcaa530a1dbc74e7c7","pure_relocation","","legacy/supervm-20261002/crates/novovm-adapter-novovm/tests/fixtures/ethereum-official-state-subset/call-high-value.json","eb030e954f6165073f4e84bcaa530a1dbc74e7c7","","eb030e954f6165073f4e84bcaa530a1dbc74e7c7","legacy/supervm-20261002/crates/novovm-adapter-novovm/tests/fixtures/ethereum-official-state-subset/call-high-value.json","B65F6CAFB9E588499A8B438AC63D58D9C0F2C8751B40256E003228903102A4C6","crates/novovm-adapter-novovm/tests/fixtures/ethereum-official-state-subset/call-high-value.json","before Git object; local drafts preserved separately, no overwrite","restore_identical_tree_to_original_path","","False","PENDING_USER_REVIEW"
"crates/novovm-adapter-novovm/tests/fixtures/ethereum-official-state-subset/call-output.json","100644","fee37398250a87b7d26888e57b23e80af8c84e02","pure_relocation","","legacy/supervm-20261002/crates/novovm-adapter-novovm/tests/fixtures/ethereum-official-state-subset/call-output.json","fee37398250a87b7d26888e57b23e80af8c84e02","","fee37398250a87b7d26888e57b23e80af8c84e02","legacy/supervm-20261002/crates/novovm-adapter-novovm/tests/fixtures/ethereum-official-state-subset/call-output.json","EC31B520853E2F160C4D66F4871324A01D550768A293DDB2562C62D3C3ACE522","crates/novovm-adapter-novovm/tests/fixtures/ethereum-official-state-subset/call-output.json","before Git object; local drafts preserved separately, no overwrite","restore_identical_tree_to_original_path","","False","PENDING_USER_REVIEW"
"crates/novovm-adapter-novovm/tests/fixtures/ethereum-official-state-subset/create-account.json","100644","f92d9a146e73e2d3c00b440cf728be03721668dc","pure_relocation","","legacy/supervm-20261002/crates/novovm-adapter-novovm/tests/fixtures/ethereum-official-state-subset/create-account.json","f92d9a146e73e2d3c00b440cf728be03721668dc","","f92d9a146e73e2d3c00b440cf728be03721668dc","legacy/supervm-20261002/crates/novovm-adapter-novovm/tests/fixtures/ethereum-official-state-subset/create-account.json","05C1957A259E9516945EBC3B8412F8CEA126AC90C2118A9AB01AEF0323E3C0D5","crates/novovm-adapter-novovm/tests/fixtures/ethereum-official-state-subset/create-account.json","before Git object; local drafts preserved separately, no overwrite","restore_identical_tree_to_original_path","","False","PENDING_USER_REVIEW"
"crates/novovm-adapter-novovm/tests/fixtures/ethereum-official-state-subset/delegatecall-callcode-context.json","100644","af1daa70452b2147baa2a693256b08b70e7007be","pure_relocation","","legacy/supervm-20261002/crates/novovm-adapter-novovm/tests/fixtures/ethereum-official-state-subset/delegatecall-callcode-context.json","af1daa70452b2147baa2a693256b08b70e7007be","","af1daa70452b2147baa2a693256b08b70e7007be","legacy/supervm-20261002/crates/novovm-adapter-novovm/tests/fixtures/ethereum-official-state-subset/delegatecall-callcode-context.json","151239F093556B7FADEDBAC6B3AC338C927913CD7B41F5D18AA109D6A403EF31","crates/novovm-adapter-novovm/tests/fixtures/ethereum-official-state-subset/delegatecall-callcode-context.json","before Git object; local drafts preserved separately, no overwrite","restore_identical_tree_to_original_path","","False","PENDING_USER_REVIEW"
"crates/novovm-adapter-novovm/tests/fixtures/ethereum-official-state-subset/failure-account.json","100644","4b0f027c5d76f285e62374eef2fa55f9461d10ba","pure_relocation","","legacy/supervm-20261002/crates/novovm-adapter-novovm/tests/fixtures/ethereum-official-state-subset/failure-account.json","4b0f027c5d76f285e62374eef2fa55f9461d10ba","","4b0f027c5d76f285e62374eef2fa55f9461d10ba","legacy/supervm-20261002/crates/novovm-adapter-novovm/tests/fixtures/ethereum-official-state-subset/failure-account.json","0D838F1D6762B0955EC80BE774570BE37EBB39525F0B29EC97E4FC53F1BD973E","crates/novovm-adapter-novovm/tests/fixtures/ethereum-official-state-subset/failure-account.json","before Git object; local drafts preserved separately, no overwrite","restore_identical_tree_to_original_path","","False","PENDING_USER_REVIEW"
"crates/novovm-adapter-novovm/tests/fixtures/ethereum-official-state-subset/log-receipt.json","100644","848b79d27c0cfca5e140512f95ca80a5133e2f20","pure_relocation","","legacy/supervm-20261002/crates/novovm-adapter-novovm/tests/fixtures/ethereum-official-state-subset/log-receipt.json","848b79d27c0cfca5e140512f95ca80a5133e2f20","","848b79d27c0cfca5e140512f95ca80a5133e2f20","legacy/supervm-20261002/crates/novovm-adapter-novovm/tests/fixtures/ethereum-official-state-subset/log-receipt.json","2ED4F6285DEF263D97960F62F4B4C129806A80A1640CD3DB286F63272B2F3FED","crates/novovm-adapter-novovm/tests/fixtures/ethereum-official-state-subset/log-receipt.json","before Git object; local drafts preserved separately, no overwrite","restore_identical_tree_to_original_path","","False","PENDING_USER_REVIEW"
"crates/novovm-adapter-novovm/tests/fixtures/ethereum-official-state-subset/log4-oog-receipt.json","100644","466ea6d0540c90b87e5793ec7e4024ae07ea58cb","pure_relocation","","legacy/supervm-20261002/crates/novovm-adapter-novovm/tests/fixtures/ethereum-official-state-subset/log4-oog-receipt.json","466ea6d0540c90b87e5793ec7e4024ae07ea58cb","","466ea6d0540c90b87e5793ec7e4024ae07ea58cb","legacy/supervm-20261002/crates/novovm-adapter-novovm/tests/fixtures/ethereum-official-state-subset/log4-oog-receipt.json","C07BF637D9FFB4EC31CBC51ED4CD064C04A246CA17B1A581EF645F72D2872477","crates/novovm-adapter-novovm/tests/fixtures/ethereum-official-state-subset/log4-oog-receipt.json","before Git object; local drafts preserved separately, no overwrite","restore_identical_tree_to_original_path","","False","PENDING_USER_REVIEW"
"crates/novovm-adapter-novovm/tests/fixtures/ethereum-official-state-subset/precompile-failure-oog.json","100644","b6e3234dcc8ef610d6df5c7b9dbea9eabd77148d","pure_relocation","","legacy/supervm-20261002/crates/novovm-adapter-novovm/tests/fixtures/ethereum-official-state-subset/precompile-failure-oog.json","b6e3234dcc8ef610d6df5c7b9dbea9eabd77148d","","b6e3234dcc8ef610d6df5c7b9dbea9eabd77148d","legacy/supervm-20261002/crates/novovm-adapter-novovm/tests/fixtures/ethereum-official-state-subset/precompile-failure-oog.json","A76C7FB5399A7B04B8797D50F9E36C42B48B9FD8FD7E4FC8D42686C424FA18BE","crates/novovm-adapter-novovm/tests/fixtures/ethereum-official-state-subset/precompile-failure-oog.json","before Git object; local drafts preserved separately, no overwrite","restore_identical_tree_to_original_path","","False","PENDING_USER_REVIEW"
"crates/novovm-adapter-novovm/tests/fixtures/ethereum-official-state-subset/return-data.json","100644","23807186401e38ff32ce527b8845b4b5e91a98ae","pure_relocation","","legacy/supervm-20261002/crates/novovm-adapter-novovm/tests/fixtures/ethereum-official-state-subset/return-data.json","23807186401e38ff32ce527b8845b4b5e91a98ae","","23807186401e38ff32ce527b8845b4b5e91a98ae","legacy/supervm-20261002/crates/novovm-adapter-novovm/tests/fixtures/ethereum-official-state-subset/return-data.json","2E072B3EC1F8C04A8BE3DC9A498D8B5D7D5C7D3E79DAAB13BC7B1FBAB818DE45","crates/novovm-adapter-novovm/tests/fixtures/ethereum-official-state-subset/return-data.json","before Git object; local drafts preserved separately, no overwrite","restore_identical_tree_to_original_path","","False","PENDING_USER_REVIEW"
"crates/novovm-adapter-novovm/tests/fixtures/ethereum-official-state-subset/selfdestruct-zero-value.json","100644","f9bde9c7321b7c3840b33666af7a2a4f2a515968","pure_relocation","","legacy/supervm-20261002/crates/novovm-adapter-novovm/tests/fixtures/ethereum-official-state-subset/selfdestruct-zero-value.json","f9bde9c7321b7c3840b33666af7a2a4f2a515968","","f9bde9c7321b7c3840b33666af7a2a4f2a515968","legacy/supervm-20261002/crates/novovm-adapter-novovm/tests/fixtures/ethereum-official-state-subset/selfdestruct-zero-value.json","6FE67FA07541C706118B95D4BA661981BDA5FE7749D921AF8EB0C05D796B105B","crates/novovm-adapter-novovm/tests/fixtures/ethereum-official-state-subset/selfdestruct-zero-value.json","before Git object; local drafts preserved separately, no overwrite","restore_identical_tree_to_original_path","","False","PENDING_USER_REVIEW"
"crates/novovm-adapter-novovm/tests/fixtures/ethereum-official-state-subset/senderBalance.json","100644","498979c0fe5aff9f101346825a2f4a39af848a03","pure_relocation","","legacy/supervm-20261002/crates/novovm-adapter-novovm/tests/fixtures/ethereum-official-state-subset/senderBalance.json","498979c0fe5aff9f101346825a2f4a39af848a03","","498979c0fe5aff9f101346825a2f4a39af848a03","legacy/supervm-20261002/crates/novovm-adapter-novovm/tests/fixtures/ethereum-official-state-subset/senderBalance.json","E9275E28DADB11B71A586949C079B311271BB71D9AF8B4EF4D18C17A9096110E","crates/novovm-adapter-novovm/tests/fixtures/ethereum-official-state-subset/senderBalance.json","before Git object; local drafts preserved separately, no overwrite","restore_identical_tree_to_original_path","","False","PENDING_USER_REVIEW"
"crates/novovm-adapter-novovm/tests/fixtures/ethereum-official-state-subset/sstore-refund-cap.json","100644","15e83152d472053c4b639387f7a854a300ed0e5e","pure_relocation","","legacy/supervm-20261002/crates/novovm-adapter-novovm/tests/fixtures/ethereum-official-state-subset/sstore-refund-cap.json","15e83152d472053c4b639387f7a854a300ed0e5e","","15e83152d472053c4b639387f7a854a300ed0e5e","legacy/supervm-20261002/crates/novovm-adapter-novovm/tests/fixtures/ethereum-official-state-subset/sstore-refund-cap.json","BA9A53845D10CEFCDEDDBF17F5A1154D5D7819060852BC4925DFF62B7BE4F4C7","crates/novovm-adapter-novovm/tests/fixtures/ethereum-official-state-subset/sstore-refund-cap.json","before Git object; local drafts preserved separately, no overwrite","restore_identical_tree_to_original_path","","False","PENDING_USER_REVIEW"
"crates/novovm-adapter-novovm/tests/fixtures/ethereum-official-state-subset/staticcall-oog-no-commit.json","100644","88a2ad912051848ceda03116aa7ae12b093d0841","pure_relocation","","legacy/supervm-20261002/crates/novovm-adapter-novovm/tests/fixtures/ethereum-official-state-subset/staticcall-oog-no-commit.json","88a2ad912051848ceda03116aa7ae12b093d0841","","88a2ad912051848ceda03116aa7ae12b093d0841","legacy/supervm-20261002/crates/novovm-adapter-novovm/tests/fixtures/ethereum-official-state-subset/staticcall-oog-no-commit.json","6A1D8FFDF99E8E64E5CC356EFE90317F6B5240117543A0F6921A2DA7B2DDFCC3","crates/novovm-adapter-novovm/tests/fixtures/ethereum-official-state-subset/staticcall-oog-no-commit.json","before Git object; local drafts preserved separately, no overwrite","restore_identical_tree_to_original_path","","False","PENDING_USER_REVIEW"
"crates/novovm-adapter-novovm/tests/fixtures/ethereum-official-state-subset/staticcall-precompile-return.json","100644","cff6253fb551d87de4e9a784d42089cb3eece987","pure_relocation","","legacy/supervm-20261002/crates/novovm-adapter-novovm/tests/fixtures/ethereum-official-state-subset/staticcall-precompile-return.json","cff6253fb551d87de4e9a784d42089cb3eece987","","cff6253fb551d87de4e9a784d42089cb3eece987","legacy/supervm-20261002/crates/novovm-adapter-novovm/tests/fixtures/ethereum-official-state-subset/staticcall-precompile-return.json","530E114E17EB503E6C64D26FE36D5845ECFC1253697C47DDB4035A5E38760C7C","crates/novovm-adapter-novovm/tests/fixtures/ethereum-official-state-subset/staticcall-precompile-return.json","before Git object; local drafts preserved separately, no overwrite","restore_identical_tree_to_original_path","","False","PENDING_USER_REVIEW"
"crates/novovm-adapter-novovm/tests/fixtures/ethereum-official-state-subset/staticcall-state-change-no-commit.json","100644","efdb885171631d0482796bb6a18a822f8cac7540","pure_relocation","","legacy/supervm-20261002/crates/novovm-adapter-novovm/tests/fixtures/ethereum-official-state-subset/staticcall-state-change-no-commit.json","efdb885171631d0482796bb6a18a822f8cac7540","","efdb885171631d0482796bb6a18a822f8cac7540","legacy/supervm-20261002/crates/novovm-adapter-novovm/tests/fixtures/ethereum-official-state-subset/staticcall-state-change-no-commit.json","FE3C82F513913AA12D579775420DB412D137316E77D23625F947B370E8D83BDD","crates/novovm-adapter-novovm/tests/fixtures/ethereum-official-state-subset/staticcall-state-change-no-commit.json","before Git object; local drafts preserved separately, no overwrite","restore_identical_tree_to_original_path","","False","PENDING_USER_REVIEW"
"crates/novovm-adapter-novovm/tests/fixtures/ethereum-official-state-subset/storageCosts-warm-cold.json","100644","fccc1cfa4a8aaa4729007d90c2a5e031715f3e8d","pure_relocation","","legacy/supervm-20261002/crates/novovm-adapter-novovm/tests/fixtures/ethereum-official-state-subset/storageCosts-warm-cold.json","fccc1cfa4a8aaa4729007d90c2a5e031715f3e8d","","fccc1cfa4a8aaa4729007d90c2a5e031715f3e8d","legacy/supervm-20261002/crates/novovm-adapter-novovm/tests/fixtures/ethereum-official-state-subset/storageCosts-warm-cold.json","2F4B3D879C63967F0C389894FDD0737C1B5FF13297D99AF303B3BBB8F776ADE4","crates/novovm-adapter-novovm/tests/fixtures/ethereum-official-state-subset/storageCosts-warm-cold.json","before Git object; local drafts preserved separately, no overwrite","restore_identical_tree_to_original_path","","False","PENDING_USER_REVIEW"
"crates/novovm-adapter-novovm/tests/fixtures/ethereum-official-state-subset/zero-calls-revert.json","100644","7a38201e28f88f473cc2aa1a3b4cda8c89b58c4d","pure_relocation","","legacy/supervm-20261002/crates/novovm-adapter-novovm/tests/fixtures/ethereum-official-state-subset/zero-calls-revert.json","7a38201e28f88f473cc2aa1a3b4cda8c89b58c4d","","7a38201e28f88f473cc2aa1a3b4cda8c89b58c4d","legacy/supervm-20261002/crates/novovm-adapter-novovm/tests/fixtures/ethereum-official-state-subset/zero-calls-revert.json","1460C270424DE921D2D3555E9115A20180E77089F0DF947C6C0E62DA102BA39C","crates/novovm-adapter-novovm/tests/fixtures/ethereum-official-state-subset/zero-calls-revert.json","before Git object; local drafts preserved separately, no overwrite","restore_identical_tree_to_original_path","","False","PENDING_USER_REVIEW"
"crates/novovm-adapter-novovm/tests/native_adapter_smoke.rs","100644","93ce45efa4fcad05410b7c7128d030c603ee56e8","pure_relocation","","legacy/supervm-20261002/crates/novovm-adapter-novovm/tests/native_adapter_smoke.rs","93ce45efa4fcad05410b7c7128d030c603ee56e8","","93ce45efa4fcad05410b7c7128d030c603ee56e8","legacy/supervm-20261002/crates/novovm-adapter-novovm/tests/native_adapter_smoke.rs","CF26FC94A9DE4F2DF5BF0F98526948708F90483966CF0774E1D63BA8EEC2B4F0","crates/novovm-adapter-novovm/tests/native_adapter_smoke.rs","before Git object; local drafts preserved separately, no overwrite","restore_identical_tree_to_original_path","","False","PENDING_USER_REVIEW"
"crates/novovm-adapter-sample-plugin/Cargo.toml","100644","cad0221925d4916fd6170b909615f1656d16528a","pure_relocation","","legacy/supervm-20261002/crates/novovm-adapter-sample-plugin/Cargo.toml","cad0221925d4916fd6170b909615f1656d16528a","","cad0221925d4916fd6170b909615f1656d16528a","legacy/supervm-20261002/crates/novovm-adapter-sample-plugin/Cargo.toml","EE3A46EE06EBD0908714E5822ED553125B52DDAEC3DA63B82620BF65F43A5D92","crates/novovm-adapter-sample-plugin/Cargo.toml","before Git object; local drafts preserved separately, no overwrite","restore_identical_tree_to_original_path","","False","PENDING_USER_REVIEW"
"crates/novovm-adapter-sample-plugin/src/bincode_compat.rs","100644","940ecd3e9ec34535bedc7ce68eb45196a1deb382","pure_relocation","","legacy/supervm-20261002/crates/novovm-adapter-sample-plugin/src/bincode_compat.rs","940ecd3e9ec34535bedc7ce68eb45196a1deb382","","940ecd3e9ec34535bedc7ce68eb45196a1deb382","legacy/supervm-20261002/crates/novovm-adapter-sample-plugin/src/bincode_compat.rs","A5BC0D4540DE2C524BF629375407B1C30C160E6EFB2D395A297E5DA839D2B856","crates/novovm-adapter-sample-plugin/src/bincode_compat.rs","before Git object; local drafts preserved separately, no overwrite","restore_identical_tree_to_original_path","","False","PENDING_USER_REVIEW"
"crates/novovm-adapter-sample-plugin/src/lib.rs","100644","5d778eb8e8e44cb628f40a02fd70bd5e835ef41f","pure_relocation","","legacy/supervm-20261002/crates/novovm-adapter-sample-plugin/src/lib.rs","5d778eb8e8e44cb628f40a02fd70bd5e835ef41f","","5d778eb8e8e44cb628f40a02fd70bd5e835ef41f","legacy/supervm-20261002/crates/novovm-adapter-sample-plugin/src/lib.rs","F3CF87164430E5FDDF41EC188A33215CFCF29BA7A60C4CD7672115D133B79A81","crates/novovm-adapter-sample-plugin/src/lib.rs","before Git object; local drafts preserved separately, no overwrite","restore_identical_tree_to_original_path","","False","PENDING_USER_REVIEW"
"crates/novovm-bench/Cargo.toml","100644","b79c467a667f83a0d57612afb8931850ff756cf9","pure_relocation","","legacy/supervm-20261002/crates/novovm-bench/Cargo.toml","b79c467a667f83a0d57612afb8931850ff756cf9","","b79c467a667f83a0d57612afb8931850ff756cf9","legacy/supervm-20261002/crates/novovm-bench/Cargo.toml","FBEB0D193A324A82E8A214264E6B3F4663C85A8A8133FE4D82C36D35A8D0FC3A","crates/novovm-bench/Cargo.toml","before Git object; local drafts preserved separately, no overwrite","restore_identical_tree_to_original_path","","False","PENDING_USER_REVIEW"
"crates/novovm-bench/src/bin/novovm-consensus-cluster-node.rs","100644","c84bae49c089c3c500850257e5859c5793ff092b","pure_relocation","","legacy/supervm-20261002/crates/novovm-bench/src/bin/novovm-consensus-cluster-node.rs","c84bae49c089c3c500850257e5859c5793ff092b","","c84bae49c089c3c500850257e5859c5793ff092b","legacy/supervm-20261002/crates/novovm-bench/src/bin/novovm-consensus-cluster-node.rs","26B4B30468EADAB8C4430927996410D775B062EF03001804D98B8E9938A3C44D","crates/novovm-bench/src/bin/novovm-consensus-cluster-node.rs","before Git object; local drafts preserved separately, no overwrite","restore_identical_tree_to_original_path","","False","PENDING_USER_REVIEW"
"crates/novovm-bench/src/bin/novovm-consensus-network-e2e.rs","100644","ce83bdf3bb148a59859bb98813fc3e1916246800","pure_relocation","","legacy/supervm-20261002/crates/novovm-bench/src/bin/novovm-consensus-network-e2e.rs","ce83bdf3bb148a59859bb98813fc3e1916246800","","ce83bdf3bb148a59859bb98813fc3e1916246800","legacy/supervm-20261002/crates/novovm-bench/src/bin/novovm-consensus-network-e2e.rs","F9D78552C3861E3CE33ADAF121613F33B8E6B5302F3AE5152A42C057B0EC67DE","crates/novovm-bench/src/bin/novovm-consensus-network-e2e.rs","before Git object; local drafts preserved separately, no overwrite","restore_identical_tree_to_original_path","","False","PENDING_USER_REVIEW"
"crates/novovm-bench/src/bin/novovm-txgen.rs","100644","a30236375bf8132bfe8198b29efe645635345905","pure_relocation","","legacy/supervm-20261002/crates/novovm-bench/src/bin/novovm-txgen.rs","a30236375bf8132bfe8198b29efe645635345905","","a30236375bf8132bfe8198b29efe645635345905","legacy/supervm-20261002/crates/novovm-bench/src/bin/novovm-txgen.rs","72352B0F6152B6FB6D81C17535C00DC2D3636270F766B2B67B55112F86D7660C","crates/novovm-bench/src/bin/novovm-txgen.rs","before Git object; local drafts preserved separately, no overwrite","restore_identical_tree_to_original_path","","False","PENDING_USER_REVIEW"
"crates/novovm-bench/src/bincode_compat.rs","100644","68b9cb0b8ba98def5055153737d8e801ec8c3749","pure_relocation","","legacy/supervm-20261002/crates/novovm-bench/src/bincode_compat.rs","68b9cb0b8ba98def5055153737d8e801ec8c3749","","68b9cb0b8ba98def5055153737d8e801ec8c3749","legacy/supervm-20261002/crates/novovm-bench/src/bincode_compat.rs","7411C0C47010DD3AAFC520D0C25815EBB1D5577D91F2B538359371AE86356E78","crates/novovm-bench/src/bincode_compat.rs","before Git object; local drafts preserved separately, no overwrite","restore_identical_tree_to_original_path","","False","PENDING_USER_REVIEW"
"crates/novovm-consensus/Cargo.lock","100644","fc1ad12be5507f65b2eec1e672cf036cda34ca0f","pure_relocation","","legacy/supervm-20261002/crates/novovm-consensus/Cargo.lock","fc1ad12be5507f65b2eec1e672cf036cda34ca0f","","fc1ad12be5507f65b2eec1e672cf036cda34ca0f","legacy/supervm-20261002/crates/novovm-consensus/Cargo.lock","5B1A215EB8B4E5F2F6BF9FEA1BAFAFC16EAD35A8A4F970F873A3C36A10529199","crates/novovm-consensus/Cargo.lock","before Git object; local drafts preserved separately, no overwrite","restore_identical_tree_to_original_path","","False","PENDING_USER_REVIEW"
"crates/novovm-consensus/Cargo.toml","100644","c7c4e2024879aff07236f0c93121fc911d7f6360","pure_relocation","","legacy/supervm-20261002/crates/novovm-consensus/Cargo.toml","c7c4e2024879aff07236f0c93121fc911d7f6360","","c7c4e2024879aff07236f0c93121fc911d7f6360","legacy/supervm-20261002/crates/novovm-consensus/Cargo.toml","CC52305996B5E976AD5B09A36641382CA0F09F6239EE701B56E7118889A090C4","crates/novovm-consensus/Cargo.toml","before Git object; local drafts preserved separately, no overwrite","restore_identical_tree_to_original_path","","False","PENDING_USER_REVIEW"
"crates/novovm-consensus/examples/consensus_negative_smoke.rs","100644","d2694eb5f3f5a0b66ceb30406b5bbb3538836801","pure_relocation","","legacy/supervm-20261002/crates/novovm-consensus/examples/consensus_negative_smoke.rs","d2694eb5f3f5a0b66ceb30406b5bbb3538836801","","d2694eb5f3f5a0b66ceb30406b5bbb3538836801","legacy/supervm-20261002/crates/novovm-consensus/examples/consensus_negative_smoke.rs","1F822A5E44EAB69C4F355094F9E97C1F0423B0DD9B0BDEA688A93BE3D65EAF13","crates/novovm-consensus/examples/consensus_negative_smoke.rs","before Git object; local drafts preserved separately, no overwrite","restore_identical_tree_to_original_path","","False","PENDING_USER_REVIEW"
"crates/novovm-consensus/src/account_index.rs","100644","339db4503578ccbb28713930b1713836a63bebc7","pure_relocation","","legacy/supervm-20261002/crates/novovm-consensus/src/account_index.rs","339db4503578ccbb28713930b1713836a63bebc7","","339db4503578ccbb28713930b1713836a63bebc7","legacy/supervm-20261002/crates/novovm-consensus/src/account_index.rs","94FF408422A82FDEBD2BB476C8B6301BD960B7C9243BF5D1898241E0CB26FE71","crates/novovm-consensus/src/account_index.rs","before Git object; local drafts preserved separately, no overwrite","restore_identical_tree_to_original_path","","False","PENDING_USER_REVIEW"
"crates/novovm-consensus/src/bft_engine.rs","100644","d78e1bf5de4ea2e29fcc49c4907c74b21fd3a90c","pure_relocation","","legacy/supervm-20261002/crates/novovm-consensus/src/bft_engine.rs","d78e1bf5de4ea2e29fcc49c4907c74b21fd3a90c","","d78e1bf5de4ea2e29fcc49c4907c74b21fd3a90c","legacy/supervm-20261002/crates/novovm-consensus/src/bft_engine.rs","2851C32B3DB060D3F2EB2292AEBB8C8B0490214D417F08D87ED6348860F8B0C6","crates/novovm-consensus/src/bft_engine.rs","before Git object; local drafts preserved separately, no overwrite","restore_identical_tree_to_original_path","","False","PENDING_USER_REVIEW"
"crates/novovm-consensus/src/epoch.rs","100644","19dc9944f5935cdf535266e83be0fdac752a6b6e","pure_relocation","","legacy/supervm-20261002/crates/novovm-consensus/src/epoch.rs","19dc9944f5935cdf535266e83be0fdac752a6b6e","","19dc9944f5935cdf535266e83be0fdac752a6b6e","legacy/supervm-20261002/crates/novovm-consensus/src/epoch.rs","AD65D383AD2BF015BA264B4DF4A39AF3F3D485068FDD23CC25FBDE0C402F9D85","crates/novovm-consensus/src/epoch.rs","before Git object; local drafts preserved separately, no overwrite","restore_identical_tree_to_original_path","","False","PENDING_USER_REVIEW"
"crates/novovm-consensus/src/governance_verifier.rs","100644","35edd2d901bb0e5b8171f45f47bbdb17ef7a3969","pure_relocation","","legacy/supervm-20261002/crates/novovm-consensus/src/governance_verifier.rs","35edd2d901bb0e5b8171f45f47bbdb17ef7a3969","","35edd2d901bb0e5b8171f45f47bbdb17ef7a3969","legacy/supervm-20261002/crates/novovm-consensus/src/governance_verifier.rs","550A612C2B2BFF8BD1E12C614D2C5ACAC9EE2BC2E0E8D66042B1AEBA8C2A6010","crates/novovm-consensus/src/governance_verifier.rs","before Git object; local drafts preserved separately, no overwrite","restore_identical_tree_to_original_path","","False","PENDING_USER_REVIEW"
"crates/novovm-consensus/src/lib.rs","100644","b922eaa29ab9ea6c7c2841f06093bbf2b3d993bf","pure_relocation","","legacy/supervm-20261002/crates/novovm-consensus/src/lib.rs","b922eaa29ab9ea6c7c2841f06093bbf2b3d993bf","","b922eaa29ab9ea6c7c2841f06093bbf2b3d993bf","legacy/supervm-20261002/crates/novovm-consensus/src/lib.rs","CB33B28B4AD1EDE01DF3EBAB92033FCB68BDC98D75421E67EB3B8D7F598B011B","crates/novovm-consensus/src/lib.rs","before Git object; local drafts preserved separately, no overwrite","restore_identical_tree_to_original_path","","False","PENDING_USER_REVIEW"
"crates/novovm-consensus/src/market_engine.rs","100644","378376002a81ff6b9474f47b13987960e88a2d6e","pure_relocation","","legacy/supervm-20261002/crates/novovm-consensus/src/market_engine.rs","378376002a81ff6b9474f47b13987960e88a2d6e","","378376002a81ff6b9474f47b13987960e88a2d6e","legacy/supervm-20261002/crates/novovm-consensus/src/market_engine.rs","2D8B7E785B847BC3C70115F45C4BC0361F7FBC27762625BB8760026E1B11440D","crates/novovm-consensus/src/market_engine.rs","before Git object; local drafts preserved separately, no overwrite","restore_identical_tree_to_original_path","","False","PENDING_USER_REVIEW"
"crates/novovm-consensus/src/protocol.rs","100644","8f30c595dd935d4cc040680c88996c94f5234f78","pure_relocation","","legacy/supervm-20261002/crates/novovm-consensus/src/protocol.rs","8f30c595dd935d4cc040680c88996c94f5234f78","","8f30c595dd935d4cc040680c88996c94f5234f78","legacy/supervm-20261002/crates/novovm-consensus/src/protocol.rs","B79256E01E6B9EF11BD7B2A19AB79ABFAF1F57FDAEC569870D05F06BDB0278A6","crates/novovm-consensus/src/protocol.rs","before Git object; local drafts preserved separately, no overwrite","restore_identical_tree_to_original_path","","False","PENDING_USER_REVIEW"
"crates/novovm-consensus/src/quorum_cert.rs","100644","538b084d8cdd94a2763b8633dc58567fb8e64e70","pure_relocation","","legacy/supervm-20261002/crates/novovm-consensus/src/quorum_cert.rs","538b084d8cdd94a2763b8633dc58567fb8e64e70","","538b084d8cdd94a2763b8633dc58567fb8e64e70","legacy/supervm-20261002/crates/novovm-consensus/src/quorum_cert.rs","92E74D3BA7505DFD748E3BABEB42534E146A48AAA5015B9FD0D68A0E9E3294CE","crates/novovm-consensus/src/quorum_cert.rs","before Git object; local drafts preserved separately, no overwrite","restore_identical_tree_to_original_path","","False","PENDING_USER_REVIEW"
"crates/novovm-consensus/src/token_runtime.rs","100644","73e572655d25e2a1cb58d7746a0d2ac869f28a32","pure_relocation","","legacy/supervm-20261002/crates/novovm-consensus/src/token_runtime.rs","73e572655d25e2a1cb58d7746a0d2ac869f28a32","","73e572655d25e2a1cb58d7746a0d2ac869f28a32","legacy/supervm-20261002/crates/novovm-consensus/src/token_runtime.rs","57C338D4678258D001D0EA0FF2241B0E4150C171FEFC80BD766C9415499DB3D2","crates/novovm-consensus/src/token_runtime.rs","before Git object; local drafts preserved separately, no overwrite","restore_identical_tree_to_original_path","","False","PENDING_USER_REVIEW"
"crates/novovm-consensus/src/types.rs","100644","9ae43587ac363f7b8952d60f0e5b4d64550fee1a","pure_relocation","","legacy/supervm-20261002/crates/novovm-consensus/src/types.rs","9ae43587ac363f7b8952d60f0e5b4d64550fee1a","","9ae43587ac363f7b8952d60f0e5b4d64550fee1a","legacy/supervm-20261002/crates/novovm-consensus/src/types.rs","EA1DB86AE3EA0AB61D02C1997AAAB9078F246711B33BF68561FAD1F96B52B9EC","crates/novovm-consensus/src/types.rs","before Git object; local drafts preserved separately, no overwrite","restore_identical_tree_to_original_path","","False","PENDING_USER_REVIEW"
"crates/novovm-coordinator/Cargo.toml","100644","3fddfb5836024af78965b613e7efebe92073e8b2","pure_relocation","","legacy/supervm-20261002/crates/novovm-coordinator/Cargo.toml","3fddfb5836024af78965b613e7efebe92073e8b2","","3fddfb5836024af78965b613e7efebe92073e8b2","legacy/supervm-20261002/crates/novovm-coordinator/Cargo.toml","72B28C73FF510FEDED9FB9149E9F9D8B7B59ED1582C4685B903AA1F72AEBB4D2","crates/novovm-coordinator/Cargo.toml","before Git object; local drafts preserved separately, no overwrite","restore_identical_tree_to_original_path","","False","PENDING_USER_REVIEW"
"crates/novovm-coordinator/examples/coordinator_negative_smoke.rs","100644","e9ee42d6e1cd2c3d4282a61131bd831a509da1e0","pure_relocation","","legacy/supervm-20261002/crates/novovm-coordinator/examples/coordinator_negative_smoke.rs","e9ee42d6e1cd2c3d4282a61131bd831a509da1e0","","e9ee42d6e1cd2c3d4282a61131bd831a509da1e0","legacy/supervm-20261002/crates/novovm-coordinator/examples/coordinator_negative_smoke.rs","B0AE8D6A9AC2989FC13BF4D33732B1E9D2B8749979D849C28A3263830C182CC7","crates/novovm-coordinator/examples/coordinator_negative_smoke.rs","before Git object; local drafts preserved separately, no overwrite","restore_identical_tree_to_original_path","","False","PENDING_USER_REVIEW"
"crates/novovm-coordinator/examples/two_pc_smoke.rs","100644","3df853ec45986bc3c4710e1e710ccebf4e888190","pure_relocation","","legacy/supervm-20261002/crates/novovm-coordinator/examples/two_pc_smoke.rs","3df853ec45986bc3c4710e1e710ccebf4e888190","","3df853ec45986bc3c4710e1e710ccebf4e888190","legacy/supervm-20261002/crates/novovm-coordinator/examples/two_pc_smoke.rs","FBAE18B0D531835D5C7E097A7DB38BE2E10B96E91617983DC5B12050204270A2","crates/novovm-coordinator/examples/two_pc_smoke.rs","before Git object; local drafts preserved separately, no overwrite","restore_identical_tree_to_original_path","","False","PENDING_USER_REVIEW"
"crates/novovm-coordinator/src/lib.rs","100644","cfe1845c3dccc3364e353b3f7086be8ff9acb90b","pure_relocation","","legacy/supervm-20261002/crates/novovm-coordinator/src/lib.rs","cfe1845c3dccc3364e353b3f7086be8ff9acb90b","","cfe1845c3dccc3364e353b3f7086be8ff9acb90b","legacy/supervm-20261002/crates/novovm-coordinator/src/lib.rs","09F91C75D1DE003E41AD8BAE78C2C22367BEAEDABD9BCAF3ED8B4B56802A3E3C","crates/novovm-coordinator/src/lib.rs","before Git object; local drafts preserved separately, no overwrite","restore_identical_tree_to_original_path","","False","PENDING_USER_REVIEW"
"crates/novovm-exec/Cargo.lock","100644","2b360f489877674a549d82886c8534991544b09a","pure_relocation","","legacy/supervm-20261002/crates/novovm-exec/Cargo.lock","2b360f489877674a549d82886c8534991544b09a","","2b360f489877674a549d82886c8534991544b09a","legacy/supervm-20261002/crates/novovm-exec/Cargo.lock","60F31B6AC43C069C874823614CBA26E9898E47281724B57E1FEFFE70A0426359","crates/novovm-exec/Cargo.lock","before Git object; local drafts preserved separately, no overwrite","restore_identical_tree_to_original_path","","False","PENDING_USER_REVIEW"
"crates/novovm-exec/Cargo.toml","100644","8df40dd531564c12098e56cc2328b395890c31f2","pure_relocation","","legacy/supervm-20261002/crates/novovm-exec/Cargo.toml","8df40dd531564c12098e56cc2328b395890c31f2","","8df40dd531564c12098e56cc2328b395890c31f2","legacy/supervm-20261002/crates/novovm-exec/Cargo.toml","BF4B8933EC16A700B4CCE265CF82133457786F42AE8DEFC8A378057038209CBA","crates/novovm-exec/Cargo.toml","before Git object; local drafts preserved separately, no overwrite","restore_identical_tree_to_original_path","","False","PENDING_USER_REVIEW"
"crates/novovm-exec/examples/capability_contract_dump.rs","100644","75b0c9709091078e85d5805df76ac6f10f0ff748","pure_relocation","","legacy/supervm-20261002/crates/novovm-exec/examples/capability_contract_dump.rs","75b0c9709091078e85d5805df76ac6f10f0ff748","","75b0c9709091078e85d5805df76ac6f10f0ff748","legacy/supervm-20261002/crates/novovm-exec/examples/capability_contract_dump.rs","2797889928BEA5D2E346F7A21C270D4D2A049380F1759B5998B8B1A366F414E5","crates/novovm-exec/examples/capability_contract_dump.rs","before Git object; local drafts preserved separately, no overwrite","restore_identical_tree_to_original_path","","False","PENDING_USER_REVIEW"
"crates/novovm-exec/examples/main_path_template.rs","100644","6944b82292eec1adae1e4a0dd951ffede2cc3344","pure_relocation","","legacy/supervm-20261002/crates/novovm-exec/examples/main_path_template.rs","6944b82292eec1adae1e4a0dd951ffede2cc3344","","6944b82292eec1adae1e4a0dd951ffede2cc3344","legacy/supervm-20261002/crates/novovm-exec/examples/main_path_template.rs","E842FD21064C21AA57B21D3966519A30FE2FEDEAAC234413333D79AC73AB0786","crates/novovm-exec/examples/main_path_template.rs","before Git object; local drafts preserved separately, no overwrite","restore_identical_tree_to_original_path","","False","PENDING_USER_REVIEW"
"crates/novovm-exec/examples/portable_receipt_host.rs","100644","39ea950a756be9cf67fa5d02fa2135dbf649b6af","pure_relocation","","legacy/supervm-20261002/crates/novovm-exec/examples/portable_receipt_host.rs","39ea950a756be9cf67fa5d02fa2135dbf649b6af","","39ea950a756be9cf67fa5d02fa2135dbf649b6af","legacy/supervm-20261002/crates/novovm-exec/examples/portable_receipt_host.rs","95D4C4FBC4AC710BA546E539D7F66C91E8959B38D0193E645A161B454B1CA240","crates/novovm-exec/examples/portable_receipt_host.rs","before Git object; local drafts preserved separately, no overwrite","restore_identical_tree_to_original_path","","False","PENDING_USER_REVIEW"
"crates/novovm-exec/src/ingress_codec.rs","100644","9e288441fd842846a275159a13957a00bb30c862","pure_relocation","","legacy/supervm-20261002/crates/novovm-exec/src/ingress_codec.rs","9e288441fd842846a275159a13957a00bb30c862","","9e288441fd842846a275159a13957a00bb30c862","legacy/supervm-20261002/crates/novovm-exec/src/ingress_codec.rs","AB19A93C578E8A12C7F4556301C1F75E4BA31F5B1131483FA51A8C4B3F78C0C0","crates/novovm-exec/src/ingress_codec.rs","before Git object; local drafts preserved separately, no overwrite","restore_identical_tree_to_original_path","","False","PENDING_USER_REVIEW"
"crates/novovm-exec/src/lib.rs","100644","9c4f18cd22e652bd945fdedebc8b0284e162437e","pure_relocation","","legacy/supervm-20261002/crates/novovm-exec/src/lib.rs","9c4f18cd22e652bd945fdedebc8b0284e162437e","","9c4f18cd22e652bd945fdedebc8b0284e162437e","legacy/supervm-20261002/crates/novovm-exec/src/lib.rs","DFF1A9E3EC52FA2A0BF4F931902595DFEFFA6DF1A195FAAD30A24E667B603C73","crates/novovm-exec/src/lib.rs","before Git object; local drafts preserved separately, no overwrite","restore_identical_tree_to_original_path","source_has_local_draft","False","PENDING_USER_REVIEW"
"crates/novovm-exec/src/semantic_compute.rs","100644","aea2fa2cfb967f25903243dca039356d647c13a1","pure_relocation","","legacy/supervm-20261002/crates/novovm-exec/src/semantic_compute.rs","aea2fa2cfb967f25903243dca039356d647c13a1","","aea2fa2cfb967f25903243dca039356d647c13a1","legacy/supervm-20261002/crates/novovm-exec/src/semantic_compute.rs","9FBD461AAB8647EB57C9C1C9BFE7820C4A83090AA33537981AEDE675A3668AC6","crates/novovm-exec/src/semantic_compute.rs","before Git object; local drafts preserved separately, no overwrite","restore_identical_tree_to_original_path","","False","PENDING_USER_REVIEW"
"crates/novovm-exec/src/semantic_graph_scope_tests.rs","100644","1f1e5a856a9f3ec776c27d39804a51dd7db24389","pure_relocation","","legacy/supervm-20261002/crates/novovm-exec/src/semantic_graph_scope_tests.rs","1f1e5a856a9f3ec776c27d39804a51dd7db24389","","1f1e5a856a9f3ec776c27d39804a51dd7db24389","legacy/supervm-20261002/crates/novovm-exec/src/semantic_graph_scope_tests.rs","3E227FD75EBA98C347237339FCEDD070C6E7376683F270BF7585EF4BDEBF06F6","crates/novovm-exec/src/semantic_graph_scope_tests.rs","before Git object; local drafts preserved separately, no overwrite","restore_identical_tree_to_original_path","source_has_local_draft","False","PENDING_USER_REVIEW"
"crates/novovm-exec/src/semantic_graph_session_scope.rs","100644","95365638bda70dd79d37f00da8bbead3fe9f122f","pure_relocation","","legacy/supervm-20261002/crates/novovm-exec/src/semantic_graph_session_scope.rs","95365638bda70dd79d37f00da8bbead3fe9f122f","","95365638bda70dd79d37f00da8bbead3fe9f122f","legacy/supervm-20261002/crates/novovm-exec/src/semantic_graph_session_scope.rs","1DE346DFFFE3AEDA8E829BBA7A53F8C5B065F3C3760948EDAB8E4DD461BCA64C","crates/novovm-exec/src/semantic_graph_session_scope.rs","before Git object; local drafts preserved separately, no overwrite","restore_identical_tree_to_original_path","source_has_local_draft","False","PENDING_USER_REVIEW"
"crates/novovm-exec/src/semantic_graph_v3.rs","100644","1a1b3781f647b7c743ab9140d3ff0b924001af3b","pure_relocation","","legacy/supervm-20261002/crates/novovm-exec/src/semantic_graph_v3.rs","1a1b3781f647b7c743ab9140d3ff0b924001af3b","","1a1b3781f647b7c743ab9140d3ff0b924001af3b","legacy/supervm-20261002/crates/novovm-exec/src/semantic_graph_v3.rs","6864748310E35C5D211AC6D2402DD2CC46CE105943BC34581C1E2D62C9DE48FB","crates/novovm-exec/src/semantic_graph_v3.rs","before Git object; local drafts preserved separately, no overwrite","restore_identical_tree_to_original_path","source_has_local_draft","False","PENDING_USER_REVIEW"
"crates/novovm-governance-observability/Cargo.toml","100644","5482c6223d52973c71b0c56dbffe6e7b85e0eaa7","pure_relocation","","legacy/supervm-20261002/crates/novovm-governance-observability/Cargo.toml","5482c6223d52973c71b0c56dbffe6e7b85e0eaa7","","5482c6223d52973c71b0c56dbffe6e7b85e0eaa7","legacy/supervm-20261002/crates/novovm-governance-observability/Cargo.toml","B1724E0DE963DA62B1DA8B3BB68D3408DBEE96FD465B5BFAB98BF72391EEE9E7","crates/novovm-governance-observability/Cargo.toml","before Git object; local drafts preserved separately, no overwrite","restore_identical_tree_to_original_path","","False","PENDING_USER_REVIEW"
"crates/novovm-governance-observability/src/collectors/mod.rs","100644","bd3442a9099f167dcd994632f7dfebb1003cb355","pure_relocation","","legacy/supervm-20261002/crates/novovm-governance-observability/src/collectors/mod.rs","bd3442a9099f167dcd994632f7dfebb1003cb355","","bd3442a9099f167dcd994632f7dfebb1003cb355","legacy/supervm-20261002/crates/novovm-governance-observability/src/collectors/mod.rs","7558B5BE54F687D5215CB246ED0CBCB55A5BD99183576A34548669823895E4B8","crates/novovm-governance-observability/src/collectors/mod.rs","before Git object; local drafts preserved separately, no overwrite","restore_identical_tree_to_original_path","","False","PENDING_USER_REVIEW"
"crates/novovm-governance-observability/src/collectors/pr_gate.rs","100644","b9000b0dbc2f95666b36e3522c209c00a84162b9","pure_relocation","","legacy/supervm-20261002/crates/novovm-governance-observability/src/collectors/pr_gate.rs","b9000b0dbc2f95666b36e3522c209c00a84162b9","","b9000b0dbc2f95666b36e3522c209c00a84162b9","legacy/supervm-20261002/crates/novovm-governance-observability/src/collectors/pr_gate.rs","736C037FA3DFED83294816B14F41D9064C93C830BEF3881980DDFB21D4D5B1F2","crates/novovm-governance-observability/src/collectors/pr_gate.rs","before Git object; local drafts preserved separately, no overwrite","restore_identical_tree_to_original_path","","False","PENDING_USER_REVIEW"
"crates/novovm-governance-observability/src/collectors/runtime.rs","100644","a7b58996071767029c812bb2e517f9e606ac95f8","pure_relocation","","legacy/supervm-20261002/crates/novovm-governance-observability/src/collectors/runtime.rs","a7b58996071767029c812bb2e517f9e606ac95f8","","a7b58996071767029c812bb2e517f9e606ac95f8","legacy/supervm-20261002/crates/novovm-governance-observability/src/collectors/runtime.rs","89195AFE4BAFF65B9C999BAE0F255FCAC3228CC0359F3F8F5B3986309B68E116","crates/novovm-governance-observability/src/collectors/runtime.rs","before Git object; local drafts preserved separately, no overwrite","restore_identical_tree_to_original_path","","False","PENDING_USER_REVIEW"
"crates/novovm-governance-observability/src/collectors/trigger.rs","100644","fa09d8c49051fd2ed87dd0848f0e51ab2926c12a","pure_relocation","","legacy/supervm-20261002/crates/novovm-governance-observability/src/collectors/trigger.rs","fa09d8c49051fd2ed87dd0848f0e51ab2926c12a","","fa09d8c49051fd2ed87dd0848f0e51ab2926c12a","legacy/supervm-20261002/crates/novovm-governance-observability/src/collectors/trigger.rs","DF6E2C2DC1F1F0F33B21DCB0E6697D9B5BD4FD6145F92177495C3089800900E8","crates/novovm-governance-observability/src/collectors/trigger.rs","before Git object; local drafts preserved separately, no overwrite","restore_identical_tree_to_original_path","","False","PENDING_USER_REVIEW"
"crates/novovm-governance-observability/src/events.rs","100644","b630f6843e2661caae08ab5105b05662b4978bc4","pure_relocation","","legacy/supervm-20261002/crates/novovm-governance-observability/src/events.rs","b630f6843e2661caae08ab5105b05662b4978bc4","","b630f6843e2661caae08ab5105b05662b4978bc4","legacy/supervm-20261002/crates/novovm-governance-observability/src/events.rs","12750613F7FEA6BEC94E42324F7C1869B34563B3F48CBC4CC4284350A2220AB2","crates/novovm-governance-observability/src/events.rs","before Git object; local drafts preserved separately, no overwrite","restore_identical_tree_to_original_path","","False","PENDING_USER_REVIEW"
"crates/novovm-governance-observability/src/export/jsonl.rs","100644","004e0156b547425d13352ea0bdb40a882c9d4684","pure_relocation","","legacy/supervm-20261002/crates/novovm-governance-observability/src/export/jsonl.rs","004e0156b547425d13352ea0bdb40a882c9d4684","","004e0156b547425d13352ea0bdb40a882c9d4684","legacy/supervm-20261002/crates/novovm-governance-observability/src/export/jsonl.rs","9E2ADAED44F2D02AB32A838F79721A2BDFE0408E5DD0AF7D9C17536CEDB78576","crates/novovm-governance-observability/src/export/jsonl.rs","before Git object; local drafts preserved separately, no overwrite","restore_identical_tree_to_original_path","","False","PENDING_USER_REVIEW"
"crates/novovm-governance-observability/src/export/mod.rs","100644","693eba05556142d158a05416cd519838a2b39540","pure_relocation","","legacy/supervm-20261002/crates/novovm-governance-observability/src/export/mod.rs","693eba05556142d158a05416cd519838a2b39540","","693eba05556142d158a05416cd519838a2b39540","legacy/supervm-20261002/crates/novovm-governance-observability/src/export/mod.rs","9E2799E73FEDF1E78A2EDA58A81DDFED01582710BABCC5B43E046722333B42A6","crates/novovm-governance-observability/src/export/mod.rs","before Git object; local drafts preserved separately, no overwrite","restore_identical_tree_to_original_path","","False","PENDING_USER_REVIEW"
"crates/novovm-governance-observability/src/export/prometheus.rs","100644","14ba5399148629d6b13dd83a9db1b01d0504149d","pure_relocation","","legacy/supervm-20261002/crates/novovm-governance-observability/src/export/prometheus.rs","14ba5399148629d6b13dd83a9db1b01d0504149d","","14ba5399148629d6b13dd83a9db1b01d0504149d","legacy/supervm-20261002/crates/novovm-governance-observability/src/export/prometheus.rs","2CC90174CE7C178274FFE8588F55785899991C49BB1D655A7FDABFF5CB54418A","crates/novovm-governance-observability/src/export/prometheus.rs","before Git object; local drafts preserved separately, no overwrite","restore_identical_tree_to_original_path","","False","PENDING_USER_REVIEW"
"crates/novovm-governance-observability/src/lib.rs","100644","cf8529e9f908cd04a7c81a6d680679cdaae0b4cd","pure_relocation","","legacy/supervm-20261002/crates/novovm-governance-observability/src/lib.rs","cf8529e9f908cd04a7c81a6d680679cdaae0b4cd","","cf8529e9f908cd04a7c81a6d680679cdaae0b4cd","legacy/supervm-20261002/crates/novovm-governance-observability/src/lib.rs","7725FE63C3476E9811D3F7FA20EF76184D089C563BD73C8DF26D1FF75562E28A","crates/novovm-governance-observability/src/lib.rs","before Git object; local drafts preserved separately, no overwrite","restore_identical_tree_to_original_path","","False","PENDING_USER_REVIEW"
"crates/novovm-governance-observability/src/metrics.rs","100644","1ef3edbbd355e2f8a9b0856c08a09e8d7f92a012","pure_relocation","","legacy/supervm-20261002/crates/novovm-governance-observability/src/metrics.rs","1ef3edbbd355e2f8a9b0856c08a09e8d7f92a012","","1ef3edbbd355e2f8a9b0856c08a09e8d7f92a012","legacy/supervm-20261002/crates/novovm-governance-observability/src/metrics.rs","5644C2A5A446331C48C1EBE166D88FE229CF114E333B2B33DE05D871E4B927B1","crates/novovm-governance-observability/src/metrics.rs","before Git object; local drafts preserved separately, no overwrite","restore_identical_tree_to_original_path","","False","PENDING_USER_REVIEW"
"crates/novovm-network/Cargo.toml","100644","cbb7408c53b4cc2bfd5d65cbd6818f19408a3175","pure_relocation","","legacy/supervm-20261002/crates/novovm-network/Cargo.toml","cbb7408c53b4cc2bfd5d65cbd6818f19408a3175","","cbb7408c53b4cc2bfd5d65cbd6818f19408a3175","legacy/supervm-20261002/crates/novovm-network/Cargo.toml","F8D63B21E0D1349488177BB63E8DE15A8FD6909068B33517A94ADEA7C34C6388","crates/novovm-network/Cargo.toml","before Git object; local drafts preserved separately, no overwrite","restore_identical_tree_to_original_path","","False","PENDING_USER_REVIEW"
"crates/novovm-network/src/adaptive_overlay.rs","100644","675246c36200db7dc66ae6cfbeef2915e3b1e467","pure_relocation","","legacy/supervm-20261002/crates/novovm-network/src/adaptive_overlay.rs","675246c36200db7dc66ae6cfbeef2915e3b1e467","","675246c36200db7dc66ae6cfbeef2915e3b1e467","legacy/supervm-20261002/crates/novovm-network/src/adaptive_overlay.rs","0DFB4AA96966C4A729B92918B20FEE3468E2B8AC6690439BB5D1D738A4BE95E8","crates/novovm-network/src/adaptive_overlay.rs","before Git object; local drafts preserved separately, no overwrite","restore_identical_tree_to_original_path","","False","PENDING_USER_REVIEW"
"crates/novovm-network/src/availability/audit.rs","100644","99ed1356ddd093c4a0c6c90fc508840349ab27f9","pure_relocation","","legacy/supervm-20261002/crates/novovm-network/src/availability/audit.rs","99ed1356ddd093c4a0c6c90fc508840349ab27f9","","99ed1356ddd093c4a0c6c90fc508840349ab27f9","legacy/supervm-20261002/crates/novovm-network/src/availability/audit.rs","86DD912844C773D8387FE6A31732EC9DC319748AB014E88410A170995A23A147","crates/novovm-network/src/availability/audit.rs","before Git object; local drafts preserved separately, no overwrite","restore_identical_tree_to_original_path","","False","PENDING_USER_REVIEW"
"crates/novovm-network/src/availability/controller.rs","100644","9ee1db3c881cb96c668711a5d5d1cca915a8c06b","pure_relocation","","legacy/supervm-20261002/crates/novovm-network/src/availability/controller.rs","9ee1db3c881cb96c668711a5d5d1cca915a8c06b","","9ee1db3c881cb96c668711a5d5d1cca915a8c06b","legacy/supervm-20261002/crates/novovm-network/src/availability/controller.rs","CDE9DE62757F410AF3AD324A09FACB033C21BC943250CA1EDB0BBF922DC62074","crates/novovm-network/src/availability/controller.rs","before Git object; local drafts preserved separately, no overwrite","restore_identical_tree_to_original_path","","False","PENDING_USER_REVIEW"
"crates/novovm-network/src/availability/decision.rs","100644","5b6f66b32341dcf6083504d7e140bc69816232cc","pure_relocation","","legacy/supervm-20261002/crates/novovm-network/src/availability/decision.rs","5b6f66b32341dcf6083504d7e140bc69816232cc","","5b6f66b32341dcf6083504d7e140bc69816232cc","legacy/supervm-20261002/crates/novovm-network/src/availability/decision.rs","F03CDC1F1339235649AE0A820473669F61F1A7AF40C86AE1C8B0C80D9953B94B","crates/novovm-network/src/availability/decision.rs","before Git object; local drafts preserved separately, no overwrite","restore_identical_tree_to_original_path","","False","PENDING_USER_REVIEW"
"crates/novovm-network/src/availability/mod.rs","100644","b593897bf0d7048c4676da7dab929311becfc0e2","pure_relocation","","legacy/supervm-20261002/crates/novovm-network/src/availability/mod.rs","b593897bf0d7048c4676da7dab929311becfc0e2","","b593897bf0d7048c4676da7dab929311becfc0e2","legacy/supervm-20261002/crates/novovm-network/src/availability/mod.rs","622EB10904563704D742F54990E77C0C53EFFB3F76DC099F1551671C86D14AB1","crates/novovm-network/src/availability/mod.rs","before Git object; local drafts preserved separately, no overwrite","restore_identical_tree_to_original_path","","False","PENDING_USER_REVIEW"
"crates/novovm-network/src/availability/mode.rs","100644","e3047315a8b9a156938968adecc593278d7fd363","pure_relocation","","legacy/supervm-20261002/crates/novovm-network/src/availability/mode.rs","e3047315a8b9a156938968adecc593278d7fd363","","e3047315a8b9a156938968adecc593278d7fd363","legacy/supervm-20261002/crates/novovm-network/src/availability/mode.rs","DF8988C1E787A2C232836C7082804F5947FA33FC95232BE654F249765F4EF299","crates/novovm-network/src/availability/mode.rs","before Git object; local drafts preserved separately, no overwrite","restore_identical_tree_to_original_path","","False","PENDING_USER_REVIEW"
"crates/novovm-network/src/availability/queue.rs","100644","385987dc9081d4663c5246af1a9a72586ed79f87","pure_relocation","","legacy/supervm-20261002/crates/novovm-network/src/availability/queue.rs","385987dc9081d4663c5246af1a9a72586ed79f87","","385987dc9081d4663c5246af1a9a72586ed79f87","legacy/supervm-20261002/crates/novovm-network/src/availability/queue.rs","BAC5EC6B1C5C1BDDE33C18673FB3F556F485F83BBCB26F4BD6A133C2E2C25E4C","crates/novovm-network/src/availability/queue.rs","before Git object; local drafts preserved separately, no overwrite","restore_identical_tree_to_original_path","","False","PENDING_USER_REVIEW"
"crates/novovm-network/src/availability/reconcile.rs","100644","6c2dc352e0e3b87979be45fe2656a6946a71cbb2","pure_relocation","","legacy/supervm-20261002/crates/novovm-network/src/availability/reconcile.rs","6c2dc352e0e3b87979be45fe2656a6946a71cbb2","","6c2dc352e0e3b87979be45fe2656a6946a71cbb2","legacy/supervm-20261002/crates/novovm-network/src/availability/reconcile.rs","AE9D00B1DBD230E7FDB33F2B8C36D30C591486B8B88C8E825E06C0FEEDE2E380","crates/novovm-network/src/availability/reconcile.rs","before Git object; local drafts preserved separately, no overwrite","restore_identical_tree_to_original_path","","False","PENDING_USER_REVIEW"
"crates/novovm-network/src/availability/replay.rs","100644","44addc36ec4e02e62a5e57eb3155c3f5910ad13b","pure_relocation","","legacy/supervm-20261002/crates/novovm-network/src/availability/replay.rs","44addc36ec4e02e62a5e57eb3155c3f5910ad13b","","44addc36ec4e02e62a5e57eb3155c3f5910ad13b","legacy/supervm-20261002/crates/novovm-network/src/availability/replay.rs","71D1B16A8F1CCFA2D7977B1BB0DF61F4E7A74CF093EF4C4CC2F6F274E4B0004B","crates/novovm-network/src/availability/replay.rs","before Git object; local drafts preserved separately, no overwrite","restore_identical_tree_to_original_path","","False","PENDING_USER_REVIEW"
"crates/novovm-network/src/capability/mod.rs","100644","972db61fc4b0f67a0db88edd9f83b79043a9396a","pure_relocation","","legacy/supervm-20261002/crates/novovm-network/src/capability/mod.rs","972db61fc4b0f67a0db88edd9f83b79043a9396a","","972db61fc4b0f67a0db88edd9f83b79043a9396a","legacy/supervm-20261002/crates/novovm-network/src/capability/mod.rs","7BB2718402B3C87352210014A87998C749C8E7C379B15882F258DBF5366298EE","crates/novovm-network/src/capability/mod.rs","before Git object; local drafts preserved separately, no overwrite","restore_identical_tree_to_original_path","","False","PENDING_USER_REVIEW"
"crates/novovm-network/src/control_plane.rs","100644","df165afa7466bbe99f7e3bd82bf7f365867412c3","pure_relocation","","legacy/supervm-20261002/crates/novovm-network/src/control_plane.rs","df165afa7466bbe99f7e3bd82bf7f365867412c3","","df165afa7466bbe99f7e3bd82bf7f365867412c3","legacy/supervm-20261002/crates/novovm-network/src/control_plane.rs","80E39A8ACC8FAEE423E9417FDC31EA569B122CC853EEA7C4A17CF8228036D9A8","crates/novovm-network/src/control_plane.rs","before Git object; local drafts preserved separately, no overwrite","restore_identical_tree_to_original_path","","False","PENDING_USER_REVIEW"
"crates/novovm-network/src/eth_chain_config.rs","100644","de8975fb993ff3a2bf1b83d6037c28f70b60cf0e","pure_relocation","","legacy/supervm-20261002/crates/novovm-network/src/eth_chain_config.rs","de8975fb993ff3a2bf1b83d6037c28f70b60cf0e","","de8975fb993ff3a2bf1b83d6037c28f70b60cf0e","legacy/supervm-20261002/crates/novovm-network/src/eth_chain_config.rs","7836179FA8222FB6A20359F42272DAC5857D26914AB25336104C86E101B29C6C","crates/novovm-network/src/eth_chain_config.rs","before Git object; local drafts preserved separately, no overwrite","restore_identical_tree_to_original_path","","False","PENDING_USER_REVIEW"
"crates/novovm-network/src/eth_fullnode.rs","100644","d4eed26ec7e2ca58225c00237b8e5fb1125da75c","pure_relocation","","legacy/supervm-20261002/crates/novovm-network/src/eth_fullnode.rs","d4eed26ec7e2ca58225c00237b8e5fb1125da75c","","d4eed26ec7e2ca58225c00237b8e5fb1125da75c","legacy/supervm-20261002/crates/novovm-network/src/eth_fullnode.rs","64D9BA659858A9211578533E399F2450D390CCD66ADD23B5534DD0EAC8606163","crates/novovm-network/src/eth_fullnode.rs","before Git object; local drafts preserved separately, no overwrite","restore_identical_tree_to_original_path","","False","PENDING_USER_REVIEW"
"crates/novovm-network/src/eth_rlpx_read_tests.rs","100644","4e68c43e9bad0d0d07d5fe1e6567ab202f60438c","pure_relocation","","legacy/supervm-20261002/crates/novovm-network/src/eth_rlpx_read_tests.rs","4e68c43e9bad0d0d07d5fe1e6567ab202f60438c","","4e68c43e9bad0d0d07d5fe1e6567ab202f60438c","legacy/supervm-20261002/crates/novovm-network/src/eth_rlpx_read_tests.rs","66274930E03780C64DAA6AD7E66878228EDFEC48EFEC97A95D6ABF7784CB6694","crates/novovm-network/src/eth_rlpx_read_tests.rs","before Git object; local drafts preserved separately, no overwrite","restore_identical_tree_to_original_path","","False","PENDING_USER_REVIEW"
"crates/novovm-network/src/eth_rlpx.rs","100644","21836eafa9a919010849cdd80127645af96f5168","pure_relocation","","legacy/supervm-20261002/crates/novovm-network/src/eth_rlpx.rs","21836eafa9a919010849cdd80127645af96f5168","","21836eafa9a919010849cdd80127645af96f5168","legacy/supervm-20261002/crates/novovm-network/src/eth_rlpx.rs","CB22B57BB15FFF5D1A9540DCDBC6266EA79C1F6446A9B49A89D416167CA1D1D1","crates/novovm-network/src/eth_rlpx.rs","before Git object; local drafts preserved separately, no overwrite","restore_identical_tree_to_original_path","","False","PENDING_USER_REVIEW"
"crates/novovm-network/src/eth_runtime_config.rs","100644","d4d7119aba5fac73e3765c58e15fbb262e50d536","pure_relocation","","legacy/supervm-20261002/crates/novovm-network/src/eth_runtime_config.rs","d4d7119aba5fac73e3765c58e15fbb262e50d536","","d4d7119aba5fac73e3765c58e15fbb262e50d536","legacy/supervm-20261002/crates/novovm-network/src/eth_runtime_config.rs","47FC277B70D2DAF83E25B3F4CA02B839CBE99F82AA6A42957C4EB1D759ED55EA","crates/novovm-network/src/eth_runtime_config.rs","before Git object; local drafts preserved separately, no overwrite","restore_identical_tree_to_original_path","","False","PENDING_USER_REVIEW"
"crates/novovm-network/src/eth_selection_config.rs","100644","525d59e39b6975f7113fdc9d3488832e62dd64c0","pure_relocation","","legacy/supervm-20261002/crates/novovm-network/src/eth_selection_config.rs","525d59e39b6975f7113fdc9d3488832e62dd64c0","","525d59e39b6975f7113fdc9d3488832e62dd64c0","legacy/supervm-20261002/crates/novovm-network/src/eth_selection_config.rs","E681C75F6112C586E167696FA0DD81D4ED7E29FAF666B50E9719D73491B6197A","crates/novovm-network/src/eth_selection_config.rs","before Git object; local drafts preserved separately, no overwrite","restore_identical_tree_to_original_path","","False","PENDING_USER_REVIEW"
"crates/novovm-network/src/gossip.rs","100644","89ec46a3c6b926b7f516a1e2f3284768a775da14","pure_relocation","","legacy/supervm-20261002/crates/novovm-network/src/gossip.rs","89ec46a3c6b926b7f516a1e2f3284768a775da14","","89ec46a3c6b926b7f516a1e2f3284768a775da14","legacy/supervm-20261002/crates/novovm-network/src/gossip.rs","AD4FAA2DABC5944445EC0BEEF4AF20BA59AF451BAF40037222B288BF42012867","crates/novovm-network/src/gossip.rs","before Git object; local drafts preserved separately, no overwrite","restore_identical_tree_to_original_path","","False","PENDING_USER_REVIEW"
"crates/novovm-network/src/lib.rs","100644","656fdf5072e20d05168affac8273bd43addec943","pure_relocation","","legacy/supervm-20261002/crates/novovm-network/src/lib.rs","656fdf5072e20d05168affac8273bd43addec943","","656fdf5072e20d05168affac8273bd43addec943","legacy/supervm-20261002/crates/novovm-network/src/lib.rs","2718E2AFA99DCFF0BAFACE42F539CF7E3EA4BC9D837127BBA9B3A0651FD0DB70","crates/novovm-network/src/lib.rs","before Git object; local drafts preserved separately, no overwrite","restore_identical_tree_to_original_path","","False","PENDING_USER_REVIEW"
"crates/novovm-network/src/novorudp.rs","100644","7536e4fcd21e6eb6de6138854c5bd82608bd55ac","pure_relocation","","legacy/supervm-20261002/crates/novovm-network/src/novorudp.rs","7536e4fcd21e6eb6de6138854c5bd82608bd55ac","","7536e4fcd21e6eb6de6138854c5bd82608bd55ac","legacy/supervm-20261002/crates/novovm-network/src/novorudp.rs","933A405E13EB07AB9E6E4A812C60BAB9FAAAA4ACB51F32FB98D3AE082839D2C3","crates/novovm-network/src/novorudp.rs","before Git object; local drafts preserved separately, no overwrite","restore_identical_tree_to_original_path","","False","PENDING_USER_REVIEW"
"crates/novovm-network/src/overlay_runtime.rs","100644","5b773dc60b64d2bac8df7edcae6ed4c0cb11550c","pure_relocation","","legacy/supervm-20261002/crates/novovm-network/src/overlay_runtime.rs","5b773dc60b64d2bac8df7edcae6ed4c0cb11550c","","5b773dc60b64d2bac8df7edcae6ed4c0cb11550c","legacy/supervm-20261002/crates/novovm-network/src/overlay_runtime.rs","F13B93C861697049A0D77C206744A71AD20376E4404CFAFF9AE361341C20D0B1","crates/novovm-network/src/overlay_runtime.rs","before Git object; local drafts preserved separately, no overwrite","restore_identical_tree_to_original_path","","False","PENDING_USER_REVIEW"
"crates/novovm-network/src/overlay.rs","100644","96587ae8fcbf98993aacc4ea7bda407e0a8b6b42","pure_relocation","","legacy/supervm-20261002/crates/novovm-network/src/overlay.rs","96587ae8fcbf98993aacc4ea7bda407e0a8b6b42","","96587ae8fcbf98993aacc4ea7bda407e0a8b6b42","legacy/supervm-20261002/crates/novovm-network/src/overlay.rs","D90BF590094CB6D2ADC9BE9C20433EE94A85BD950267B8FD694CDA77E522A15D","crates/novovm-network/src/overlay.rs","before Git object; local drafts preserved separately, no overwrite","restore_identical_tree_to_original_path","","False","PENDING_USER_REVIEW"
"crates/novovm-network/src/product_directory.rs","100644","7a4bac862140059477ad8a44cfb03af6f54b7993","pure_relocation","","legacy/supervm-20261002/crates/novovm-network/src/product_directory.rs","7a4bac862140059477ad8a44cfb03af6f54b7993","","7a4bac862140059477ad8a44cfb03af6f54b7993","legacy/supervm-20261002/crates/novovm-network/src/product_directory.rs","D1B3F80BD3DC2C7B192F1F3ED175CBA5BED19EE01773784C3D524923425DCFB2","crates/novovm-network/src/product_directory.rs","before Git object; local drafts preserved separately, no overwrite","restore_identical_tree_to_original_path","","False","PENDING_USER_REVIEW"
"crates/novovm-network/src/product_identity.rs","100644","8bd5f038c895a9c222da972bb0db593ff196cd16","pure_relocation","","legacy/supervm-20261002/crates/novovm-network/src/product_identity.rs","8bd5f038c895a9c222da972bb0db593ff196cd16","","8bd5f038c895a9c222da972bb0db593ff196cd16","legacy/supervm-20261002/crates/novovm-network/src/product_identity.rs","3DFEE57CA07B5ED83ACC1E64B1550C685F4C2052A9548B337A719A82B0A361F2","crates/novovm-network/src/product_identity.rs","before Git object; local drafts preserved separately, no overwrite","restore_identical_tree_to_original_path","","False","PENDING_USER_REVIEW"
"crates/novovm-network/src/product_nat.rs","100644","2e11715c55ddab42cadf773d91485cb171ea3c36","pure_relocation","","legacy/supervm-20261002/crates/novovm-network/src/product_nat.rs","2e11715c55ddab42cadf773d91485cb171ea3c36","","2e11715c55ddab42cadf773d91485cb171ea3c36","legacy/supervm-20261002/crates/novovm-network/src/product_nat.rs","23AB1427F4620A558BBCA26BDA9345C495F63202A12EEB2AE18C6B40440FF80C","crates/novovm-network/src/product_nat.rs","before Git object; local drafts preserved separately, no overwrite","restore_identical_tree_to_original_path","","False","PENDING_USER_REVIEW"
"crates/novovm-network/src/product_overlay.rs","100644","829978b60665a35bdec14ff2e25522e549031b55","pure_relocation","","legacy/supervm-20261002/crates/novovm-network/src/product_overlay.rs","829978b60665a35bdec14ff2e25522e549031b55","","829978b60665a35bdec14ff2e25522e549031b55","legacy/supervm-20261002/crates/novovm-network/src/product_overlay.rs","CA10E4CDB8F7B7A9995C0EF2E71C6FBE00FD05321089CD136A028FFB4E3CA637","crates/novovm-network/src/product_overlay.rs","before Git object; local drafts preserved separately, no overwrite","restore_identical_tree_to_original_path","","False","PENDING_USER_REVIEW"
"crates/novovm-network/src/product_relay.rs","100644","d93b0d525773978906518a266ed4a0ebc90434a1","pure_relocation","","legacy/supervm-20261002/crates/novovm-network/src/product_relay.rs","d93b0d525773978906518a266ed4a0ebc90434a1","","d93b0d525773978906518a266ed4a0ebc90434a1","legacy/supervm-20261002/crates/novovm-network/src/product_relay.rs","BE6FB58756C7CBF319AB627BBC1C4025522C59FF879ED2D21075EA2A1812BDFC","crates/novovm-network/src/product_relay.rs","before Git object; local drafts preserved separately, no overwrite","restore_identical_tree_to_original_path","","False","PENDING_USER_REVIEW"
"crates/novovm-network/src/reachability.rs","100644","0dd4e7dbdac1d9f72aed241c832d2e06924d2e29","pure_relocation","","legacy/supervm-20261002/crates/novovm-network/src/reachability.rs","0dd4e7dbdac1d9f72aed241c832d2e06924d2e29","","0dd4e7dbdac1d9f72aed241c832d2e06924d2e29","legacy/supervm-20261002/crates/novovm-network/src/reachability.rs","08C7314F0B723DA3F283F39011720A0A7C7CDE23495F36522773904F9A136867","crates/novovm-network/src/reachability.rs","before Git object; local drafts preserved separately, no overwrite","restore_identical_tree_to_original_path","","False","PENDING_USER_REVIEW"
"crates/novovm-network/src/relay/client.rs","100644","227ded4672cf15459a6a3e17d2a0716810f4fe9b","pure_relocation","","legacy/supervm-20261002/crates/novovm-network/src/relay/client.rs","227ded4672cf15459a6a3e17d2a0716810f4fe9b","","227ded4672cf15459a6a3e17d2a0716810f4fe9b","legacy/supervm-20261002/crates/novovm-network/src/relay/client.rs","B3EF699AF6A63E79761B91B21C41153A1A3B0E8800584565281B5A3CF4EFA955","crates/novovm-network/src/relay/client.rs","before Git object; local drafts preserved separately, no overwrite","restore_identical_tree_to_original_path","","False","PENDING_USER_REVIEW"
"crates/novovm-network/src/relay/data_plane.rs","100644","5260e30471988f06c7bda9b80ca3b6853b853e9f","pure_relocation","","legacy/supervm-20261002/crates/novovm-network/src/relay/data_plane.rs","5260e30471988f06c7bda9b80ca3b6853b853e9f","","5260e30471988f06c7bda9b80ca3b6853b853e9f","legacy/supervm-20261002/crates/novovm-network/src/relay/data_plane.rs","95AC100B2487C439011125F2890F12631ECA99C7289A768D2674A9842FA98B30","crates/novovm-network/src/relay/data_plane.rs","before Git object; local drafts preserved separately, no overwrite","restore_identical_tree_to_original_path","","False","PENDING_USER_REVIEW"
"crates/novovm-network/src/relay/frame.rs","100644","b0d3ca26f0af8dd0ca8df8031cf14bb76f4a6fd2","pure_relocation","","legacy/supervm-20261002/crates/novovm-network/src/relay/frame.rs","b0d3ca26f0af8dd0ca8df8031cf14bb76f4a6fd2","","b0d3ca26f0af8dd0ca8df8031cf14bb76f4a6fd2","legacy/supervm-20261002/crates/novovm-network/src/relay/frame.rs","787CFEF19677F10A1BFE947438C74431EAFD9224F5C95A4E8DDFB36B3A7FFCC6","crates/novovm-network/src/relay/frame.rs","before Git object; local drafts preserved separately, no overwrite","restore_identical_tree_to_original_path","","False","PENDING_USER_REVIEW"
"crates/novovm-network/src/relay/loopback.rs","100644","c8a370904fa0637ae21ee215248b5598aa829814","pure_relocation","","legacy/supervm-20261002/crates/novovm-network/src/relay/loopback.rs","c8a370904fa0637ae21ee215248b5598aa829814","","c8a370904fa0637ae21ee215248b5598aa829814","legacy/supervm-20261002/crates/novovm-network/src/relay/loopback.rs","A5FD199184F6C57CA88F4F0217486004971F8F3DCB4DEDBA47DE980B492A06A4","crates/novovm-network/src/relay/loopback.rs","before Git object; local drafts preserved separately, no overwrite","restore_identical_tree_to_original_path","","False","PENDING_USER_REVIEW"
"crates/novovm-network/src/relay/mod.rs","100644","0bf51e4da4159fabb5b39c5bf09263692551090b","pure_relocation","","legacy/supervm-20261002/crates/novovm-network/src/relay/mod.rs","0bf51e4da4159fabb5b39c5bf09263692551090b","","0bf51e4da4159fabb5b39c5bf09263692551090b","legacy/supervm-20261002/crates/novovm-network/src/relay/mod.rs","9882122170BC32018D5B6A158BA1C8B1A9335FCF412AA171110225386C387934","crates/novovm-network/src/relay/mod.rs","before Git object; local drafts preserved separately, no overwrite","restore_identical_tree_to_original_path","","False","PENDING_USER_REVIEW"
"crates/novovm-network/src/relay/server.rs","100644","37e833e87f1e823171b4e9b353ffa0d2cb28b68e","pure_relocation","","legacy/supervm-20261002/crates/novovm-network/src/relay/server.rs","37e833e87f1e823171b4e9b353ffa0d2cb28b68e","","37e833e87f1e823171b4e9b353ffa0d2cb28b68e","legacy/supervm-20261002/crates/novovm-network/src/relay/server.rs","92EE66F85CD715F47171B3A134480998E38F0D41BA3F927F677BA6286E7EAD80","crates/novovm-network/src/relay/server.rs","before Git object; local drafts preserved separately, no overwrite","restore_identical_tree_to_original_path","","False","PENDING_USER_REVIEW"
"crates/novovm-network/src/route.rs","100644","2f3ad093874cbde14212ad3eefe1c0f91b2d437a","pure_relocation","","legacy/supervm-20261002/crates/novovm-network/src/route.rs","2f3ad093874cbde14212ad3eefe1c0f91b2d437a","","2f3ad093874cbde14212ad3eefe1c0f91b2d437a","legacy/supervm-20261002/crates/novovm-network/src/route.rs","ED989C99420556DE64ADB797DCCDAFE7D8A65D7FC28C6D17EFECA096DB483814","crates/novovm-network/src/route.rs","before Git object; local drafts preserved separately, no overwrite","restore_identical_tree_to_original_path","","False","PENDING_USER_REVIEW"
"crates/novovm-network/src/routing/l3_regional.rs","100644","3216a0cdc8d7a22b2ba4d21ba76b1a3e6ceaff89","pure_relocation","","legacy/supervm-20261002/crates/novovm-network/src/routing/l3_regional.rs","3216a0cdc8d7a22b2ba4d21ba76b1a3e6ceaff89","","3216a0cdc8d7a22b2ba4d21ba76b1a3e6ceaff89","legacy/supervm-20261002/crates/novovm-network/src/routing/l3_regional.rs","5C14C82434ED745E5DD632E292FD58AB23F23A7C5986D408E6893A20B9A2AB5C","crates/novovm-network/src/routing/l3_regional.rs","before Git object; local drafts preserved separately, no overwrite","restore_identical_tree_to_original_path","","False","PENDING_USER_REVIEW"
"crates/novovm-network/src/routing/l4_local.rs","100644","cee247dc7169bb30b9a930feb40f493d73c38a9b","pure_relocation","","legacy/supervm-20261002/crates/novovm-network/src/routing/l4_local.rs","cee247dc7169bb30b9a930feb40f493d73c38a9b","","cee247dc7169bb30b9a930feb40f493d73c38a9b","legacy/supervm-20261002/crates/novovm-network/src/routing/l4_local.rs","7F2A195AD83CCFC000EA80F91FB613D0BECB1670CE9243BE1CA3D2105F00F73D","crates/novovm-network/src/routing/l4_local.rs","before Git object; local drafts preserved separately, no overwrite","restore_identical_tree_to_original_path","","False","PENDING_USER_REVIEW"
"crates/novovm-network/src/routing/mod.rs","100644","8ce4f235b76ed83de5647b42cd6e9026f0f29b36","pure_relocation","","legacy/supervm-20261002/crates/novovm-network/src/routing/mod.rs","8ce4f235b76ed83de5647b42cd6e9026f0f29b36","","8ce4f235b76ed83de5647b42cd6e9026f0f29b36","legacy/supervm-20261002/crates/novovm-network/src/routing/mod.rs","038A8DB5E3188DC8B2848951A8C053B86E7546762D455C146670E0E4B6C6E16E","crates/novovm-network/src/routing/mod.rs","before Git object; local drafts preserved separately, no overwrite","restore_identical_tree_to_original_path","","False","PENDING_USER_REVIEW"
"crates/novovm-network/src/routing/selector.rs","100644","2f202df0bad647f97ceaee388c68976b4bf5c20e","pure_relocation","","legacy/supervm-20261002/crates/novovm-network/src/routing/selector.rs","2f202df0bad647f97ceaee388c68976b4bf5c20e","","2f202df0bad647f97ceaee388c68976b4bf5c20e","legacy/supervm-20261002/crates/novovm-network/src/routing/selector.rs","E872577188E6CFD31EFC39B967296426498FB674BC0C874F40CF64E39AF08438","crates/novovm-network/src/routing/selector.rs","before Git object; local drafts preserved separately, no overwrite","restore_identical_tree_to_original_path","","False","PENDING_USER_REVIEW"
"crates/novovm-network/src/routing/sync.rs","100644","54e0ce5beb142c22751de8494d37e95d6bae93b2","pure_relocation","","legacy/supervm-20261002/crates/novovm-network/src/routing/sync.rs","54e0ce5beb142c22751de8494d37e95d6bae93b2","","54e0ce5beb142c22751de8494d37e95d6bae93b2","legacy/supervm-20261002/crates/novovm-network/src/routing/sync.rs","B38C5385B270AC4C62CC6A7D63361B6CF5E7E0BDC8BAD4405A6E7DD2DEAA640F","crates/novovm-network/src/routing/sync.rs","before Git object; local drafts preserved separately, no overwrite","restore_identical_tree_to_original_path","","False","PENDING_USER_REVIEW"
"crates/novovm-network/src/routing/types.rs","100644","81a38c31750eb2d1cc445811f960059fb9f51a38","pure_relocation","","legacy/supervm-20261002/crates/novovm-network/src/routing/types.rs","81a38c31750eb2d1cc445811f960059fb9f51a38","","81a38c31750eb2d1cc445811f960059fb9f51a38","legacy/supervm-20261002/crates/novovm-network/src/routing/types.rs","2D17FE944A4B80E91F9E2830EEA8B94029F1FC3F967D06BD3F456B3B63BDD603","crates/novovm-network/src/routing/types.rs","before Git object; local drafts preserved separately, no overwrite","restore_identical_tree_to_original_path","","False","PENDING_USER_REVIEW"
"crates/novovm-network/src/runtime_status.rs","100644","1419c55cc6f658408be1b92e7d6f77722f6f1f61","pure_relocation","","legacy/supervm-20261002/crates/novovm-network/src/runtime_status.rs","1419c55cc6f658408be1b92e7d6f77722f6f1f61","","1419c55cc6f658408be1b92e7d6f77722f6f1f61","legacy/supervm-20261002/crates/novovm-network/src/runtime_status.rs","F9F0E842955576872CC8C91A2B6103176FA418C4240533494B0E7FA1076CDA83","crates/novovm-network/src/runtime_status.rs","before Git object; local drafts preserved separately, no overwrite","restore_identical_tree_to_original_path","","False","PENDING_USER_REVIEW"
"crates/novovm-network/src/transport_rlpx_read_tests.rs","100644","6a8fa829013df0fc82c28f718863dceb1c429085","pure_relocation","","legacy/supervm-20261002/crates/novovm-network/src/transport_rlpx_read_tests.rs","6a8fa829013df0fc82c28f718863dceb1c429085","","6a8fa829013df0fc82c28f718863dceb1c429085","legacy/supervm-20261002/crates/novovm-network/src/transport_rlpx_read_tests.rs","28CB139E3002A747B12BEFE8E1F18A58316F84003548459DFEEC47FF73740EC4","crates/novovm-network/src/transport_rlpx_read_tests.rs","before Git object; local drafts preserved separately, no overwrite","restore_identical_tree_to_original_path","","False","PENDING_USER_REVIEW"
"crates/novovm-network/src/transport.rs","100644","28a0b8872ee08d27c535c6ba87379e0477400417","pure_relocation","","legacy/supervm-20261002/crates/novovm-network/src/transport.rs","28a0b8872ee08d27c535c6ba87379e0477400417","","28a0b8872ee08d27c535c6ba87379e0477400417","legacy/supervm-20261002/crates/novovm-network/src/transport.rs","C253F8CEEA0472754180E483E8FC4065B5BEF079538F465AFC3705FE419D0340","crates/novovm-network/src/transport.rs","before Git object; local drafts preserved separately, no overwrite","restore_identical_tree_to_original_path","","False","PENDING_USER_REVIEW"
"crates/novovm-node/Cargo.toml","100644","4ffb0e61770290582829a582cd40d9b1d9b62cd3","pure_relocation","","legacy/supervm-20261002/crates/novovm-node/Cargo.toml","4ffb0e61770290582829a582cd40d9b1d9b62cd3","","4ffb0e61770290582829a582cd40d9b1d9b62cd3","legacy/supervm-20261002/crates/novovm-node/Cargo.toml","0C78085E6B67CDBCF42563ED4F56B55647377F0A01967251A7364617B9A2148C","crates/novovm-node/Cargo.toml","before Git object; local drafts preserved separately, no overwrite","restore_identical_tree_to_original_path","","False","PENDING_USER_REVIEW"
"crates/novovm-node/src/bin/dual_node_funded_fixture/mod.rs","100644","229473f46fe3f579add6b04c77e129bc938770a2","pure_relocation","","legacy/supervm-20261002/crates/novovm-node/src/bin/dual_node_funded_fixture/mod.rs","229473f46fe3f579add6b04c77e129bc938770a2","","229473f46fe3f579add6b04c77e129bc938770a2","legacy/supervm-20261002/crates/novovm-node/src/bin/dual_node_funded_fixture/mod.rs","E1A7E0E7190DB79414B32B09A621E56E1BDAE00BFA92E7EF2E7B8EB1F3FACB02","crates/novovm-node/src/bin/dual_node_funded_fixture/mod.rs","before Git object; local drafts preserved separately, no overwrite","restore_identical_tree_to_original_path","","False","PENDING_USER_REVIEW"
"crates/novovm-node/src/bin/novovm_node_partition_test.rs","100644","6134ff764877804a34fbaeb5ac56f8aeaaf332d7","pure_relocation","","legacy/supervm-20261002/crates/novovm-node/src/bin/novovm_node_partition_test.rs","6134ff764877804a34fbaeb5ac56f8aeaaf332d7","","6134ff764877804a34fbaeb5ac56f8aeaaf332d7","legacy/supervm-20261002/crates/novovm-node/src/bin/novovm_node_partition_test.rs","027D6B7400E3A17F68E2FFF32D71883FFF109959FCDA53F070ED2A26A5331288","crates/novovm-node/src/bin/novovm_node_partition_test.rs","before Git object; local drafts preserved separately, no overwrite","restore_identical_tree_to_original_path","","False","PENDING_USER_REVIEW"
"crates/novovm-node/src/bin/novovm-node.rs","100644","5ba8637a5e8fe44b4284903817dc466795fe2e82","pure_relocation","","legacy/supervm-20261002/crates/novovm-node/src/bin/novovm-node.rs","5ba8637a5e8fe44b4284903817dc466795fe2e82","","5ba8637a5e8fe44b4284903817dc466795fe2e82","legacy/supervm-20261002/crates/novovm-node/src/bin/novovm-node.rs","98C22456137C1B0D901457786BFAD3AB2E51B9B78FD12ED0D132079DA1C503D4","crates/novovm-node/src/bin/novovm-node.rs","before Git object; local drafts preserved separately, no overwrite","restore_identical_tree_to_original_path","source_has_local_draft","False","PENDING_USER_REVIEW"
"crates/novovm-node/src/bin/novovm-product-evidence.rs","100644","c7bb250222fcf26c4d339a0809031f3f42c7f77f","pure_relocation","","legacy/supervm-20261002/crates/novovm-node/src/bin/novovm-product-evidence.rs","c7bb250222fcf26c4d339a0809031f3f42c7f77f","","c7bb250222fcf26c4d339a0809031f3f42c7f77f","legacy/supervm-20261002/crates/novovm-node/src/bin/novovm-product-evidence.rs","F783DEF7EB5C4CC0EDC7F95E31BAFEA5B55DB03A3A80594A0762E17172604247","crates/novovm-node/src/bin/novovm-product-evidence.rs","before Git object; local drafts preserved separately, no overwrite","restore_identical_tree_to_original_path","","False","PENDING_USER_REVIEW"
"crates/novovm-node/src/bin/novovm-product-nat.rs","100644","08fd2a5985353a9fdf3c050e6e223b202fc8fd5a","pure_relocation","","legacy/supervm-20261002/crates/novovm-node/src/bin/novovm-product-nat.rs","08fd2a5985353a9fdf3c050e6e223b202fc8fd5a","","08fd2a5985353a9fdf3c050e6e223b202fc8fd5a","legacy/supervm-20261002/crates/novovm-node/src/bin/novovm-product-nat.rs","7BF30C3A909EE7F9E580FE3DCF1A7A754E285003FD9762013E484F93A5C62BE2","crates/novovm-node/src/bin/novovm-product-nat.rs","before Git object; local drafts preserved separately, no overwrite","restore_identical_tree_to_original_path","","False","PENDING_USER_REVIEW"
"crates/novovm-node/src/bin/novovm-product-node-overlay.rs","100644","453b49f35e0cc17e3f7bbb02df4f9101021bec9d","pure_relocation","","legacy/supervm-20261002/crates/novovm-node/src/bin/novovm-product-node-overlay.rs","453b49f35e0cc17e3f7bbb02df4f9101021bec9d","","453b49f35e0cc17e3f7bbb02df4f9101021bec9d","legacy/supervm-20261002/crates/novovm-node/src/bin/novovm-product-node-overlay.rs","4B0FD73519A630A1E76D3C3EB57E8B6E51A70E767789F83495D7676CEF698100","crates/novovm-node/src/bin/novovm-product-node-overlay.rs","before Git object; local drafts preserved separately, no overwrite","restore_identical_tree_to_original_path","","False","PENDING_USER_REVIEW"
"crates/novovm-node/src/bin/novovm-product-peer.rs","100644","0e257104899b1c97c1952387101feccb7fb16f2d","pure_relocation","","legacy/supervm-20261002/crates/novovm-node/src/bin/novovm-product-peer.rs","0e257104899b1c97c1952387101feccb7fb16f2d","","0e257104899b1c97c1952387101feccb7fb16f2d","legacy/supervm-20261002/crates/novovm-node/src/bin/novovm-product-peer.rs","7B4D87FB084C5E509F504CC6E239597BD7E3CD74092ADCB4524E8437EF2942AC","crates/novovm-node/src/bin/novovm-product-peer.rs","before Git object; local drafts preserved separately, no overwrite","restore_identical_tree_to_original_path","","False","PENDING_USER_REVIEW"
"crates/novovm-node/src/bin/novovm-product-relay.rs","100644","c3f6588eec1b4f8b71bc1fcd7409d58dc24a2562","pure_relocation","","legacy/supervm-20261002/crates/novovm-node/src/bin/novovm-product-relay.rs","c3f6588eec1b4f8b71bc1fcd7409d58dc24a2562","","c3f6588eec1b4f8b71bc1fcd7409d58dc24a2562","legacy/supervm-20261002/crates/novovm-node/src/bin/novovm-product-relay.rs","04EFFE5C7F89D21DDBAC2D9435E38086D5CC3E06A16AC6A0FBBDAADC3BEC1B51","crates/novovm-node/src/bin/novovm-product-relay.rs","before Git object; local drafts preserved separately, no overwrite","restore_identical_tree_to_original_path","","False","PENDING_USER_REVIEW"
"crates/novovm-node/src/bin/novovm-product-topology.rs","100644","ac2bc02915168d944f24b7142319c27a7b40bd66","pure_relocation","","legacy/supervm-20261002/crates/novovm-node/src/bin/novovm-product-topology.rs","ac2bc02915168d944f24b7142319c27a7b40bd66","","ac2bc02915168d944f24b7142319c27a7b40bd66","legacy/supervm-20261002/crates/novovm-node/src/bin/novovm-product-topology.rs","BE3111228EC0083792F605FEAA1897E6E18BA80AD5026EE18B14ECB73976854D","crates/novovm-node/src/bin/novovm-product-topology.rs","before Git object; local drafts preserved separately, no overwrite","restore_identical_tree_to_original_path","","False","PENDING_USER_REVIEW"
"crates/novovm-node/src/bin/supervm-mainline-duty-report.rs","100644","8a5b9209c6d4f2f32b7e513d937140fc91c8a923","pure_relocation","","legacy/supervm-20261002/crates/novovm-node/src/bin/supervm-mainline-duty-report.rs","8a5b9209c6d4f2f32b7e513d937140fc91c8a923","","8a5b9209c6d4f2f32b7e513d937140fc91c8a923","legacy/supervm-20261002/crates/novovm-node/src/bin/supervm-mainline-duty-report.rs","19B04E86B81FD5CC71419B1D90D2C8AEB2537D5AE074029A5C81EEBBFCDE52B5","crates/novovm-node/src/bin/supervm-mainline-duty-report.rs","before Git object; local drafts preserved separately, no overwrite","restore_identical_tree_to_original_path","","False","PENDING_USER_REVIEW"
"crates/novovm-node/src/bin/supervm-mainline-gate.rs","100644","d12bdb42b335a0fed6b7333404346027f1ca8939","pure_relocation","","legacy/supervm-20261002/crates/novovm-node/src/bin/supervm-mainline-gate.rs","d12bdb42b335a0fed6b7333404346027f1ca8939","","d12bdb42b335a0fed6b7333404346027f1ca8939","legacy/supervm-20261002/crates/novovm-node/src/bin/supervm-mainline-gate.rs","C12CC88989E18C5C51C2F6B74D20E9D2FF055CE3694A97B274BA06DA14C7B169","crates/novovm-node/src/bin/supervm-mainline-gate.rs","before Git object; local drafts preserved separately, no overwrite","restore_identical_tree_to_original_path","","False","PENDING_USER_REVIEW"
"crates/novovm-node/src/bin/supervm-mainline-geth-sample-sync.rs","100644","006dcd965d157963d0e7a36e61d55eda3765869b","pure_relocation","","legacy/supervm-20261002/crates/novovm-node/src/bin/supervm-mainline-geth-sample-sync.rs","006dcd965d157963d0e7a36e61d55eda3765869b","","006dcd965d157963d0e7a36e61d55eda3765869b","legacy/supervm-20261002/crates/novovm-node/src/bin/supervm-mainline-geth-sample-sync.rs","589AE98D7442CDCD94ECCB21E0CB97DA0E43D96D6308535EC2FBD3E20246F244","crates/novovm-node/src/bin/supervm-mainline-geth-sample-sync.rs","before Git object; local drafts preserved separately, no overwrite","restore_identical_tree_to_original_path","","False","PENDING_USER_REVIEW"
"crates/novovm-node/src/bin/supervm-mainline-nightly-gate.rs","100644","9dfab63ef8e64300ed4eef634f18be08162b068e","pure_relocation","","legacy/supervm-20261002/crates/novovm-node/src/bin/supervm-mainline-nightly-gate.rs","9dfab63ef8e64300ed4eef634f18be08162b068e","","9dfab63ef8e64300ed4eef634f18be08162b068e","legacy/supervm-20261002/crates/novovm-node/src/bin/supervm-mainline-nightly-gate.rs","A2FED564B7A6CBB0892F20455D53DB80A7CA5ED05F00215C7A55B6BAC44EF429","crates/novovm-node/src/bin/supervm-mainline-nightly-gate.rs","before Git object; local drafts preserved separately, no overwrite","restore_identical_tree_to_original_path","","False","PENDING_USER_REVIEW"
"crates/novovm-node/src/bin/supervm-mainline-p2d-sample-inject.rs","100644","b5734b1ef5fecc92d4b87b8bd313aee6db7b51b2","pure_relocation","","legacy/supervm-20261002/crates/novovm-node/src/bin/supervm-mainline-p2d-sample-inject.rs","b5734b1ef5fecc92d4b87b8bd313aee6db7b51b2","","b5734b1ef5fecc92d4b87b8bd313aee6db7b51b2","legacy/supervm-20261002/crates/novovm-node/src/bin/supervm-mainline-p2d-sample-inject.rs","9F7AE7418D402D723C15BD2B5F260A0BE333E473BC885788FBCD0D8B13EE3008","crates/novovm-node/src/bin/supervm-mainline-p2d-sample-inject.rs","before Git object; local drafts preserved separately, no overwrite","restore_identical_tree_to_original_path","","False","PENDING_USER_REVIEW"
"crates/novovm-node/src/bin/supervm-mainline-preflight.rs","100644","dc29d8e9806696d1a4e6f20ce87c99db43049a78","pure_relocation","","legacy/supervm-20261002/crates/novovm-node/src/bin/supervm-mainline-preflight.rs","dc29d8e9806696d1a4e6f20ce87c99db43049a78","","dc29d8e9806696d1a4e6f20ce87c99db43049a78","legacy/supervm-20261002/crates/novovm-node/src/bin/supervm-mainline-preflight.rs","F16E345E30C2AC8BBF3F2568F90591AF156FEF45C50E90C4858BE2135A05B66F","crates/novovm-node/src/bin/supervm-mainline-preflight.rs","before Git object; local drafts preserved separately, no overwrite","restore_identical_tree_to_original_path","","False","PENDING_USER_REVIEW"
"crates/novovm-node/src/bin/supervm-mainline-query.rs","100644","56cc58d9b9272109327a9101945685335008c5bf","pure_relocation","","legacy/supervm-20261002/crates/novovm-node/src/bin/supervm-mainline-query.rs","56cc58d9b9272109327a9101945685335008c5bf","","56cc58d9b9272109327a9101945685335008c5bf","legacy/supervm-20261002/crates/novovm-node/src/bin/supervm-mainline-query.rs","7D737FABEEFED3326A4DC084DD5C679152205534F73AF5059E98FA1A1DC0CEE1","crates/novovm-node/src/bin/supervm-mainline-query.rs","before Git object; local drafts preserved separately, no overwrite","restore_identical_tree_to_original_path","","False","PENDING_USER_REVIEW"
"crates/novovm-node/src/bin/supervm-mainline-soak.rs","100644","59cc56adfade9c59b1a1451148561af56b49657d","pure_relocation","","legacy/supervm-20261002/crates/novovm-node/src/bin/supervm-mainline-soak.rs","59cc56adfade9c59b1a1451148561af56b49657d","","59cc56adfade9c59b1a1451148561af56b49657d","legacy/supervm-20261002/crates/novovm-node/src/bin/supervm-mainline-soak.rs","280A43E52E4C1CC5BE593A84243FD5BD3D87DA3A03CA649F653AA296F3960542","crates/novovm-node/src/bin/supervm-mainline-soak.rs","before Git object; local drafts preserved separately, no overwrite","restore_identical_tree_to_original_path","","False","PENDING_USER_REVIEW"
"crates/novovm-node/src/bin/supervm-native-pipeline-cross-machine-udp-soak.rs","100644","994ece4331bb714ba2f22d5ad2403d0a071d1e88","pure_relocation","","legacy/supervm-20261002/crates/novovm-node/src/bin/supervm-native-pipeline-cross-machine-udp-soak.rs","994ece4331bb714ba2f22d5ad2403d0a071d1e88","","994ece4331bb714ba2f22d5ad2403d0a071d1e88","legacy/supervm-20261002/crates/novovm-node/src/bin/supervm-native-pipeline-cross-machine-udp-soak.rs","5CCA6A8FC62F7CC8E14A3B4DB0925977792D3FDF26394135010B11FC60FE1690","crates/novovm-node/src/bin/supervm-native-pipeline-cross-machine-udp-soak.rs","before Git object; local drafts preserved separately, no overwrite","restore_identical_tree_to_original_path","","False","PENDING_USER_REVIEW"
"crates/novovm-node/src/bin/supervm-native-pipeline-dual-node-gate.rs","100644","9d66d0b32139e4d3539bd68d97c7d3daac112012","pure_relocation","","legacy/supervm-20261002/crates/novovm-node/src/bin/supervm-native-pipeline-dual-node-gate.rs","9d66d0b32139e4d3539bd68d97c7d3daac112012","","9d66d0b32139e4d3539bd68d97c7d3daac112012","legacy/supervm-20261002/crates/novovm-node/src/bin/supervm-native-pipeline-dual-node-gate.rs","4125299405EE895656E8FBF76AB10EFE373B1A35C047DA69A9D7FD3D7C216DAC","crates/novovm-node/src/bin/supervm-native-pipeline-dual-node-gate.rs","before Git object; local drafts preserved separately, no overwrite","restore_identical_tree_to_original_path","","False","PENDING_USER_REVIEW"
"crates/novovm-node/src/bin/supervm-native-pipeline-network-fault-gate.rs","100644","3f636be4b9d489bd75f50b966ac1485b0259c342","pure_relocation","","legacy/supervm-20261002/crates/novovm-node/src/bin/supervm-native-pipeline-network-fault-gate.rs","3f636be4b9d489bd75f50b966ac1485b0259c342","","3f636be4b9d489bd75f50b966ac1485b0259c342","legacy/supervm-20261002/crates/novovm-node/src/bin/supervm-native-pipeline-network-fault-gate.rs","7EDEF8E33D4CB6830D720E8CAC18750A5CC1317A544A00A18277D4272748D8DD","crates/novovm-node/src/bin/supervm-native-pipeline-network-fault-gate.rs","before Git object; local drafts preserved separately, no overwrite","restore_identical_tree_to_original_path","","False","PENDING_USER_REVIEW"
"crates/novovm-node/src/bin/supervm-native-pipeline-pending-crash-recovery-gate.rs","100644","622f0e79990097161bdb507fe0e046ce05b4b9fb","pure_relocation","","legacy/supervm-20261002/crates/novovm-node/src/bin/supervm-native-pipeline-pending-crash-recovery-gate.rs","622f0e79990097161bdb507fe0e046ce05b4b9fb","","622f0e79990097161bdb507fe0e046ce05b4b9fb","legacy/supervm-20261002/crates/novovm-node/src/bin/supervm-native-pipeline-pending-crash-recovery-gate.rs","CD1B89CF6FDD002A361F845B10CA70553EEBA8C1F77FC0EDFF4E207EFB9B5924","crates/novovm-node/src/bin/supervm-native-pipeline-pending-crash-recovery-gate.rs","before Git object; local drafts preserved separately, no overwrite","restore_identical_tree_to_original_path","","False","PENDING_USER_REVIEW"
"crates/novovm-node/src/bin/supervm-native-pipeline-production-soak.rs","100644","745f0014506e9ed192d8f80edca4f66244b27ee7","pure_relocation","","legacy/supervm-20261002/crates/novovm-node/src/bin/supervm-native-pipeline-production-soak.rs","745f0014506e9ed192d8f80edca4f66244b27ee7","","745f0014506e9ed192d8f80edca4f66244b27ee7","legacy/supervm-20261002/crates/novovm-node/src/bin/supervm-native-pipeline-production-soak.rs","C98896323996AE4EE09CCF5D2B8CF03C9FA83811512FCD710D3BE606AEFA0965","crates/novovm-node/src/bin/supervm-native-pipeline-production-soak.rs","before Git object; local drafts preserved separately, no overwrite","restore_identical_tree_to_original_path","","False","PENDING_USER_REVIEW"
"crates/novovm-node/src/bin/supervm-native-pipeline-remote-reentry-dedup-gate.rs","100644","3c63b770b4a341498b64e045b10176f521197091","pure_relocation","","legacy/supervm-20261002/crates/novovm-node/src/bin/supervm-native-pipeline-remote-reentry-dedup-gate.rs","3c63b770b4a341498b64e045b10176f521197091","","3c63b770b4a341498b64e045b10176f521197091","legacy/supervm-20261002/crates/novovm-node/src/bin/supervm-native-pipeline-remote-reentry-dedup-gate.rs","5B96531FF9F418E3C37B362F521AE8BE474D019B3EF9B5E6BDCB74DF527495F0","crates/novovm-node/src/bin/supervm-native-pipeline-remote-reentry-dedup-gate.rs","before Git object; local drafts preserved separately, no overwrite","restore_identical_tree_to_original_path","","False","PENDING_USER_REVIEW"
"crates/novovm-node/src/bin/supervm-native-pipeline-rocksdb-recovery-gate.rs","100644","8c373188c097001bab974828a4f6f67b83bcb070","pure_relocation","","legacy/supervm-20261002/crates/novovm-node/src/bin/supervm-native-pipeline-rocksdb-recovery-gate.rs","8c373188c097001bab974828a4f6f67b83bcb070","","8c373188c097001bab974828a4f6f67b83bcb070","legacy/supervm-20261002/crates/novovm-node/src/bin/supervm-native-pipeline-rocksdb-recovery-gate.rs","6CE626A7875F443CE4A3B8400036353EF74FE2629DF431F4320166FA45805A86","crates/novovm-node/src/bin/supervm-native-pipeline-rocksdb-recovery-gate.rs","before Git object; local drafts preserved separately, no overwrite","restore_identical_tree_to_original_path","","False","PENDING_USER_REVIEW"
"crates/novovm-node/src/bin/supervm-network-overlay-gate.rs","100644","8292eaaaf5a93f3cf2a52ab4a920fd19720515b1","pure_relocation","","legacy/supervm-20261002/crates/novovm-node/src/bin/supervm-network-overlay-gate.rs","8292eaaaf5a93f3cf2a52ab4a920fd19720515b1","","8292eaaaf5a93f3cf2a52ab4a920fd19720515b1","legacy/supervm-20261002/crates/novovm-node/src/bin/supervm-network-overlay-gate.rs","DA24EAC7D008D7F0D85E8317D145F94166285B1B3F9DC3E1C04B4237AB91E11B","crates/novovm-node/src/bin/supervm-network-overlay-gate.rs","before Git object; local drafts preserved separately, no overwrite","restore_identical_tree_to_original_path","","False","PENDING_USER_REVIEW"
"crates/novovm-node/src/bin/supervm-novorudp-network-only-gate.rs","100644","c1de2feccaeefbaef62264dcc41796b2cd88f725","pure_relocation","","legacy/supervm-20261002/crates/novovm-node/src/bin/supervm-novorudp-network-only-gate.rs","c1de2feccaeefbaef62264dcc41796b2cd88f725","","c1de2feccaeefbaef62264dcc41796b2cd88f725","legacy/supervm-20261002/crates/novovm-node/src/bin/supervm-novorudp-network-only-gate.rs","95BBB8F92C2722CB650B0C768D1154EF27D851F694970166945EC9E780EDB48C","crates/novovm-node/src/bin/supervm-novorudp-network-only-gate.rs","before Git object; local drafts preserved separately, no overwrite","restore_identical_tree_to_original_path","","False","PENDING_USER_REVIEW"
"crates/novovm-node/src/bin/supervm-udp-raw-ceiling-bench.rs","100644","797e399d19d9d3515214d316a1c28948a77252d2","pure_relocation","","legacy/supervm-20261002/crates/novovm-node/src/bin/supervm-udp-raw-ceiling-bench.rs","797e399d19d9d3515214d316a1c28948a77252d2","","797e399d19d9d3515214d316a1c28948a77252d2","legacy/supervm-20261002/crates/novovm-node/src/bin/supervm-udp-raw-ceiling-bench.rs","101C31A0333C1A3D648D5CE7C0A471ABC82865C8EDBFA4597C2C397450F0C886","crates/novovm-node/src/bin/supervm-udp-raw-ceiling-bench.rs","before Git object; local drafts preserved separately, no overwrite","restore_identical_tree_to_original_path","","False","PENDING_USER_REVIEW"
"crates/novovm-node/src/bincode_compat.rs","100644","68b9cb0b8ba98def5055153737d8e801ec8c3749","pure_relocation","","legacy/supervm-20261002/crates/novovm-node/src/bincode_compat.rs","68b9cb0b8ba98def5055153737d8e801ec8c3749","","68b9cb0b8ba98def5055153737d8e801ec8c3749","legacy/supervm-20261002/crates/novovm-node/src/bincode_compat.rs","7411C0C47010DD3AAFC520D0C25815EBB1D5577D91F2B538359371AE86356E78","crates/novovm-node/src/bincode_compat.rs","before Git object; local drafts preserved separately, no overwrite","restore_identical_tree_to_original_path","","False","PENDING_USER_REVIEW"
"crates/novovm-node/src/clearing_router.rs","100644","c6eccefee6b23e4597b4cdf0e966c814d47879a2","pure_relocation","","legacy/supervm-20261002/crates/novovm-node/src/clearing_router.rs","c6eccefee6b23e4597b4cdf0e966c814d47879a2","","c6eccefee6b23e4597b4cdf0e966c814d47879a2","legacy/supervm-20261002/crates/novovm-node/src/clearing_router.rs","80BCB456DFE8EAB0296AEA09C267835FC91F08033D7B58333C49B94B8B8971C6","crates/novovm-node/src/clearing_router.rs","before Git object; local drafts preserved separately, no overwrite","restore_identical_tree_to_original_path","","False","PENDING_USER_REVIEW"
"crates/novovm-node/src/clearing_types.rs","100644","2c990f0f660d9e713444bdc07755fa76009869a6","pure_relocation","","legacy/supervm-20261002/crates/novovm-node/src/clearing_types.rs","2c990f0f660d9e713444bdc07755fa76009869a6","","2c990f0f660d9e713444bdc07755fa76009869a6","legacy/supervm-20261002/crates/novovm-node/src/clearing_types.rs","45F80A378869983610E5996F40502D5D43C55A1114B36E3A14928E6569024B7A","crates/novovm-node/src/clearing_types.rs","before Git object; local drafts preserved separately, no overwrite","restore_identical_tree_to_original_path","","False","PENDING_USER_REVIEW"
"crates/novovm-node/src/database_path.rs","100644","46d3e5c7adc603913cb7b64c74824a824ba20dfc","pure_relocation","","legacy/supervm-20261002/crates/novovm-node/src/database_path.rs","46d3e5c7adc603913cb7b64c74824a824ba20dfc","","46d3e5c7adc603913cb7b64c74824a824ba20dfc","legacy/supervm-20261002/crates/novovm-node/src/database_path.rs","DD0BCD3A06445BC748B04E81A87765A8D8CF796FE4D49FF3293BD4B55CC01212","crates/novovm-node/src/database_path.rs","before Git object; local drafts preserved separately, no overwrite","restore_identical_tree_to_original_path","","False","PENDING_USER_REVIEW"
"crates/novovm-node/src/governance_surface.rs","100644","a49a48909c35741d228be716ae93e7e38baaf460","pure_relocation","","legacy/supervm-20261002/crates/novovm-node/src/governance_surface.rs","a49a48909c35741d228be716ae93e7e38baaf460","","a49a48909c35741d228be716ae93e7e38baaf460","legacy/supervm-20261002/crates/novovm-node/src/governance_surface.rs","4A6820ACD4EE105A3348D954EECA8C9D910DDE1A297F16DF19D9227839056030","crates/novovm-node/src/governance_surface.rs","before Git object; local drafts preserved separately, no overwrite","restore_identical_tree_to_original_path","","False","PENDING_USER_REVIEW"
"crates/novovm-node/src/governance_verifier_ext.rs","100644","ef5cac1a2796759640c3a370f5d5b99c77003a45","pure_relocation","","legacy/supervm-20261002/crates/novovm-node/src/governance_verifier_ext.rs","ef5cac1a2796759640c3a370f5d5b99c77003a45","","ef5cac1a2796759640c3a370f5d5b99c77003a45","legacy/supervm-20261002/crates/novovm-node/src/governance_verifier_ext.rs","2D2B8BB6C033B50FC28D8571806A88A38F1741585C580239FAE72BB50EDC9FBA","crates/novovm-node/src/governance_verifier_ext.rs","before Git object; local drafts preserved separately, no overwrite","restore_identical_tree_to_original_path","","False","PENDING_USER_REVIEW"
"crates/novovm-node/src/lib.rs","100644","93f44fde540305065d5fe4c7cd5576bf23c82016","pure_relocation","","legacy/supervm-20261002/crates/novovm-node/src/lib.rs","93f44fde540305065d5fe4c7cd5576bf23c82016","","93f44fde540305065d5fe4c7cd5576bf23c82016","legacy/supervm-20261002/crates/novovm-node/src/lib.rs","63C0DE6957890AE2ED3561FE89D016EA3B3F77647E950D3BCA6D80166A57CA60","crates/novovm-node/src/lib.rs","before Git object; local drafts preserved separately, no overwrite","restore_identical_tree_to_original_path","","False","PENDING_USER_REVIEW"
"crates/novovm-node/src/liquidity_sources.rs","100644","fe694fff7bc763abeb703d010f5df1bc2f71982e","pure_relocation","","legacy/supervm-20261002/crates/novovm-node/src/liquidity_sources.rs","fe694fff7bc763abeb703d010f5df1bc2f71982e","","fe694fff7bc763abeb703d010f5df1bc2f71982e","legacy/supervm-20261002/crates/novovm-node/src/liquidity_sources.rs","8579721DDC4CAF5E16C81EE6635C9FB286F1AB70975F02BD6A5EC3F2EA1A9E0D","crates/novovm-node/src/liquidity_sources.rs","before Git object; local drafts preserved separately, no overwrite","restore_identical_tree_to_original_path","","False","PENDING_USER_REVIEW"
"crates/novovm-node/src/main.rs","100644","e603d04cd976699d22f1bc1efadd2774c67b3c63","pure_relocation","","legacy/supervm-20261002/crates/novovm-node/src/main.rs","e603d04cd976699d22f1bc1efadd2774c67b3c63","","e603d04cd976699d22f1bc1efadd2774c67b3c63","legacy/supervm-20261002/crates/novovm-node/src/main.rs","AC296BE627D0EFFA7AD9207397922A0799F1EB97167FAD7169903BA9ACF96C32","crates/novovm-node/src/main.rs","before Git object; local drafts preserved separately, no overwrite","restore_identical_tree_to_original_path","","False","PENDING_USER_REVIEW"
"crates/novovm-node/src/mainline_canonical.rs","100644","794c9f6f0e4d5ed7840cc62d9003cf42fa320d70","pure_relocation","","legacy/supervm-20261002/crates/novovm-node/src/mainline_canonical.rs","794c9f6f0e4d5ed7840cc62d9003cf42fa320d70","","794c9f6f0e4d5ed7840cc62d9003cf42fa320d70","legacy/supervm-20261002/crates/novovm-node/src/mainline_canonical.rs","E0B1D5401A1C33FC70E5B5DF075E86C25FE142EBF916F57CC2B4DB9EFDB3ADA3","crates/novovm-node/src/mainline_canonical.rs","before Git object; local drafts preserved separately, no overwrite","restore_identical_tree_to_original_path","","False","PENDING_USER_REVIEW"
"crates/novovm-node/src/mainline_duty_report.rs","100644","67c7cbf499076bf25365ee2e761638f19f8d4248","pure_relocation","","legacy/supervm-20261002/crates/novovm-node/src/mainline_duty_report.rs","67c7cbf499076bf25365ee2e761638f19f8d4248","","67c7cbf499076bf25365ee2e761638f19f8d4248","legacy/supervm-20261002/crates/novovm-node/src/mainline_duty_report.rs","669024047ED377F43530043A742EA74597B896ABF153F44A98C8BA1F6BB058A8","crates/novovm-node/src/mainline_duty_report.rs","before Git object; local drafts preserved separately, no overwrite","restore_identical_tree_to_original_path","","False","PENDING_USER_REVIEW"
"crates/novovm-node/src/mainline_preflight.rs","100644","c17fc87175866c1f6ab84e88d94b594afdd1c89e","pure_relocation","","legacy/supervm-20261002/crates/novovm-node/src/mainline_preflight.rs","c17fc87175866c1f6ab84e88d94b594afdd1c89e","","c17fc87175866c1f6ab84e88d94b594afdd1c89e","legacy/supervm-20261002/crates/novovm-node/src/mainline_preflight.rs","040F5FD6A07AAF596AD08B975404554EE2FF4837A8B4AE09F16F9F0995C6B131","crates/novovm-node/src/mainline_preflight.rs","before Git object; local drafts preserved separately, no overwrite","restore_identical_tree_to_original_path","","False","PENDING_USER_REVIEW"
"crates/novovm-node/src/mainline_query.rs","100644","3c9d2beb511091c74c77ab3bc80994411efcf7d8","pure_relocation","","legacy/supervm-20261002/crates/novovm-node/src/mainline_query.rs","3c9d2beb511091c74c77ab3bc80994411efcf7d8","","3c9d2beb511091c74c77ab3bc80994411efcf7d8","legacy/supervm-20261002/crates/novovm-node/src/mainline_query.rs","068E61F3E157F148652C2BFB7C1DD9FFFF5F00756F1DF18BF004E621E177709B","crates/novovm-node/src/mainline_query.rs","before Git object; local drafts preserved separately, no overwrite","restore_identical_tree_to_original_path","","False","PENDING_USER_REVIEW"
"crates/novovm-node/src/mainline_soak.rs","100644","93de65608a4122b8968621830e264bf8b9636309","pure_relocation","","legacy/supervm-20261002/crates/novovm-node/src/mainline_soak.rs","93de65608a4122b8968621830e264bf8b9636309","","93de65608a4122b8968621830e264bf8b9636309","legacy/supervm-20261002/crates/novovm-node/src/mainline_soak.rs","721D34EB4C6456518AF2F82D06C8A2C5E013581803957842891B3793BB0176AE","crates/novovm-node/src/mainline_soak.rs","before Git object; local drafts preserved separately, no overwrite","restore_identical_tree_to_original_path","","False","PENDING_USER_REVIEW"
"crates/novovm-node/src/native_block_genesis_candidate_tests.rs","100644","5268a39b37c6ea2ad4dedadfb596338d1f4b87c2","pure_relocation","","legacy/supervm-20261002/crates/novovm-node/src/native_block_genesis_candidate_tests.rs","5268a39b37c6ea2ad4dedadfb596338d1f4b87c2","","5268a39b37c6ea2ad4dedadfb596338d1f4b87c2","legacy/supervm-20261002/crates/novovm-node/src/native_block_genesis_candidate_tests.rs","A40C17CE4C97B2E641B47263B984C7112C4B80A03DDE6E442FDA7C6C43C10CEC","crates/novovm-node/src/native_block_genesis_candidate_tests.rs","before Git object; local drafts preserved separately, no overwrite","restore_identical_tree_to_original_path","","False","PENDING_USER_REVIEW"
"crates/novovm-node/src/native_block_genesis_candidates.rs","100644","9d37d9ec0a249683ff5fe7e8028590b2d736e150","pure_relocation","","legacy/supervm-20261002/crates/novovm-node/src/native_block_genesis_candidates.rs","9d37d9ec0a249683ff5fe7e8028590b2d736e150","","9d37d9ec0a249683ff5fe7e8028590b2d736e150","legacy/supervm-20261002/crates/novovm-node/src/native_block_genesis_candidates.rs","BE28EFD120ED4ECA000D250F7662F3899A92A9FB03E3E70EEAAD615293E071E8","crates/novovm-node/src/native_block_genesis_candidates.rs","before Git object; local drafts preserved separately, no overwrite","restore_identical_tree_to_original_path","","False","PENDING_USER_REVIEW"
"crates/novovm-node/src/native_block_genesis_completion.rs","100644","3862de826f119baf627c0e4e00d9f3df4fa0c585","pure_relocation","","legacy/supervm-20261002/crates/novovm-node/src/native_block_genesis_completion.rs","3862de826f119baf627c0e4e00d9f3df4fa0c585","","3862de826f119baf627c0e4e00d9f3df4fa0c585","legacy/supervm-20261002/crates/novovm-node/src/native_block_genesis_completion.rs","6BDB88342FC2D260952726D27D2729D0DD07D7BE6BAAB7D3AAB2276FA1AE9D06","crates/novovm-node/src/native_block_genesis_completion.rs","before Git object; local drafts preserved separately, no overwrite","restore_identical_tree_to_original_path","","False","PENDING_USER_REVIEW"
"crates/novovm-node/src/native_block_genesis_finality.rs","100644","63e77da961671d654cf9a504db431f8119ece232","pure_relocation","","legacy/supervm-20261002/crates/novovm-node/src/native_block_genesis_finality.rs","63e77da961671d654cf9a504db431f8119ece232","","63e77da961671d654cf9a504db431f8119ece232","legacy/supervm-20261002/crates/novovm-node/src/native_block_genesis_finality.rs","5F8277824FD07805088A668FF04383D49F6A263867A07001F4438D68BD64F882","crates/novovm-node/src/native_block_genesis_finality.rs","before Git object; local drafts preserved separately, no overwrite","restore_identical_tree_to_original_path","","False","PENDING_USER_REVIEW"
"crates/novovm-node/src/native_block_genesis_manifest.rs","100644","bcfad489931fe8140386f8452c3bc09ef5d47a5e","pure_relocation","","legacy/supervm-20261002/crates/novovm-node/src/native_block_genesis_manifest.rs","bcfad489931fe8140386f8452c3bc09ef5d47a5e","","bcfad489931fe8140386f8452c3bc09ef5d47a5e","legacy/supervm-20261002/crates/novovm-node/src/native_block_genesis_manifest.rs","3889DA56CF18E9682F65FCF818C7617201E589C05B55207672F90949299C4850","crates/novovm-node/src/native_block_genesis_manifest.rs","before Git object; local drafts preserved separately, no overwrite","restore_identical_tree_to_original_path","","False","PENDING_USER_REVIEW"
"crates/novovm-node/src/native_block_genesis_promotion.rs","100644","695a877639f0203745672ea4db618cac66f579d4","pure_relocation","","legacy/supervm-20261002/crates/novovm-node/src/native_block_genesis_promotion.rs","695a877639f0203745672ea4db618cac66f579d4","","695a877639f0203745672ea4db618cac66f579d4","legacy/supervm-20261002/crates/novovm-node/src/native_block_genesis_promotion.rs","525480FC79F5D27E2C79DC23C6565335B51230E572D92C99751616763F2E45D9","crates/novovm-node/src/native_block_genesis_promotion.rs","before Git object; local drafts preserved separately, no overwrite","restore_identical_tree_to_original_path","","False","PENDING_USER_REVIEW"
"crates/novovm-node/src/native_block_genesis_reservation.rs","100644","966afdf1029380c1631e0e5253e3226bd65374c7","pure_relocation","","legacy/supervm-20261002/crates/novovm-node/src/native_block_genesis_reservation.rs","966afdf1029380c1631e0e5253e3226bd65374c7","","966afdf1029380c1631e0e5253e3226bd65374c7","legacy/supervm-20261002/crates/novovm-node/src/native_block_genesis_reservation.rs","AB8984B6F09816485D1F39368B914494879F725C34EB1AB51B179AA11E4C001D","crates/novovm-node/src/native_block_genesis_reservation.rs","before Git object; local drafts preserved separately, no overwrite","restore_identical_tree_to_original_path","","False","PENDING_USER_REVIEW"
"crates/novovm-node/src/native_block_genesis_successors.rs","100644","930a2950f7cb40088e1486f3e4b5cea48f3cffc7","pure_relocation","","legacy/supervm-20261002/crates/novovm-node/src/native_block_genesis_successors.rs","930a2950f7cb40088e1486f3e4b5cea48f3cffc7","","930a2950f7cb40088e1486f3e4b5cea48f3cffc7","legacy/supervm-20261002/crates/novovm-node/src/native_block_genesis_successors.rs","1EF6A3364295DF257D5AE777B6C5A137734815C977EE739F10DA47258A5D351F","crates/novovm-node/src/native_block_genesis_successors.rs","before Git object; local drafts preserved separately, no overwrite","restore_identical_tree_to_original_path","","False","PENDING_USER_REVIEW"
"crates/novovm-node/src/native_block_isolated_candidate_tests.rs","100644","0c939f947390551ca25f9d03ced49743b4a5f115","pure_relocation","","legacy/supervm-20261002/crates/novovm-node/src/native_block_isolated_candidate_tests.rs","0c939f947390551ca25f9d03ced49743b4a5f115","","0c939f947390551ca25f9d03ced49743b4a5f115","legacy/supervm-20261002/crates/novovm-node/src/native_block_isolated_candidate_tests.rs","7E8D2B767E53D0CB16474C2410A0F564A3FF7F1DC8EE595FB2706B461DED42EA","crates/novovm-node/src/native_block_isolated_candidate_tests.rs","before Git object; local drafts preserved separately, no overwrite","restore_identical_tree_to_original_path","","False","PENDING_USER_REVIEW"
"crates/novovm-node/src/native_block_isolated_candidate.rs","100644","4b79ef96f5ddfa7c9a6c69ded1634d939dc0a615","pure_relocation","","legacy/supervm-20261002/crates/novovm-node/src/native_block_isolated_candidate.rs","4b79ef96f5ddfa7c9a6c69ded1634d939dc0a615","","4b79ef96f5ddfa7c9a6c69ded1634d939dc0a615","legacy/supervm-20261002/crates/novovm-node/src/native_block_isolated_candidate.rs","A9D945FA12F67EA4DB7AF94D2C06DE57F176E3B3650A6A91B6930FFA760E77AF","crates/novovm-node/src/native_block_isolated_candidate.rs","before Git object; local drafts preserved separately, no overwrite","restore_identical_tree_to_original_path","","False","PENDING_USER_REVIEW"
"crates/novovm-node/src/native_block_ledger.rs","100644","9580d6f70fc3eb88e258127b30974da91390105c","pure_relocation","","legacy/supervm-20261002/crates/novovm-node/src/native_block_ledger.rs","9580d6f70fc3eb88e258127b30974da91390105c","","9580d6f70fc3eb88e258127b30974da91390105c","legacy/supervm-20261002/crates/novovm-node/src/native_block_ledger.rs","E27EE575B687D93D5D3A85A37003B6CBB7784951E900A7CEE144D4881F1B8752","crates/novovm-node/src/native_block_ledger.rs","before Git object; local drafts preserved separately, no overwrite","restore_identical_tree_to_original_path","","False","PENDING_USER_REVIEW"
"crates/novovm-node/src/native_block_seal_commit_catchup_tests.rs","100644","d1570add31b1be3b3e0d6abdaa76b89a23ba8778","pure_relocation","","legacy/supervm-20261002/crates/novovm-node/src/native_block_seal_commit_catchup_tests.rs","d1570add31b1be3b3e0d6abdaa76b89a23ba8778","","d1570add31b1be3b3e0d6abdaa76b89a23ba8778","legacy/supervm-20261002/crates/novovm-node/src/native_block_seal_commit_catchup_tests.rs","4019444402EB946C124B4E9961337A531972A711F83A96C4BEAAC09F86A8E830","crates/novovm-node/src/native_block_seal_commit_catchup_tests.rs","before Git object; local drafts preserved separately, no overwrite","restore_identical_tree_to_original_path","","False","PENDING_USER_REVIEW"
"crates/novovm-node/src/native_block_seal_commit_catchup.rs","100644","9fada9c81bdf611a60ac372fe4cd5efc1877ad77","pure_relocation","","legacy/supervm-20261002/crates/novovm-node/src/native_block_seal_commit_catchup.rs","9fada9c81bdf611a60ac372fe4cd5efc1877ad77","","9fada9c81bdf611a60ac372fe4cd5efc1877ad77","legacy/supervm-20261002/crates/novovm-node/src/native_block_seal_commit_catchup.rs","CA86DABFD0620F869C7C10FA04A7A2151882A835992F51DCBC00925E62494B52","crates/novovm-node/src/native_block_seal_commit_catchup.rs","before Git object; local drafts preserved separately, no overwrite","restore_identical_tree_to_original_path","","False","PENDING_USER_REVIEW"
"crates/novovm-node/src/native_block_seal_commit_runtime_tests.rs","100644","edf32a5ba686c8e1c69a66af366492f409320fa9","pure_relocation","","legacy/supervm-20261002/crates/novovm-node/src/native_block_seal_commit_runtime_tests.rs","edf32a5ba686c8e1c69a66af366492f409320fa9","","edf32a5ba686c8e1c69a66af366492f409320fa9","legacy/supervm-20261002/crates/novovm-node/src/native_block_seal_commit_runtime_tests.rs","568A5D2633F1EC39C351FD51EF1E193346368043BCCA4B4223679E1D39D04160","crates/novovm-node/src/native_block_seal_commit_runtime_tests.rs","before Git object; local drafts preserved separately, no overwrite","restore_identical_tree_to_original_path","","False","PENDING_USER_REVIEW"
"crates/novovm-node/src/native_block_seal_commit_runtime.rs","100644","7b5e5824ddd1d82a70aeaf581f76f708a2766e5d","pure_relocation","","legacy/supervm-20261002/crates/novovm-node/src/native_block_seal_commit_runtime.rs","7b5e5824ddd1d82a70aeaf581f76f708a2766e5d","","7b5e5824ddd1d82a70aeaf581f76f708a2766e5d","legacy/supervm-20261002/crates/novovm-node/src/native_block_seal_commit_runtime.rs","5701A5248E45D275292A8485A32878D7FD0958421631773741D029C5FFA3B0EF","crates/novovm-node/src/native_block_seal_commit_runtime.rs","before Git object; local drafts preserved separately, no overwrite","restore_identical_tree_to_original_path","","False","PENDING_USER_REVIEW"
"crates/novovm-node/src/native_block_seal_commit_tests.rs","100644","4677aa833127b685e4c16cd6d078e872cb868bf0","pure_relocation","","legacy/supervm-20261002/crates/novovm-node/src/native_block_seal_commit_tests.rs","4677aa833127b685e4c16cd6d078e872cb868bf0","","4677aa833127b685e4c16cd6d078e872cb868bf0","legacy/supervm-20261002/crates/novovm-node/src/native_block_seal_commit_tests.rs","F6B1C372311A96B169FD1BDE58882A4CA8BFE263AD291A059732CFBCA9E961D2","crates/novovm-node/src/native_block_seal_commit_tests.rs","before Git object; local drafts preserved separately, no overwrite","restore_identical_tree_to_original_path","","False","PENDING_USER_REVIEW"
"crates/novovm-node/src/native_block_seal_commit_v2_tests.rs","100644","8476f06766d922905eea396a7ad1347836c64497","pure_relocation","","legacy/supervm-20261002/crates/novovm-node/src/native_block_seal_commit_v2_tests.rs","8476f06766d922905eea396a7ad1347836c64497","","8476f06766d922905eea396a7ad1347836c64497","legacy/supervm-20261002/crates/novovm-node/src/native_block_seal_commit_v2_tests.rs","CE7110A49A4B601772FE24FDC6B3322763A555B39283F386FB6AF31B22128E2A","crates/novovm-node/src/native_block_seal_commit_v2_tests.rs","before Git object; local drafts preserved separately, no overwrite","restore_identical_tree_to_original_path","","False","PENDING_USER_REVIEW"
"crates/novovm-node/src/native_block_seal_commit_v2.rs","100644","99f0a1c08eac728dcbf088df157979066d4eb9a3","pure_relocation","","legacy/supervm-20261002/crates/novovm-node/src/native_block_seal_commit_v2.rs","99f0a1c08eac728dcbf088df157979066d4eb9a3","","99f0a1c08eac728dcbf088df157979066d4eb9a3","legacy/supervm-20261002/crates/novovm-node/src/native_block_seal_commit_v2.rs","0E0CEE7865292F42EC5C17AD8E17545AE869C724B09D60A9EC55CC91C1DACB75","crates/novovm-node/src/native_block_seal_commit_v2.rs","before Git object; local drafts preserved separately, no overwrite","restore_identical_tree_to_original_path","","False","PENDING_USER_REVIEW"
"crates/novovm-node/src/native_block_seal_commit_v3_collector.rs","100644","3d72a7cb2246d24d2f618829dd34bc7a2c39717c","pure_relocation","","legacy/supervm-20261002/crates/novovm-node/src/native_block_seal_commit_v3_collector.rs","3d72a7cb2246d24d2f618829dd34bc7a2c39717c","","3d72a7cb2246d24d2f618829dd34bc7a2c39717c","legacy/supervm-20261002/crates/novovm-node/src/native_block_seal_commit_v3_collector.rs","5E2F5CA731D11CDBB854FEC188F5E232D089D2D4544F44AAE1CE098E7F14808E","crates/novovm-node/src/native_block_seal_commit_v3_collector.rs","before Git object; local drafts preserved separately, no overwrite","restore_identical_tree_to_original_path","","False","PENDING_USER_REVIEW"
"crates/novovm-node/src/native_block_seal_commit_v3_loop_tests.rs","100644","6b2373a024ea383ce1e478fdb4f86695a5bcc1ee","pure_relocation","","legacy/supervm-20261002/crates/novovm-node/src/native_block_seal_commit_v3_loop_tests.rs","6b2373a024ea383ce1e478fdb4f86695a5bcc1ee","","6b2373a024ea383ce1e478fdb4f86695a5bcc1ee","legacy/supervm-20261002/crates/novovm-node/src/native_block_seal_commit_v3_loop_tests.rs","B13694123599D286DA699C48F5BE3F8EC5D9F240F3B8A7C5BF835932B90CAFF7","crates/novovm-node/src/native_block_seal_commit_v3_loop_tests.rs","before Git object; local drafts preserved separately, no overwrite","restore_identical_tree_to_original_path","","False","PENDING_USER_REVIEW"
"crates/novovm-node/src/native_block_seal_commit_v3_loop.rs","100644","dc1eb8d3b1f3c6be0c330bf50d28da743a5f1f36","pure_relocation","","legacy/supervm-20261002/crates/novovm-node/src/native_block_seal_commit_v3_loop.rs","dc1eb8d3b1f3c6be0c330bf50d28da743a5f1f36","","dc1eb8d3b1f3c6be0c330bf50d28da743a5f1f36","legacy/supervm-20261002/crates/novovm-node/src/native_block_seal_commit_v3_loop.rs","FF048F1F1A3AB1873E67A569AE6FAC564465A349E22A22A7B408B51A70FE5F3F","crates/novovm-node/src/native_block_seal_commit_v3_loop.rs","before Git object; local drafts preserved separately, no overwrite","restore_identical_tree_to_original_path","","False","PENDING_USER_REVIEW"
"crates/novovm-node/src/native_block_seal_commit_v3_sender.rs","100644","0da707ebc1704d5f3447f988452ed89c1cda8d49","pure_relocation","","legacy/supervm-20261002/crates/novovm-node/src/native_block_seal_commit_v3_sender.rs","0da707ebc1704d5f3447f988452ed89c1cda8d49","","0da707ebc1704d5f3447f988452ed89c1cda8d49","legacy/supervm-20261002/crates/novovm-node/src/native_block_seal_commit_v3_sender.rs","B4F888C4302E72926B3F57641436F6FF233C34CF8197D4FACDF159EC1B1139D9","crates/novovm-node/src/native_block_seal_commit_v3_sender.rs","before Git object; local drafts preserved separately, no overwrite","restore_identical_tree_to_original_path","","False","PENDING_USER_REVIEW"
"crates/novovm-node/src/native_block_seal_commit_v3_store.rs","100644","5e39d6aea1cc1bb092f50b25f23e7f2abdaddfcb","pure_relocation","","legacy/supervm-20261002/crates/novovm-node/src/native_block_seal_commit_v3_store.rs","5e39d6aea1cc1bb092f50b25f23e7f2abdaddfcb","","5e39d6aea1cc1bb092f50b25f23e7f2abdaddfcb","legacy/supervm-20261002/crates/novovm-node/src/native_block_seal_commit_v3_store.rs","FA76D55AC30F65888CFFAECC6A12F43FDB7AFAD858B2872E8D97C41FC42351DB","crates/novovm-node/src/native_block_seal_commit_v3_store.rs","before Git object; local drafts preserved separately, no overwrite","restore_identical_tree_to_original_path","","False","PENDING_USER_REVIEW"
"crates/novovm-node/src/native_block_seal_commit_v3_tests.rs","100644","6e3f009a28d9f6dae93a7181cbe53cf4e9fa6303","pure_relocation","","legacy/supervm-20261002/crates/novovm-node/src/native_block_seal_commit_v3_tests.rs","6e3f009a28d9f6dae93a7181cbe53cf4e9fa6303","","6e3f009a28d9f6dae93a7181cbe53cf4e9fa6303","legacy/supervm-20261002/crates/novovm-node/src/native_block_seal_commit_v3_tests.rs","BD5CBA5ED8B86C2C750939A3EABAA79C00C284FA1538FC2986198F3F0FAC85ED","crates/novovm-node/src/native_block_seal_commit_v3_tests.rs","before Git object; local drafts preserved separately, no overwrite","restore_identical_tree_to_original_path","","False","PENDING_USER_REVIEW"
"crates/novovm-node/src/native_block_seal_commit_v3.rs","100644","ff518d7e91bbaf44e701d7211011e961f3efa147","pure_relocation","","legacy/supervm-20261002/crates/novovm-node/src/native_block_seal_commit_v3.rs","ff518d7e91bbaf44e701d7211011e961f3efa147","","ff518d7e91bbaf44e701d7211011e961f3efa147","legacy/supervm-20261002/crates/novovm-node/src/native_block_seal_commit_v3.rs","F04F0A222BF04567BABBFFEF26A2F8D1EB93F9E0089B389B38B7EF8D42DF8138","crates/novovm-node/src/native_block_seal_commit_v3.rs","before Git object; local drafts preserved separately, no overwrite","restore_identical_tree_to_original_path","","False","PENDING_USER_REVIEW"
"crates/novovm-node/src/native_block_seal_commit.rs","100644","548bc7dd96bc273cc442d34034724c8ed250ada3","pure_relocation","","legacy/supervm-20261002/crates/novovm-node/src/native_block_seal_commit.rs","548bc7dd96bc273cc442d34034724c8ed250ada3","","548bc7dd96bc273cc442d34034724c8ed250ada3","legacy/supervm-20261002/crates/novovm-node/src/native_block_seal_commit.rs","9F3F8CB0EB2C7E97D54227C0315ADA83768C903515C3D8BF32ACE7E6EB9D994F","crates/novovm-node/src/native_block_seal_commit.rs","before Git object; local drafts preserved separately, no overwrite","restore_identical_tree_to_original_path","","False","PENDING_USER_REVIEW"
"crates/novovm-node/src/native_block_seal_newview_admission_tests.rs","100644","db839afce9ad5ceb61ca8ce5875b654c131a1727","pure_relocation","","legacy/supervm-20261002/crates/novovm-node/src/native_block_seal_newview_admission_tests.rs","db839afce9ad5ceb61ca8ce5875b654c131a1727","","db839afce9ad5ceb61ca8ce5875b654c131a1727","legacy/supervm-20261002/crates/novovm-node/src/native_block_seal_newview_admission_tests.rs","D9E10A1ACA34B863B000B82FABF5B182862545EA6D5E18C38BE5BEA8D827C525","crates/novovm-node/src/native_block_seal_newview_admission_tests.rs","before Git object; local drafts preserved separately, no overwrite","restore_identical_tree_to_original_path","","False","PENDING_USER_REVIEW"
"crates/novovm-node/src/native_block_seal_newview_admission.rs","100644","8c93cb04c123c5142509134c5578995de1ec5714","pure_relocation","","legacy/supervm-20261002/crates/novovm-node/src/native_block_seal_newview_admission.rs","8c93cb04c123c5142509134c5578995de1ec5714","","8c93cb04c123c5142509134c5578995de1ec5714","legacy/supervm-20261002/crates/novovm-node/src/native_block_seal_newview_admission.rs","EE2661E42571E12DB2DC3C163B243A484D2E8DB4041C44292AF49E99782FBCD2","crates/novovm-node/src/native_block_seal_newview_admission.rs","before Git object; local drafts preserved separately, no overwrite","restore_identical_tree_to_original_path","","False","PENDING_USER_REVIEW"
"crates/novovm-node/src/native_block_seal_newview_store.rs","100644","8a47655067ebcbd4c8de8409c0c0e87e509e1739","pure_relocation","","legacy/supervm-20261002/crates/novovm-node/src/native_block_seal_newview_store.rs","8a47655067ebcbd4c8de8409c0c0e87e509e1739","","8a47655067ebcbd4c8de8409c0c0e87e509e1739","legacy/supervm-20261002/crates/novovm-node/src/native_block_seal_newview_store.rs","72A4D6300ED981377B1E74E534EB26C9EBD01246D7ECE1FBD35FBD0DC2866F59","crates/novovm-node/src/native_block_seal_newview_store.rs","before Git object; local drafts preserved separately, no overwrite","restore_identical_tree_to_original_path","","False","PENDING_USER_REVIEW"
"crates/novovm-node/src/native_block_seal_newview_tests.rs","100644","fda38131df9920a55bfb5017b49d214f6e036300","pure_relocation","","legacy/supervm-20261002/crates/novovm-node/src/native_block_seal_newview_tests.rs","fda38131df9920a55bfb5017b49d214f6e036300","","fda38131df9920a55bfb5017b49d214f6e036300","legacy/supervm-20261002/crates/novovm-node/src/native_block_seal_newview_tests.rs","52708270610BD92770F3900F5B2EED694D849A2B2C21F3FFD8B6C7A466C164D6","crates/novovm-node/src/native_block_seal_newview_tests.rs","before Git object; local drafts preserved separately, no overwrite","restore_identical_tree_to_original_path","","False","PENDING_USER_REVIEW"
"crates/novovm-node/src/native_block_seal_newview.rs","100644","a619516e1b3ad653c93aa7b7b76dffe34e65549b","pure_relocation","","legacy/supervm-20261002/crates/novovm-node/src/native_block_seal_newview.rs","a619516e1b3ad653c93aa7b7b76dffe34e65549b","","a619516e1b3ad653c93aa7b7b76dffe34e65549b","legacy/supervm-20261002/crates/novovm-node/src/native_block_seal_newview.rs","E380FDB7A5E9ACA3747026AFB3A73D15C17CCA4C50CE7E259937E8BCC56C24BD","crates/novovm-node/src/native_block_seal_newview.rs","before Git object; local drafts preserved separately, no overwrite","restore_identical_tree_to_original_path","","False","PENDING_USER_REVIEW"
"crates/novovm-node/src/native_block_seal_overlay.rs","100644","ce4934a31e05c24ad42a0d1ab594b88bd88c2b44","pure_relocation","","legacy/supervm-20261002/crates/novovm-node/src/native_block_seal_overlay.rs","ce4934a31e05c24ad42a0d1ab594b88bd88c2b44","","ce4934a31e05c24ad42a0d1ab594b88bd88c2b44","legacy/supervm-20261002/crates/novovm-node/src/native_block_seal_overlay.rs","41B0F2F3C6361E30F642F259E1F355AD57BC9FE5A2068618EAD89FFA8B4E4F78","crates/novovm-node/src/native_block_seal_overlay.rs","before Git object; local drafts preserved separately, no overwrite","restore_identical_tree_to_original_path","","False","PENDING_USER_REVIEW"
"crates/novovm-node/src/native_block_seal_publication_driver.rs","100644","984b7a82f2c73e618fdce6496c70548f696be2d1","pure_relocation","","legacy/supervm-20261002/crates/novovm-node/src/native_block_seal_publication_driver.rs","984b7a82f2c73e618fdce6496c70548f696be2d1","","984b7a82f2c73e618fdce6496c70548f696be2d1","legacy/supervm-20261002/crates/novovm-node/src/native_block_seal_publication_driver.rs","47FE0924F4C2DC251CBD263BF65DC1D9D282BED6CAED4BDDE26948545739C1E9","crates/novovm-node/src/native_block_seal_publication_driver.rs","before Git object; local drafts preserved separately, no overwrite","restore_identical_tree_to_original_path","source_has_local_draft","False","PENDING_USER_REVIEW"
"crates/novovm-node/src/native_block_seal_round_driver_tests.rs","100644","3f4e84c0456761c8935c04cf4f846601b6f6b8ca","pure_relocation","","legacy/supervm-20261002/crates/novovm-node/src/native_block_seal_round_driver_tests.rs","3f4e84c0456761c8935c04cf4f846601b6f6b8ca","","3f4e84c0456761c8935c04cf4f846601b6f6b8ca","legacy/supervm-20261002/crates/novovm-node/src/native_block_seal_round_driver_tests.rs","212E5B9E73CF096E9B54AD68AB029180C6A4BE4E74A2AAADC46F35094EC28525","crates/novovm-node/src/native_block_seal_round_driver_tests.rs","before Git object; local drafts preserved separately, no overwrite","restore_identical_tree_to_original_path","","False","PENDING_USER_REVIEW"
"crates/novovm-node/src/native_block_seal_round_driver.rs","100644","5b4a3c8cf1100f96a16dcaea8c2ae03ef6374e2c","pure_relocation","","legacy/supervm-20261002/crates/novovm-node/src/native_block_seal_round_driver.rs","5b4a3c8cf1100f96a16dcaea8c2ae03ef6374e2c","","5b4a3c8cf1100f96a16dcaea8c2ae03ef6374e2c","legacy/supervm-20261002/crates/novovm-node/src/native_block_seal_round_driver.rs","E90306A38439306B741ABD5395BD4BE0A784E84392D84204F6F6D245953925AC","crates/novovm-node/src/native_block_seal_round_driver.rs","before Git object; local drafts preserved separately, no overwrite","restore_identical_tree_to_original_path","","False","PENDING_USER_REVIEW"
"crates/novovm-node/src/native_block_seal_round_message.rs","100644","b2ff6143b0d36d8925e77326e5c5dca10a34c8b1","pure_relocation","","legacy/supervm-20261002/crates/novovm-node/src/native_block_seal_round_message.rs","b2ff6143b0d36d8925e77326e5c5dca10a34c8b1","","b2ff6143b0d36d8925e77326e5c5dca10a34c8b1","legacy/supervm-20261002/crates/novovm-node/src/native_block_seal_round_message.rs","719A81D0BDE839C9A6544B7DB5CF3B68104C55E3C99959259EBD789305982DB4","crates/novovm-node/src/native_block_seal_round_message.rs","before Git object; local drafts preserved separately, no overwrite","restore_identical_tree_to_original_path","","False","PENDING_USER_REVIEW"
"crates/novovm-node/src/native_block_seal_round_network_tests.rs","100644","6cb3cdbe0be9da1b8cad5bf8f30b9df38d547d9e","pure_relocation","","legacy/supervm-20261002/crates/novovm-node/src/native_block_seal_round_network_tests.rs","6cb3cdbe0be9da1b8cad5bf8f30b9df38d547d9e","","6cb3cdbe0be9da1b8cad5bf8f30b9df38d547d9e","legacy/supervm-20261002/crates/novovm-node/src/native_block_seal_round_network_tests.rs","74D3D0C4434600C5F62A4091498E9865269E94CC831FFC3227E08FF75D251E29","crates/novovm-node/src/native_block_seal_round_network_tests.rs","before Git object; local drafts preserved separately, no overwrite","restore_identical_tree_to_original_path","","False","PENDING_USER_REVIEW"
"crates/novovm-node/src/native_block_seal_round_overlay.rs","100644","228ec7dde8d1f8676a35a7affa6ae47c8f8769e9","pure_relocation","","legacy/supervm-20261002/crates/novovm-node/src/native_block_seal_round_overlay.rs","228ec7dde8d1f8676a35a7affa6ae47c8f8769e9","","228ec7dde8d1f8676a35a7affa6ae47c8f8769e9","legacy/supervm-20261002/crates/novovm-node/src/native_block_seal_round_overlay.rs","5B04F23C3345736C5E57C869048D509C475A09160D7FE565C369FD95EEE035E0","crates/novovm-node/src/native_block_seal_round_overlay.rs","before Git object; local drafts preserved separately, no overwrite","restore_identical_tree_to_original_path","","False","PENDING_USER_REVIEW"
"crates/novovm-node/src/native_block_seal_round_wire_fixture_tests.rs","100644","9d02bc1760e5c4f413ff4801d3348040cfdc3856","pure_relocation","","legacy/supervm-20261002/crates/novovm-node/src/native_block_seal_round_wire_fixture_tests.rs","9d02bc1760e5c4f413ff4801d3348040cfdc3856","","9d02bc1760e5c4f413ff4801d3348040cfdc3856","legacy/supervm-20261002/crates/novovm-node/src/native_block_seal_round_wire_fixture_tests.rs","B86268F793167453AE00F5F28D1FEE1A453FBEB37C7FF20EB392EFA16AC1DAAF","crates/novovm-node/src/native_block_seal_round_wire_fixture_tests.rs","before Git object; local drafts preserved separately, no overwrite","restore_identical_tree_to_original_path","","False","PENDING_USER_REVIEW"
"crates/novovm-node/src/native_block_seal_round_wire.rs","100644","a35e32fce9926487d23763be7883e768fc1442ef","pure_relocation","","legacy/supervm-20261002/crates/novovm-node/src/native_block_seal_round_wire.rs","a35e32fce9926487d23763be7883e768fc1442ef","","a35e32fce9926487d23763be7883e768fc1442ef","legacy/supervm-20261002/crates/novovm-node/src/native_block_seal_round_wire.rs","FAEBC3F5488B4B7A6E42C91C50FF7D9E3BFF87BC1B2056E82EDFF09D0CE4D3DD","crates/novovm-node/src/native_block_seal_round_wire.rs","before Git object; local drafts preserved separately, no overwrite","restore_identical_tree_to_original_path","","False","PENDING_USER_REVIEW"
"crates/novovm-node/src/native_block_seal_service_body.rs","100644","f6f5b4abc251b764266109fd3ac1c7e35cbbb5be","pure_relocation","","legacy/supervm-20261002/crates/novovm-node/src/native_block_seal_service_body.rs","f6f5b4abc251b764266109fd3ac1c7e35cbbb5be","","f6f5b4abc251b764266109fd3ac1c7e35cbbb5be","legacy/supervm-20261002/crates/novovm-node/src/native_block_seal_service_body.rs","4FDB1AE1F2596D2A07A075AC17A22D686AF3C5F81C3467FF5930ABFD5716FCD6","crates/novovm-node/src/native_block_seal_service_body.rs","before Git object; local drafts preserved separately, no overwrite","restore_identical_tree_to_original_path","","False","PENDING_USER_REVIEW"
"crates/novovm-node/src/native_block_seal_service_config.rs","100644","0ddacf5a23e7dcfc6f0446becfc2fe340be08160","pure_relocation","","legacy/supervm-20261002/crates/novovm-node/src/native_block_seal_service_config.rs","0ddacf5a23e7dcfc6f0446becfc2fe340be08160","","0ddacf5a23e7dcfc6f0446becfc2fe340be08160","legacy/supervm-20261002/crates/novovm-node/src/native_block_seal_service_config.rs","FE470AC4E64E675202DA3C94523DD05327E4D4567D7B0DB5575264B9B4A059E1","crates/novovm-node/src/native_block_seal_service_config.rs","before Git object; local drafts preserved separately, no overwrite","restore_identical_tree_to_original_path","source_has_local_draft","False","PENDING_USER_REVIEW"
"crates/novovm-node/src/native_block_seal_service_paths.rs","100644","c06691c01777f1f10edfb16bc385afdc0c2d1b74","pure_relocation","","legacy/supervm-20261002/crates/novovm-node/src/native_block_seal_service_paths.rs","c06691c01777f1f10edfb16bc385afdc0c2d1b74","","c06691c01777f1f10edfb16bc385afdc0c2d1b74","legacy/supervm-20261002/crates/novovm-node/src/native_block_seal_service_paths.rs","71FB7F76C309A1C199F5DECA5244273C0279A8C96E0F42B9170C3C77987935F0","crates/novovm-node/src/native_block_seal_service_paths.rs","before Git object; local drafts preserved separately, no overwrite","restore_identical_tree_to_original_path","","False","PENDING_USER_REVIEW"
"crates/novovm-node/src/native_block_seal_service_recovery.rs","100644","1c3004a6646bcbc32aa427e6cb5cd44d56ef3e33","pure_relocation","","legacy/supervm-20261002/crates/novovm-node/src/native_block_seal_service_recovery.rs","1c3004a6646bcbc32aa427e6cb5cd44d56ef3e33","","1c3004a6646bcbc32aa427e6cb5cd44d56ef3e33","legacy/supervm-20261002/crates/novovm-node/src/native_block_seal_service_recovery.rs","7C0F712880C6C7C8C1C53760785294DEEAB0D167627BDCDE6A7526CFD34603A4","crates/novovm-node/src/native_block_seal_service_recovery.rs","before Git object; local drafts preserved separately, no overwrite","restore_identical_tree_to_original_path","","False","PENDING_USER_REVIEW"
"crates/novovm-node/src/native_block_seal_service_split_tests.rs","100644","521d471439f36db8a72b7411d8b6640a547862ca","pure_relocation","","legacy/supervm-20261002/crates/novovm-node/src/native_block_seal_service_split_tests.rs","521d471439f36db8a72b7411d8b6640a547862ca","","521d471439f36db8a72b7411d8b6640a547862ca","legacy/supervm-20261002/crates/novovm-node/src/native_block_seal_service_split_tests.rs","36BB75D9D23D2DC2E38B8F0E51D0A9D29A084224A169317C0BF5EFB5C1934932","crates/novovm-node/src/native_block_seal_service_split_tests.rs","before Git object; local drafts preserved separately, no overwrite","restore_identical_tree_to_original_path","","False","PENDING_USER_REVIEW"
"crates/novovm-node/src/native_block_seal_service_tests.rs","100644","fd9846218f95ce3eb5ceefa43658f0494960ed03","pure_relocation","","legacy/supervm-20261002/crates/novovm-node/src/native_block_seal_service_tests.rs","fd9846218f95ce3eb5ceefa43658f0494960ed03","","fd9846218f95ce3eb5ceefa43658f0494960ed03","legacy/supervm-20261002/crates/novovm-node/src/native_block_seal_service_tests.rs","A9FDFBCBCDCAC2AECDE735D3481EEB392E2AB69B8563DA502C4CD839E1D7CBB0","crates/novovm-node/src/native_block_seal_service_tests.rs","before Git object; local drafts preserved separately, no overwrite","restore_identical_tree_to_original_path","","False","PENDING_USER_REVIEW"
"crates/novovm-node/src/native_block_seal_service_v3_tests.rs","100644","685328cc87ea0e47821c62992d6e45b51befd958","pure_relocation","","legacy/supervm-20261002/crates/novovm-node/src/native_block_seal_service_v3_tests.rs","685328cc87ea0e47821c62992d6e45b51befd958","","685328cc87ea0e47821c62992d6e45b51befd958","legacy/supervm-20261002/crates/novovm-node/src/native_block_seal_service_v3_tests.rs","E6F396D79CEFA5DF5AB4E217B0ED772F104CCF0A790AC5C25A6AB953474CEC61","crates/novovm-node/src/native_block_seal_service_v3_tests.rs","before Git object; local drafts preserved separately, no overwrite","restore_identical_tree_to_original_path","","False","PENDING_USER_REVIEW"
"crates/novovm-node/src/native_block_seal_service_v3.rs","100644","d22719ef3d7d8c85ec62aef3062201e74ee03a9b","pure_relocation","","legacy/supervm-20261002/crates/novovm-node/src/native_block_seal_service_v3.rs","d22719ef3d7d8c85ec62aef3062201e74ee03a9b","","d22719ef3d7d8c85ec62aef3062201e74ee03a9b","legacy/supervm-20261002/crates/novovm-node/src/native_block_seal_service_v3.rs","60D185C1EEEC5006A34ABB2B019957467D9D446E5B40AEC94E98811400B02888","crates/novovm-node/src/native_block_seal_service_v3.rs","before Git object; local drafts preserved separately, no overwrite","restore_identical_tree_to_original_path","","False","PENDING_USER_REVIEW"
"crates/novovm-node/src/native_block_seal_service.rs","100644","549cfda952c4f5890671cf87b46d534b99a5617e","pure_relocation","","legacy/supervm-20261002/crates/novovm-node/src/native_block_seal_service.rs","549cfda952c4f5890671cf87b46d534b99a5617e","","549cfda952c4f5890671cf87b46d534b99a5617e","legacy/supervm-20261002/crates/novovm-node/src/native_block_seal_service.rs","D4EEA3FBB29CA9D4775EE87A3BCEEF05D2FB1182E96E9DF6EF5E074251286163","crates/novovm-node/src/native_block_seal_service.rs","before Git object; local drafts preserved separately, no overwrite","restore_identical_tree_to_original_path","","False","PENDING_USER_REVIEW"
"crates/novovm-node/src/native_block_seal_timeout.rs","100644","14e612f3427e6bf85fa28f7fe3db08da6bb3df63","pure_relocation","","legacy/supervm-20261002/crates/novovm-node/src/native_block_seal_timeout.rs","14e612f3427e6bf85fa28f7fe3db08da6bb3df63","","14e612f3427e6bf85fa28f7fe3db08da6bb3df63","legacy/supervm-20261002/crates/novovm-node/src/native_block_seal_timeout.rs","7FB1207FB9503C8865FF773B7B9F422E6453006354E9B7E10F4AE1F0C871DDA6","crates/novovm-node/src/native_block_seal_timeout.rs","before Git object; local drafts preserved separately, no overwrite","restore_identical_tree_to_original_path","","False","PENDING_USER_REVIEW"
"crates/novovm-node/src/native_block_seal.rs","100644","97f31b566f760f1efff24604796d4403ade898a5","pure_relocation","","legacy/supervm-20261002/crates/novovm-node/src/native_block_seal.rs","97f31b566f760f1efff24604796d4403ade898a5","","97f31b566f760f1efff24604796d4403ade898a5","legacy/supervm-20261002/crates/novovm-node/src/native_block_seal.rs","24A08F252F85BC5646763C48962AF2022EBB2AC39ED68956DEC7230134A73B75","crates/novovm-node/src/native_block_seal.rs","before Git object; local drafts preserved separately, no overwrite","restore_identical_tree_to_original_path","","False","PENDING_USER_REVIEW"
"crates/novovm-node/src/native_block_successor_completion.rs","100644","f5c06cd2dd36378d4732f9309b035a86322cfead","pure_relocation","","legacy/supervm-20261002/crates/novovm-node/src/native_block_successor_completion.rs","f5c06cd2dd36378d4732f9309b035a86322cfead","","f5c06cd2dd36378d4732f9309b035a86322cfead","legacy/supervm-20261002/crates/novovm-node/src/native_block_successor_completion.rs","61E3C159A89AC4E0CC4C5369F51B72E6CC73E7F687D247EAFC70C4A65FF71B3B","crates/novovm-node/src/native_block_successor_completion.rs","before Git object; local drafts preserved separately, no overwrite","restore_identical_tree_to_original_path","","False","PENDING_USER_REVIEW"
"crates/novovm-node/src/native_block_successor_finality.rs","100644","ea804b90d196d7c497466a4de4db38f18b1592d9","pure_relocation","","legacy/supervm-20261002/crates/novovm-node/src/native_block_successor_finality.rs","ea804b90d196d7c497466a4de4db38f18b1592d9","","ea804b90d196d7c497466a4de4db38f18b1592d9","legacy/supervm-20261002/crates/novovm-node/src/native_block_successor_finality.rs","2456C70104A8B4F5E03125B2946B600EED5CC315F64C4ECDD31E6B104E3356DC","crates/novovm-node/src/native_block_successor_finality.rs","before Git object; local drafts preserved separately, no overwrite","restore_identical_tree_to_original_path","","False","PENDING_USER_REVIEW"
"crates/novovm-node/src/native_block_successor_history_tests.rs","100644","3e597c023f1d144d82691cf2c7660bf3721053e9","pure_relocation","","legacy/supervm-20261002/crates/novovm-node/src/native_block_successor_history_tests.rs","3e597c023f1d144d82691cf2c7660bf3721053e9","","3e597c023f1d144d82691cf2c7660bf3721053e9","legacy/supervm-20261002/crates/novovm-node/src/native_block_successor_history_tests.rs","0B579D2EBD030353F5538992C05538D3CCDAC6D25514A0756D27F63B18E8CDA0","crates/novovm-node/src/native_block_successor_history_tests.rs","before Git object; local drafts preserved separately, no overwrite","restore_identical_tree_to_original_path","","False","PENDING_USER_REVIEW"
"crates/novovm-node/src/native_block_successor_promotion.rs","100644","4c79ea2c210d6f202899abc98e8dfb04077da488","pure_relocation","","legacy/supervm-20261002/crates/novovm-node/src/native_block_successor_promotion.rs","4c79ea2c210d6f202899abc98e8dfb04077da488","","4c79ea2c210d6f202899abc98e8dfb04077da488","legacy/supervm-20261002/crates/novovm-node/src/native_block_successor_promotion.rs","36FA6DD64284F33BBC4BD3FC877022DD9BC2D82B105D0D850126982A04773CD2","crates/novovm-node/src/native_block_successor_promotion.rs","before Git object; local drafts preserved separately, no overwrite","restore_identical_tree_to_original_path","","False","PENDING_USER_REVIEW"
"crates/novovm-node/src/native_block_verified_revision_tests.rs","100644","c227a3e9057a9ed190d6202bf5c555f48783b5b7","pure_relocation","","legacy/supervm-20261002/crates/novovm-node/src/native_block_verified_revision_tests.rs","c227a3e9057a9ed190d6202bf5c555f48783b5b7","","c227a3e9057a9ed190d6202bf5c555f48783b5b7","legacy/supervm-20261002/crates/novovm-node/src/native_block_verified_revision_tests.rs","D2C8C2DF04BBD7B8FE78493CEA12E9F6E1F8FE9D3FD8A306D9C37D500AB0C5DC","crates/novovm-node/src/native_block_verified_revision_tests.rs","before Git object; local drafts preserved separately, no overwrite","restore_identical_tree_to_original_path","","False","PENDING_USER_REVIEW"
"crates/novovm-node/src/native_block_verified_revision.rs","100644","e910b2eab12f1f320fd174b4a49879f416c6c324","pure_relocation","","legacy/supervm-20261002/crates/novovm-node/src/native_block_verified_revision.rs","e910b2eab12f1f320fd174b4a49879f416c6c324","","e910b2eab12f1f320fd174b4a49879f416c6c324","legacy/supervm-20261002/crates/novovm-node/src/native_block_verified_revision.rs","5D9D0CCDCF50AA130FE5BC08CF3DEA9E98438CB2490EC4A8AF70CA7CEF230E3E","crates/novovm-node/src/native_block_verified_revision.rs","before Git object; local drafts preserved separately, no overwrite","restore_identical_tree_to_original_path","","False","PENDING_USER_REVIEW"
"crates/novovm-node/src/native_candidate_auth.rs","100644","7473c4a01a515c570f2bced90bd4606712f45ad9","pure_relocation","","legacy/supervm-20261002/crates/novovm-node/src/native_candidate_auth.rs","7473c4a01a515c570f2bced90bd4606712f45ad9","","7473c4a01a515c570f2bced90bd4606712f45ad9","legacy/supervm-20261002/crates/novovm-node/src/native_candidate_auth.rs","D31D5AD65453B908DFE92AA16514996F9FA4D3949396E2E32900FC2A03F61068","crates/novovm-node/src/native_candidate_auth.rs","before Git object; local drafts preserved separately, no overwrite","restore_identical_tree_to_original_path","","False","PENDING_USER_REVIEW"
"crates/novovm-node/src/native_candidate_block_artifact.rs","100644","8aa84992ad983473f0b75e21bc4b1ffec2954392","pure_relocation","","legacy/supervm-20261002/crates/novovm-node/src/native_candidate_block_artifact.rs","8aa84992ad983473f0b75e21bc4b1ffec2954392","","8aa84992ad983473f0b75e21bc4b1ffec2954392","legacy/supervm-20261002/crates/novovm-node/src/native_candidate_block_artifact.rs","3D282C5A8F0328A335FEFEE57463C8DC136304E310BDD7E9B6A99C0D20149910","crates/novovm-node/src/native_candidate_block_artifact.rs","before Git object; local drafts preserved separately, no overwrite","restore_identical_tree_to_original_path","source_has_local_draft","False","PENDING_USER_REVIEW"
"crates/novovm-node/src/native_candidate_body_network.rs","100644","fd6b7351e019fe394b32552489d7476bdb3d46cf","pure_relocation","","legacy/supervm-20261002/crates/novovm-node/src/native_candidate_body_network.rs","fd6b7351e019fe394b32552489d7476bdb3d46cf","","fd6b7351e019fe394b32552489d7476bdb3d46cf","legacy/supervm-20261002/crates/novovm-node/src/native_candidate_body_network.rs","014D4068D8AE0FE871661E167CBA87F88DA840BB716B0429DAE6A971B5D11868","crates/novovm-node/src/native_candidate_body_network.rs","before Git object; local drafts preserved separately, no overwrite","restore_identical_tree_to_original_path","","False","PENDING_USER_REVIEW"
"crates/novovm-node/src/native_candidate_body.rs","100644","6660149d1c267f32c36911fc0a3f485aaef7648e","pure_relocation","","legacy/supervm-20261002/crates/novovm-node/src/native_candidate_body.rs","6660149d1c267f32c36911fc0a3f485aaef7648e","","6660149d1c267f32c36911fc0a3f485aaef7648e","legacy/supervm-20261002/crates/novovm-node/src/native_candidate_body.rs","C50C1CB89AA5E23BFB0F6378AA4C5E2DD04771808F9FB9F7E51DE9BC0149EC34","crates/novovm-node/src/native_candidate_body.rs","before Git object; local drafts preserved separately, no overwrite","restore_identical_tree_to_original_path","","False","PENDING_USER_REVIEW"
"crates/novovm-node/src/native_candidate_execution_tests.rs","100644","6e30a845b1587cdedbd35be62b199d5847e4f48c","pure_relocation","","legacy/supervm-20261002/crates/novovm-node/src/native_candidate_execution_tests.rs","6e30a845b1587cdedbd35be62b199d5847e4f48c","","6e30a845b1587cdedbd35be62b199d5847e4f48c","legacy/supervm-20261002/crates/novovm-node/src/native_candidate_execution_tests.rs","CEF507AABE9B6DF29C93A5937F0412B55996D2382D712EB607C274526CC85BCC","crates/novovm-node/src/native_candidate_execution_tests.rs","before Git object; local drafts preserved separately, no overwrite","restore_identical_tree_to_original_path","","False","PENDING_USER_REVIEW"
"crates/novovm-node/src/native_candidate_execution.rs","100644","8f51c3b1f3f2fadafe69c55bcf7cd5d2d9943478","pure_relocation","","legacy/supervm-20261002/crates/novovm-node/src/native_candidate_execution.rs","8f51c3b1f3f2fadafe69c55bcf7cd5d2d9943478","","8f51c3b1f3f2fadafe69c55bcf7cd5d2d9943478","legacy/supervm-20261002/crates/novovm-node/src/native_candidate_execution.rs","F48CFAA237441371D5169540CC3295178CD8F737DD78816C11B05854BC4CFD67","crates/novovm-node/src/native_candidate_execution.rs","before Git object; local drafts preserved separately, no overwrite","restore_identical_tree_to_original_path","source_has_local_draft","False","PENDING_USER_REVIEW"
"crates/novovm-node/src/native_candidate_finalized_parent.rs","100644","1e4113eef233740162f938da4934f32ed35c86aa","pure_relocation","","legacy/supervm-20261002/crates/novovm-node/src/native_candidate_finalized_parent.rs","1e4113eef233740162f938da4934f32ed35c86aa","","1e4113eef233740162f938da4934f32ed35c86aa","legacy/supervm-20261002/crates/novovm-node/src/native_candidate_finalized_parent.rs","2BC3992E54E234398551142649E1701F47510D03420CB7C8344CFA7880082F37","crates/novovm-node/src/native_candidate_finalized_parent.rs","before Git object; local drafts preserved separately, no overwrite","restore_identical_tree_to_original_path","","False","PENDING_USER_REVIEW"
"crates/novovm-node/src/native_candidate_finalized_query_tests.rs","100644","28484f50d00d01fad9033120e5bc5ce094b7a096","pure_relocation","","legacy/supervm-20261002/crates/novovm-node/src/native_candidate_finalized_query_tests.rs","28484f50d00d01fad9033120e5bc5ce094b7a096","","28484f50d00d01fad9033120e5bc5ce094b7a096","legacy/supervm-20261002/crates/novovm-node/src/native_candidate_finalized_query_tests.rs","23B2BE35A11ADABD39AAB8458FF6C879FD1CA9A16C29B68D8A6C9A5B28AFF9A0","crates/novovm-node/src/native_candidate_finalized_query_tests.rs","before Git object; local drafts preserved separately, no overwrite","restore_identical_tree_to_original_path","","False","PENDING_USER_REVIEW"
"crates/novovm-node/src/native_candidate_legacy_inline_tests.rs","100644","dc94d92a83584adca58bc7073f7082ee6656fde0","pure_relocation","","legacy/supervm-20261002/crates/novovm-node/src/native_candidate_legacy_inline_tests.rs","dc94d92a83584adca58bc7073f7082ee6656fde0","","dc94d92a83584adca58bc7073f7082ee6656fde0","legacy/supervm-20261002/crates/novovm-node/src/native_candidate_legacy_inline_tests.rs","A51FB0FFAF8C3455A1C27BE59193B26B63B26798AAD3CA245EC34AD686A44875","crates/novovm-node/src/native_candidate_legacy_inline_tests.rs","before Git object; local drafts preserved separately, no overwrite","restore_identical_tree_to_original_path","","False","PENDING_USER_REVIEW"
"crates/novovm-node/src/native_candidate_live_parent_tests.rs","100644","d3a2a5953912336db51df96f6dc7302a11fe0af4","pure_relocation","","legacy/supervm-20261002/crates/novovm-node/src/native_candidate_live_parent_tests.rs","d3a2a5953912336db51df96f6dc7302a11fe0af4","","d3a2a5953912336db51df96f6dc7302a11fe0af4","legacy/supervm-20261002/crates/novovm-node/src/native_candidate_live_parent_tests.rs","2036EA375DDB3830C184E14A1ABBB901DE03796CC77357CAA355634DA555E2E2","crates/novovm-node/src/native_candidate_live_parent_tests.rs","before Git object; local drafts preserved separately, no overwrite","restore_identical_tree_to_original_path","","False","PENDING_USER_REVIEW"
"crates/novovm-node/src/native_candidate_live_parent.rs","100644","a33946bb193cc7b8a644083eda919381f4e9d3c3","pure_relocation","","legacy/supervm-20261002/crates/novovm-node/src/native_candidate_live_parent.rs","a33946bb193cc7b8a644083eda919381f4e9d3c3","","a33946bb193cc7b8a644083eda919381f4e9d3c3","legacy/supervm-20261002/crates/novovm-node/src/native_candidate_live_parent.rs","7192C6A327C3448640A8F53E04253EE36C92D01174692A229BF273AB8C0682D0","crates/novovm-node/src/native_candidate_live_parent.rs","before Git object; local drafts preserved separately, no overwrite","restore_identical_tree_to_original_path","","False","PENDING_USER_REVIEW"
"crates/novovm-node/src/native_candidate_node_mode.rs","100644","05cdea156086001b886f16c8b3087f207c8806ab","pure_relocation","","legacy/supervm-20261002/crates/novovm-node/src/native_candidate_node_mode.rs","05cdea156086001b886f16c8b3087f207c8806ab","","05cdea156086001b886f16c8b3087f207c8806ab","legacy/supervm-20261002/crates/novovm-node/src/native_candidate_node_mode.rs","68EECA400DF6E198113A74FC60B91BD9DDF5D7A4B1BE7C761E0B929CE082B68E","crates/novovm-node/src/native_candidate_node_mode.rs","before Git object; local drafts preserved separately, no overwrite","restore_identical_tree_to_original_path","","False","PENDING_USER_REVIEW"
"crates/novovm-node/src/native_candidate_plan_execution_tests.rs","100644","f461df61782deb8de013339183c33d8a172bcb36","pure_relocation","","legacy/supervm-20261002/crates/novovm-node/src/native_candidate_plan_execution_tests.rs","f461df61782deb8de013339183c33d8a172bcb36","","f461df61782deb8de013339183c33d8a172bcb36","legacy/supervm-20261002/crates/novovm-node/src/native_candidate_plan_execution_tests.rs","217D6E87C6204BEF9E385D4562EBEBEECE10EAC69D683686465806D4C1A1ED81","crates/novovm-node/src/native_candidate_plan_execution_tests.rs","before Git object; local drafts preserved separately, no overwrite","restore_identical_tree_to_original_path","","False","PENDING_USER_REVIEW"
"crates/novovm-node/src/native_candidate_plan.rs","100644","a2137cb81464841deb58d9ec3a7c04abd9d0a9bd","pure_relocation","","legacy/supervm-20261002/crates/novovm-node/src/native_candidate_plan.rs","a2137cb81464841deb58d9ec3a7c04abd9d0a9bd","","a2137cb81464841deb58d9ec3a7c04abd9d0a9bd","legacy/supervm-20261002/crates/novovm-node/src/native_candidate_plan.rs","8D8244524DB37017A80EB777036945173722B60A59748B55D41ADC6599DB9455","crates/novovm-node/src/native_candidate_plan.rs","before Git object; local drafts preserved separately, no overwrite","restore_identical_tree_to_original_path","","False","PENDING_USER_REVIEW"
"crates/novovm-node/src/native_candidate_prepared_delta_tests.rs","100644","2d7f7aa2561a59f2f7f177991781882b80051c63","pure_relocation","","legacy/supervm-20261002/crates/novovm-node/src/native_candidate_prepared_delta_tests.rs","2d7f7aa2561a59f2f7f177991781882b80051c63","","2d7f7aa2561a59f2f7f177991781882b80051c63","legacy/supervm-20261002/crates/novovm-node/src/native_candidate_prepared_delta_tests.rs","F48F8B007B8EA261606313E9A6FB176492A9BAF7713F87FEFDA299BE1762CBD9","crates/novovm-node/src/native_candidate_prepared_delta_tests.rs","before Git object; local drafts preserved separately, no overwrite","restore_identical_tree_to_original_path","","False","PENDING_USER_REVIEW"
"crates/novovm-node/src/native_candidate_promotion.rs","100644","4c1ce47c61cd21b78d7ad5c39e422c7e9a35c1e4","pure_relocation","","legacy/supervm-20261002/crates/novovm-node/src/native_candidate_promotion.rs","4c1ce47c61cd21b78d7ad5c39e422c7e9a35c1e4","","4c1ce47c61cd21b78d7ad5c39e422c7e9a35c1e4","legacy/supervm-20261002/crates/novovm-node/src/native_candidate_promotion.rs","2291A5045B6337AB3A50F9E843A16132F0D8D20CC53F89994DA2D07FC460C9D0","crates/novovm-node/src/native_candidate_promotion.rs","before Git object; local drafts preserved separately, no overwrite","restore_identical_tree_to_original_path","","False","PENDING_USER_REVIEW"
"crates/novovm-node/src/native_candidate_publication_readback_tests.rs","100644","576095eb044a2e3fbe2ac4f3f8cfae8780ee35cf","pure_relocation","","legacy/supervm-20261002/crates/novovm-node/src/native_candidate_publication_readback_tests.rs","576095eb044a2e3fbe2ac4f3f8cfae8780ee35cf","","576095eb044a2e3fbe2ac4f3f8cfae8780ee35cf","legacy/supervm-20261002/crates/novovm-node/src/native_candidate_publication_readback_tests.rs","3E30538A69C2EA0283B39F4621C3293969B4DACCE196401AF55001A9EEF079FC","crates/novovm-node/src/native_candidate_publication_readback_tests.rs","before Git object; local drafts preserved separately, no overwrite","restore_identical_tree_to_original_path","","False","PENDING_USER_REVIEW"
"crates/novovm-node/src/native_candidate_publication_verify_tests.rs","100644","aea372eb0ec2785bf51c3d6bd8c580d674d06e42","pure_relocation","","legacy/supervm-20261002/crates/novovm-node/src/native_candidate_publication_verify_tests.rs","aea372eb0ec2785bf51c3d6bd8c580d674d06e42","","aea372eb0ec2785bf51c3d6bd8c580d674d06e42","legacy/supervm-20261002/crates/novovm-node/src/native_candidate_publication_verify_tests.rs","D5022B76ECC29C95CED964F3BE97F2B755D5DC1A74ED161CF27E39ECD8D3C620","crates/novovm-node/src/native_candidate_publication_verify_tests.rs","before Git object; local drafts preserved separately, no overwrite","restore_identical_tree_to_original_path","","False","PENDING_USER_REVIEW"
"crates/novovm-node/src/native_candidate_record_delta.rs","100644","7578f28d7b13ee47f44223ed29115e2d3d55bc81","pure_relocation","","legacy/supervm-20261002/crates/novovm-node/src/native_candidate_record_delta.rs","7578f28d7b13ee47f44223ed29115e2d3d55bc81","","7578f28d7b13ee47f44223ed29115e2d3d55bc81","legacy/supervm-20261002/crates/novovm-node/src/native_candidate_record_delta.rs","845BDAED0A04DD96DD6AE2DA2A2F5C9A15596A75E0CB1F1FD1CA1D81F5F3FB36","crates/novovm-node/src/native_candidate_record_delta.rs","before Git object; local drafts preserved separately, no overwrite","restore_identical_tree_to_original_path","source_has_local_draft","False","PENDING_USER_REVIEW"
"crates/novovm-node/src/native_candidate_reference_tests.rs","100644","ec12742eabed08cf67e7564c8d36ed151248b38d","pure_relocation","","legacy/supervm-20261002/crates/novovm-node/src/native_candidate_reference_tests.rs","ec12742eabed08cf67e7564c8d36ed151248b38d","","ec12742eabed08cf67e7564c8d36ed151248b38d","legacy/supervm-20261002/crates/novovm-node/src/native_candidate_reference_tests.rs","712EAFE4A09F2EE74D696AFCBC439B1145A4322358705C993B6A728BB00A0869","crates/novovm-node/src/native_candidate_reference_tests.rs","before Git object; local drafts preserved separately, no overwrite","restore_identical_tree_to_original_path","","False","PENDING_USER_REVIEW"
"crates/novovm-node/src/native_candidate_registration_tests.rs","100644","a6f303f12c7654632a6c25dba5e0f6cd95038387","pure_relocation","","legacy/supervm-20261002/crates/novovm-node/src/native_candidate_registration_tests.rs","a6f303f12c7654632a6c25dba5e0f6cd95038387","","a6f303f12c7654632a6c25dba5e0f6cd95038387","legacy/supervm-20261002/crates/novovm-node/src/native_candidate_registration_tests.rs","EDAFECD99707031D04DB99B528145BD1EF498662FE0780F7074524A64AB7C10F","crates/novovm-node/src/native_candidate_registration_tests.rs","before Git object; local drafts preserved separately, no overwrite","restore_identical_tree_to_original_path","","False","PENDING_USER_REVIEW"
"crates/novovm-node/src/native_candidate_retirement.rs","100644","8aa734ad31f1fa653717b4beceddbb4718bb7947","pure_relocation","","legacy/supervm-20261002/crates/novovm-node/src/native_candidate_retirement.rs","8aa734ad31f1fa653717b4beceddbb4718bb7947","","8aa734ad31f1fa653717b4beceddbb4718bb7947","legacy/supervm-20261002/crates/novovm-node/src/native_candidate_retirement.rs","C62338CC401CED270D2531EECE82EBF7B33AA68DED59B103FA0CF164D4569580","crates/novovm-node/src/native_candidate_retirement.rs","before Git object; local drafts preserved separately, no overwrite","restore_identical_tree_to_original_path","","False","PENDING_USER_REVIEW"
"crates/novovm-node/src/native_candidate_rooted_compute_tests.rs","100644","685404891f178e6f762357f490e95101e5be10bd","pure_relocation","","legacy/supervm-20261002/crates/novovm-node/src/native_candidate_rooted_compute_tests.rs","685404891f178e6f762357f490e95101e5be10bd","","685404891f178e6f762357f490e95101e5be10bd","legacy/supervm-20261002/crates/novovm-node/src/native_candidate_rooted_compute_tests.rs","4AF739799D2927AC7C4F58C0AE505E45CD5E3B4C970EEB60E37352760F413C5F","crates/novovm-node/src/native_candidate_rooted_compute_tests.rs","before Git object; local drafts preserved separately, no overwrite","restore_identical_tree_to_original_path","source_has_local_draft","False","PENDING_USER_REVIEW"
"crates/novovm-node/src/native_candidate_rooted_compute.rs","100644","125c1845649f615a382299b89867d93648d149d6","pure_relocation","","legacy/supervm-20261002/crates/novovm-node/src/native_candidate_rooted_compute.rs","125c1845649f615a382299b89867d93648d149d6","","125c1845649f615a382299b89867d93648d149d6","legacy/supervm-20261002/crates/novovm-node/src/native_candidate_rooted_compute.rs","AA1DEDEC00E88B5FBDB51000DD588E147975764037D7F3F046BFBAF7A6A88A4E","crates/novovm-node/src/native_candidate_rooted_compute.rs","before Git object; local drafts preserved separately, no overwrite","restore_identical_tree_to_original_path","source_has_local_draft","False","PENDING_USER_REVIEW"
"crates/novovm-node/src/native_candidate_rooted_output.rs","100644","e1d2f9ed785a856441f4a98ad4093f3b8c18820e","pure_relocation","","legacy/supervm-20261002/crates/novovm-node/src/native_candidate_rooted_output.rs","e1d2f9ed785a856441f4a98ad4093f3b8c18820e","","e1d2f9ed785a856441f4a98ad4093f3b8c18820e","legacy/supervm-20261002/crates/novovm-node/src/native_candidate_rooted_output.rs","A9338B29D756F45BB349B1B716481BC3BCEB352EE2F5E113E205F2AF6DB19DC8","crates/novovm-node/src/native_candidate_rooted_output.rs","before Git object; local drafts preserved separately, no overwrite","restore_identical_tree_to_original_path","","False","PENDING_USER_REVIEW"
"crates/novovm-node/src/native_candidate_rooted_parent.rs","100644","999320ba6a44990fc51d1094ff4a9ea631919557","pure_relocation","","legacy/supervm-20261002/crates/novovm-node/src/native_candidate_rooted_parent.rs","999320ba6a44990fc51d1094ff4a9ea631919557","","999320ba6a44990fc51d1094ff4a9ea631919557","legacy/supervm-20261002/crates/novovm-node/src/native_candidate_rooted_parent.rs","D69E75FC8A7190E5221D82C7838774CD8FAF7D41B14349C2930CC0CB14476FEC","crates/novovm-node/src/native_candidate_rooted_parent.rs","before Git object; local drafts preserved separately, no overwrite","restore_identical_tree_to_original_path","","False","PENDING_USER_REVIEW"
"crates/novovm-node/src/native_candidate_selection_tests.rs","100644","ddc712da8e0535878c8ae0c6cb37b65f96b019b2","pure_relocation","","legacy/supervm-20261002/crates/novovm-node/src/native_candidate_selection_tests.rs","ddc712da8e0535878c8ae0c6cb37b65f96b019b2","","ddc712da8e0535878c8ae0c6cb37b65f96b019b2","legacy/supervm-20261002/crates/novovm-node/src/native_candidate_selection_tests.rs","A76EAC62E5B2291C3609F5332B9E53A432795C8B2921D1584FF7E30C73EC070F","crates/novovm-node/src/native_candidate_selection_tests.rs","before Git object; local drafts preserved separately, no overwrite","restore_identical_tree_to_original_path","","False","PENDING_USER_REVIEW"
"crates/novovm-node/src/native_candidate_service_quorum_tests.rs","100644","531eb10800c1a96988f539541f46c3ae93d8a3a7","pure_relocation","","legacy/supervm-20261002/crates/novovm-node/src/native_candidate_service_quorum_tests.rs","531eb10800c1a96988f539541f46c3ae93d8a3a7","","531eb10800c1a96988f539541f46c3ae93d8a3a7","legacy/supervm-20261002/crates/novovm-node/src/native_candidate_service_quorum_tests.rs","B7B827CAFBA87A82FA57827A4C1935E199C657A04A2059C2C91F52949D6046B2","crates/novovm-node/src/native_candidate_service_quorum_tests.rs","before Git object; local drafts preserved separately, no overwrite","restore_identical_tree_to_original_path","","False","PENDING_USER_REVIEW"
"crates/novovm-node/src/native_candidate_service_tests.rs","100644","eb992aa309f8c6f05aae0c4f45e29d28d257daf4","pure_relocation","","legacy/supervm-20261002/crates/novovm-node/src/native_candidate_service_tests.rs","eb992aa309f8c6f05aae0c4f45e29d28d257daf4","","eb992aa309f8c6f05aae0c4f45e29d28d257daf4","legacy/supervm-20261002/crates/novovm-node/src/native_candidate_service_tests.rs","8E6BE823F299A9B720D0691AA1ABD2B018DC0157B6FB530439C5499B05C4D26D","crates/novovm-node/src/native_candidate_service_tests.rs","before Git object; local drafts preserved separately, no overwrite","restore_identical_tree_to_original_path","","False","PENDING_USER_REVIEW"
"crates/novovm-node/src/native_candidate_startup.rs","100644","be27b21465797aebf703210b0c80c47dfbbfd803","pure_relocation","","legacy/supervm-20261002/crates/novovm-node/src/native_candidate_startup.rs","be27b21465797aebf703210b0c80c47dfbbfd803","","be27b21465797aebf703210b0c80c47dfbbfd803","legacy/supervm-20261002/crates/novovm-node/src/native_candidate_startup.rs","FCA633808E55BC097B994CA7E3830ED7CE651F8766871F3570838D175EFF2D4C","crates/novovm-node/src/native_candidate_startup.rs","before Git object; local drafts preserved separately, no overwrite","restore_identical_tree_to_original_path","","False","PENDING_USER_REVIEW"
"crates/novovm-node/src/native_candidate_state_records.rs","100644","e5f8e7dd5ba2980c50dd62d06602f73c7be804d5","pure_relocation","","legacy/supervm-20261002/crates/novovm-node/src/native_candidate_state_records.rs","e5f8e7dd5ba2980c50dd62d06602f73c7be804d5","","e5f8e7dd5ba2980c50dd62d06602f73c7be804d5","legacy/supervm-20261002/crates/novovm-node/src/native_candidate_state_records.rs","9A41E217956803371C4B3553E8C5E973E1A9C2553A1B3C2D101B46D5D265727D","crates/novovm-node/src/native_candidate_state_records.rs","before Git object; local drafts preserved separately, no overwrite","restore_identical_tree_to_original_path","source_has_local_draft","False","PENDING_USER_REVIEW"
"crates/novovm-node/src/native_candidate_successor_publication.rs","100644","f8f6b671c12d63b4dab09602950da9f992136097","pure_relocation","","legacy/supervm-20261002/crates/novovm-node/src/native_candidate_successor_publication.rs","f8f6b671c12d63b4dab09602950da9f992136097","","f8f6b671c12d63b4dab09602950da9f992136097","legacy/supervm-20261002/crates/novovm-node/src/native_candidate_successor_publication.rs","FCD163A6B5687A74FE5B46C50C56DD9682C2F9045B3AD1B1C6ACBC82F6C85206","crates/novovm-node/src/native_candidate_successor_publication.rs","before Git object; local drafts preserved separately, no overwrite","restore_identical_tree_to_original_path","","False","PENDING_USER_REVIEW"
"crates/novovm-node/src/native_candidate_workspace_tests.rs","100644","4a066f57f9a73e2d45b5a3ad09c55e85616ea791","pure_relocation","","legacy/supervm-20261002/crates/novovm-node/src/native_candidate_workspace_tests.rs","4a066f57f9a73e2d45b5a3ad09c55e85616ea791","","4a066f57f9a73e2d45b5a3ad09c55e85616ea791","legacy/supervm-20261002/crates/novovm-node/src/native_candidate_workspace_tests.rs","AD022E30AA3DE7B9DFF6246F377FDF3A086460750136A3A38F9ED85EE3C20DCA","crates/novovm-node/src/native_candidate_workspace_tests.rs","before Git object; local drafts preserved separately, no overwrite","restore_identical_tree_to_original_path","","False","PENDING_USER_REVIEW"
"crates/novovm-node/src/native_candidate_workspace.rs","100644","0e731f416bda9e4f89d830cdfa167c594657eb18","pure_relocation","","legacy/supervm-20261002/crates/novovm-node/src/native_candidate_workspace.rs","0e731f416bda9e4f89d830cdfa167c594657eb18","","0e731f416bda9e4f89d830cdfa167c594657eb18","legacy/supervm-20261002/crates/novovm-node/src/native_candidate_workspace.rs","6FD1F08CD410D9FC919AC15BB4BF2DBF3319B9526E9544B8D03C18D31A31C679","crates/novovm-node/src/native_candidate_workspace.rs","before Git object; local drafts preserved separately, no overwrite","restore_identical_tree_to_original_path","source_has_local_draft","False","PENDING_USER_REVIEW"
"crates/novovm-node/src/native_fresh_chain_clock.rs","100644","69db2e83d15d2f648e70d85731a637cb8df0fc41","pure_relocation","","legacy/supervm-20261002/crates/novovm-node/src/native_fresh_chain_clock.rs","69db2e83d15d2f648e70d85731a637cb8df0fc41","","69db2e83d15d2f648e70d85731a637cb8df0fc41","legacy/supervm-20261002/crates/novovm-node/src/native_fresh_chain_clock.rs","F0DB7E48DFD7FBC04A6951B69193860F0E0B2D7771C68C94AECFA6DB497FBD1D","crates/novovm-node/src/native_fresh_chain_clock.rs","before Git object; local drafts preserved separately, no overwrite","restore_identical_tree_to_original_path","","False","PENDING_USER_REVIEW"
"crates/novovm-node/src/native_fresh_chain_history.rs","100644","c223cd9db03bc66a4e901a029981efd8afdcc0f1","pure_relocation","","legacy/supervm-20261002/crates/novovm-node/src/native_fresh_chain_history.rs","c223cd9db03bc66a4e901a029981efd8afdcc0f1","","c223cd9db03bc66a4e901a029981efd8afdcc0f1","legacy/supervm-20261002/crates/novovm-node/src/native_fresh_chain_history.rs","36C282222847B017EBA52ADE1B4CDE9D285A0F0BA4AFCD6BC0182566EED44E6A","crates/novovm-node/src/native_fresh_chain_history.rs","before Git object; local drafts preserved separately, no overwrite","restore_identical_tree_to_original_path","","False","PENDING_USER_REVIEW"
"crates/novovm-node/src/native_fresh_chain_lifecycle.rs","100644","af37811f1188fd32f9629a3ab9f50a0b27f7d839","pure_relocation","","legacy/supervm-20261002/crates/novovm-node/src/native_fresh_chain_lifecycle.rs","af37811f1188fd32f9629a3ab9f50a0b27f7d839","","af37811f1188fd32f9629a3ab9f50a0b27f7d839","legacy/supervm-20261002/crates/novovm-node/src/native_fresh_chain_lifecycle.rs","F7BEA7AC04A61A6A07DE59C50B26DCE8C3767EB486923B34BC9C7ECF88BFAC3B","crates/novovm-node/src/native_fresh_chain_lifecycle.rs","before Git object; local drafts preserved separately, no overwrite","restore_identical_tree_to_original_path","source_has_local_draft","False","PENDING_USER_REVIEW"
"crates/novovm-node/src/native_fresh_chain_pacemaker.rs","100644","ebb1e012ebb7fcc3957dfc249d1325eeedda6366","pure_relocation","","legacy/supervm-20261002/crates/novovm-node/src/native_fresh_chain_pacemaker.rs","ebb1e012ebb7fcc3957dfc249d1325eeedda6366","","ebb1e012ebb7fcc3957dfc249d1325eeedda6366","legacy/supervm-20261002/crates/novovm-node/src/native_fresh_chain_pacemaker.rs","4C4757F069420F061CE4889FF66DC7505DB107D2F50DF18959E0D517A8EBCC4C","crates/novovm-node/src/native_fresh_chain_pacemaker.rs","before Git object; local drafts preserved separately, no overwrite","restore_identical_tree_to_original_path","source_has_local_draft","False","PENDING_USER_REVIEW"
"crates/novovm-node/src/native_fresh_chain_proposer.rs","100644","2a443e7cdba6753e8af55f8b41a55001db135762","pure_relocation","","legacy/supervm-20261002/crates/novovm-node/src/native_fresh_chain_proposer.rs","2a443e7cdba6753e8af55f8b41a55001db135762","","2a443e7cdba6753e8af55f8b41a55001db135762","legacy/supervm-20261002/crates/novovm-node/src/native_fresh_chain_proposer.rs","C27DAAAF783701A2DCEAF179DE6C217D70CEBF2241CCA11DBA3EC3E4AD3CF83F","crates/novovm-node/src/native_fresh_chain_proposer.rs","before Git object; local drafts preserved separately, no overwrite","restore_identical_tree_to_original_path","source_has_local_draft","False","PENDING_USER_REVIEW"
"crates/novovm-node/src/native_fresh_chain_transactions.rs","100644","7edb0ae602e24673bd080f7192ac1cafee8c3201","pure_relocation","","legacy/supervm-20261002/crates/novovm-node/src/native_fresh_chain_transactions.rs","7edb0ae602e24673bd080f7192ac1cafee8c3201","","7edb0ae602e24673bd080f7192ac1cafee8c3201","legacy/supervm-20261002/crates/novovm-node/src/native_fresh_chain_transactions.rs","ED91773241640D6FCA5B5D985114EF45626F5AED990AB3E2D7F45B86B6B3DE0B","crates/novovm-node/src/native_fresh_chain_transactions.rs","before Git object; local drafts preserved separately, no overwrite","restore_identical_tree_to_original_path","source_has_local_draft","False","PENDING_USER_REVIEW"
"crates/novovm-node/src/native_fresh_genesis_overlay_tests.rs","100644","c1bca9f70e8058a4b3b5e0749c31d742d5db7ed3","pure_relocation","","legacy/supervm-20261002/crates/novovm-node/src/native_fresh_genesis_overlay_tests.rs","c1bca9f70e8058a4b3b5e0749c31d742d5db7ed3","","c1bca9f70e8058a4b3b5e0749c31d742d5db7ed3","legacy/supervm-20261002/crates/novovm-node/src/native_fresh_genesis_overlay_tests.rs","46AD3B81566ACD3DA8AFC7F92748EF7510AF0FC03DD977D084995C9573505627","crates/novovm-node/src/native_fresh_genesis_overlay_tests.rs","before Git object; local drafts preserved separately, no overwrite","restore_identical_tree_to_original_path","","False","PENDING_USER_REVIEW"
"crates/novovm-node/src/native_fresh_genesis_publication_tests.rs","100644","3bb541863065a83c39b3b44ddb7e7843f0364051","pure_relocation","","legacy/supervm-20261002/crates/novovm-node/src/native_fresh_genesis_publication_tests.rs","3bb541863065a83c39b3b44ddb7e7843f0364051","","3bb541863065a83c39b3b44ddb7e7843f0364051","legacy/supervm-20261002/crates/novovm-node/src/native_fresh_genesis_publication_tests.rs","1BA452032A9E53AAC30AC25C23A2C361195299F384645F02EC659C54CBF4B452","crates/novovm-node/src/native_fresh_genesis_publication_tests.rs","before Git object; local drafts preserved separately, no overwrite","restore_identical_tree_to_original_path","","False","PENDING_USER_REVIEW"
"crates/novovm-node/src/native_fresh_genesis_publication.rs","100644","7476bc7f3e9e35c9c8d35cb64b81fa66ff37c2ac","pure_relocation","","legacy/supervm-20261002/crates/novovm-node/src/native_fresh_genesis_publication.rs","7476bc7f3e9e35c9c8d35cb64b81fa66ff37c2ac","","7476bc7f3e9e35c9c8d35cb64b81fa66ff37c2ac","legacy/supervm-20261002/crates/novovm-node/src/native_fresh_genesis_publication.rs","DC8D041D286CDCF7744966B4CACBB825B9E740105324A7DD9E43226DEA5B412C","crates/novovm-node/src/native_fresh_genesis_publication.rs","before Git object; local drafts preserved separately, no overwrite","restore_identical_tree_to_original_path","","False","PENDING_USER_REVIEW"
"crates/novovm-node/src/native_fresh_genesis_service_tests.rs","100644","7609bb6e99101f4a4033c7da691e3ef4732bbc48","pure_relocation","","legacy/supervm-20261002/crates/novovm-node/src/native_fresh_genesis_service_tests.rs","7609bb6e99101f4a4033c7da691e3ef4732bbc48","","7609bb6e99101f4a4033c7da691e3ef4732bbc48","legacy/supervm-20261002/crates/novovm-node/src/native_fresh_genesis_service_tests.rs","738565E09BC9835B15A1433DD4C604587E0E467FF966D381542FCCD97B4B63A1","crates/novovm-node/src/native_fresh_genesis_service_tests.rs","before Git object; local drafts preserved separately, no overwrite","restore_identical_tree_to_original_path","","False","PENDING_USER_REVIEW"
"crates/novovm-node/src/native_fresh_genesis_signing_tests.rs","100644","9ff9803cabb7294d1816c1f6bd486da687bb28ca","pure_relocation","","legacy/supervm-20261002/crates/novovm-node/src/native_fresh_genesis_signing_tests.rs","9ff9803cabb7294d1816c1f6bd486da687bb28ca","","9ff9803cabb7294d1816c1f6bd486da687bb28ca","legacy/supervm-20261002/crates/novovm-node/src/native_fresh_genesis_signing_tests.rs","FAF05C3905C86C8D534E568A3B329D19D7597D66C2157C914FF37B9125AEDA24","crates/novovm-node/src/native_fresh_genesis_signing_tests.rs","before Git object; local drafts preserved separately, no overwrite","restore_identical_tree_to_original_path","","False","PENDING_USER_REVIEW"
"crates/novovm-node/src/native_fresh_genesis.rs","100644","d4cb1140d39ffc5bbe387fc4e26eaaec8c4892dd","pure_relocation","","legacy/supervm-20261002/crates/novovm-node/src/native_fresh_genesis.rs","d4cb1140d39ffc5bbe387fc4e26eaaec8c4892dd","","d4cb1140d39ffc5bbe387fc4e26eaaec8c4892dd","legacy/supervm-20261002/crates/novovm-node/src/native_fresh_genesis.rs","4D30211E40F6AB37865E39A24D2D72BBEDC5C9FDD44830103679E6B0D9B03BF5","crates/novovm-node/src/native_fresh_genesis.rs","before Git object; local drafts preserved separately, no overwrite","restore_identical_tree_to_original_path","","False","PENDING_USER_REVIEW"
"crates/novovm-node/src/native_fresh_independent_tests.rs","100644","ba826206ffce6565bff41cf8462080d561b2af00","pure_relocation","","legacy/supervm-20261002/crates/novovm-node/src/native_fresh_independent_tests.rs","ba826206ffce6565bff41cf8462080d561b2af00","","ba826206ffce6565bff41cf8462080d561b2af00","legacy/supervm-20261002/crates/novovm-node/src/native_fresh_independent_tests.rs","285A219C00F8B94B73C92974C5CFDD4C8EED2866C412CE171BC08A3A63F142A6","crates/novovm-node/src/native_fresh_independent_tests.rs","before Git object; local drafts preserved separately, no overwrite","restore_identical_tree_to_original_path","","False","PENDING_USER_REVIEW"
"crates/novovm-node/src/native_fresh_pacemaker_tests.rs","100644","08f76df38a6eb9fe2b77f724103c18dbc81e4ec4","pure_relocation","","legacy/supervm-20261002/crates/novovm-node/src/native_fresh_pacemaker_tests.rs","08f76df38a6eb9fe2b77f724103c18dbc81e4ec4","","08f76df38a6eb9fe2b77f724103c18dbc81e4ec4","legacy/supervm-20261002/crates/novovm-node/src/native_fresh_pacemaker_tests.rs","B244FF4DC2D0B75B5E25C85CEE4F059B297B6DE1B6C0A73332CB68CC4250AA7C","crates/novovm-node/src/native_fresh_pacemaker_tests.rs","before Git object; local drafts preserved separately, no overwrite","restore_identical_tree_to_original_path","","False","PENDING_USER_REVIEW"
"crates/novovm-node/src/native_fresh_parent_round_tests.rs","100644","329b378a5944daea3f43e55c8a325cfe6d7c9dfe","pure_relocation","","legacy/supervm-20261002/crates/novovm-node/src/native_fresh_parent_round_tests.rs","329b378a5944daea3f43e55c8a325cfe6d7c9dfe","","329b378a5944daea3f43e55c8a325cfe6d7c9dfe","legacy/supervm-20261002/crates/novovm-node/src/native_fresh_parent_round_tests.rs","95E6F2A19AF285636074A0C9D197536BF3792F523037BC801078BA02F9B181B5","crates/novovm-node/src/native_fresh_parent_round_tests.rs","before Git object; local drafts preserved separately, no overwrite","restore_identical_tree_to_original_path","","False","PENDING_USER_REVIEW"
"crates/novovm-node/src/native_fresh_pool_tests.rs","100644","c2fcabc058f29a8fc90f07c2c48ef561388405bf","pure_relocation","","legacy/supervm-20261002/crates/novovm-node/src/native_fresh_pool_tests.rs","c2fcabc058f29a8fc90f07c2c48ef561388405bf","","c2fcabc058f29a8fc90f07c2c48ef561388405bf","legacy/supervm-20261002/crates/novovm-node/src/native_fresh_pool_tests.rs","3BE121058B0FE5559DC5FFB8FD69EC8BCCB4B66022C7BA2FB42DCEA40EFEA7A8","crates/novovm-node/src/native_fresh_pool_tests.rs","before Git object; local drafts preserved separately, no overwrite","restore_identical_tree_to_original_path","","False","PENDING_USER_REVIEW"
"crates/novovm-node/src/native_fresh_pool.rs","100644","c192562745c775d241810da8ed462636c0b6d737","pure_relocation","","legacy/supervm-20261002/crates/novovm-node/src/native_fresh_pool.rs","c192562745c775d241810da8ed462636c0b6d737","","c192562745c775d241810da8ed462636c0b6d737","legacy/supervm-20261002/crates/novovm-node/src/native_fresh_pool.rs","4FAD10AACA45C48D4B3009D0594747471FBD49EEBCDC3642DAA838C38D9495AC","crates/novovm-node/src/native_fresh_pool.rs","before Git object; local drafts preserved separately, no overwrite","restore_identical_tree_to_original_path","","False","PENDING_USER_REVIEW"
"crates/novovm-node/src/native_fresh_promotion_process_tests.rs","100644","39b6ca9aadfe4763428f71b2dace10ddabb20153","pure_relocation","","legacy/supervm-20261002/crates/novovm-node/src/native_fresh_promotion_process_tests.rs","39b6ca9aadfe4763428f71b2dace10ddabb20153","","39b6ca9aadfe4763428f71b2dace10ddabb20153","legacy/supervm-20261002/crates/novovm-node/src/native_fresh_promotion_process_tests.rs","5986DD3ED579FEC4484D2AB09418C2547AFA0D28B96726BCCCD1CEDEC231361B","crates/novovm-node/src/native_fresh_promotion_process_tests.rs","before Git object; local drafts preserved separately, no overwrite","restore_identical_tree_to_original_path","","False","PENDING_USER_REVIEW"
"crates/novovm-node/src/native_fresh_proposal_window.rs","100644","d66ebfc50192664cbad38b91f45ab61fed08aad4","pure_relocation","","legacy/supervm-20261002/crates/novovm-node/src/native_fresh_proposal_window.rs","d66ebfc50192664cbad38b91f45ab61fed08aad4","","d66ebfc50192664cbad38b91f45ab61fed08aad4","legacy/supervm-20261002/crates/novovm-node/src/native_fresh_proposal_window.rs","2D259FBB30AAE522FFF36262E1670ABD1AA44B8828EC65D67C36373A74BD15B9","crates/novovm-node/src/native_fresh_proposal_window.rs","before Git object; local drafts preserved separately, no overwrite","restore_identical_tree_to_original_path","","False","PENDING_USER_REVIEW"
"crates/novovm-node/src/native_fresh_rpc.rs","100644","191f8a4adcd194da2e7274b063da5c91423504c7","pure_relocation","","legacy/supervm-20261002/crates/novovm-node/src/native_fresh_rpc.rs","191f8a4adcd194da2e7274b063da5c91423504c7","","191f8a4adcd194da2e7274b063da5c91423504c7","legacy/supervm-20261002/crates/novovm-node/src/native_fresh_rpc.rs","2C76701BAF61A353D64DD132E808C75564EF6B58F1B880FEA778E769ECB42B9B","crates/novovm-node/src/native_fresh_rpc.rs","before Git object; local drafts preserved separately, no overwrite","restore_identical_tree_to_original_path","source_has_local_draft","False","PENDING_USER_REVIEW"
"crates/novovm-node/src/native_fresh_sequence_tests.rs","100644","eac58485b256ebe422d6fd0c42d1fbd87ff2b98c","pure_relocation","","legacy/supervm-20261002/crates/novovm-node/src/native_fresh_sequence_tests.rs","eac58485b256ebe422d6fd0c42d1fbd87ff2b98c","","eac58485b256ebe422d6fd0c42d1fbd87ff2b98c","legacy/supervm-20261002/crates/novovm-node/src/native_fresh_sequence_tests.rs","DC553DFA18448B3FCC83F2ED9463FE6EF7313D4A5649F9F3FAE74CAFBA1804AE","crates/novovm-node/src/native_fresh_sequence_tests.rs","before Git object; local drafts preserved separately, no overwrite","restore_identical_tree_to_original_path","source_has_local_draft","False","PENDING_USER_REVIEW"
"crates/novovm-node/src/native_fresh_successor_overlay_tests.rs","100644","0b5aaa38f5dd51e248d26b939d8af731ed3f4082","pure_relocation","","legacy/supervm-20261002/crates/novovm-node/src/native_fresh_successor_overlay_tests.rs","0b5aaa38f5dd51e248d26b939d8af731ed3f4082","","0b5aaa38f5dd51e248d26b939d8af731ed3f4082","legacy/supervm-20261002/crates/novovm-node/src/native_fresh_successor_overlay_tests.rs","2C47236AE01C716F9BF66ED67E090BF945A21E7D9D2740C5BA1C10022CCDF968","crates/novovm-node/src/native_fresh_successor_overlay_tests.rs","before Git object; local drafts preserved separately, no overwrite","restore_identical_tree_to_original_path","","False","PENDING_USER_REVIEW"
"crates/novovm-node/src/native_fresh_successor_promotion_tests.rs","100644","43be155be9489773cd1e687e5e8bd24fdb77250c","pure_relocation","","legacy/supervm-20261002/crates/novovm-node/src/native_fresh_successor_promotion_tests.rs","43be155be9489773cd1e687e5e8bd24fdb77250c","","43be155be9489773cd1e687e5e8bd24fdb77250c","legacy/supervm-20261002/crates/novovm-node/src/native_fresh_successor_promotion_tests.rs","D1094880EBDD03D412FFBB358A251E628B4942BC016B767228E37858F87997CF","crates/novovm-node/src/native_fresh_successor_promotion_tests.rs","before Git object; local drafts preserved separately, no overwrite","restore_identical_tree_to_original_path","","False","PENDING_USER_REVIEW"
"crates/novovm-node/src/native_fresh_successor_relay_tests.rs","100644","1bad4d9bd3796015a59736c180039f86955c19db","pure_relocation","","legacy/supervm-20261002/crates/novovm-node/src/native_fresh_successor_relay_tests.rs","1bad4d9bd3796015a59736c180039f86955c19db","","1bad4d9bd3796015a59736c180039f86955c19db","legacy/supervm-20261002/crates/novovm-node/src/native_fresh_successor_relay_tests.rs","3049294A79A6A0D4D04C6DBB03C9BBBD146BE897A698057B4473F71DB89BA8B9","crates/novovm-node/src/native_fresh_successor_relay_tests.rs","before Git object; local drafts preserved separately, no overwrite","restore_identical_tree_to_original_path","source_has_local_draft","False","PENDING_USER_REVIEW"
"crates/novovm-node/src/native_fresh_successor_signing_tests.rs","100644","a15ea4094c99a599dcb63aae0019a2ae84c83d99","pure_relocation","","legacy/supervm-20261002/crates/novovm-node/src/native_fresh_successor_signing_tests.rs","a15ea4094c99a599dcb63aae0019a2ae84c83d99","","a15ea4094c99a599dcb63aae0019a2ae84c83d99","legacy/supervm-20261002/crates/novovm-node/src/native_fresh_successor_signing_tests.rs","7FBD4D2555C686250EBAF5C2FFCED58D2714BF378B3BF44FAB77B3B434A59517","crates/novovm-node/src/native_fresh_successor_signing_tests.rs","before Git object; local drafts preserved separately, no overwrite","restore_identical_tree_to_original_path","","False","PENDING_USER_REVIEW"
"crates/novovm-node/src/native_fresh_timing.rs","100644","dd2c31949f3b9fa74fd0662ff53b818fc0923740","pure_relocation","","legacy/supervm-20261002/crates/novovm-node/src/native_fresh_timing.rs","dd2c31949f3b9fa74fd0662ff53b818fc0923740","","dd2c31949f3b9fa74fd0662ff53b818fc0923740","legacy/supervm-20261002/crates/novovm-node/src/native_fresh_timing.rs","662F5353898751FEB6AFF6DE0F48E67FD4C1025C8EDB5425392B59F8FA6714AA","crates/novovm-node/src/native_fresh_timing.rs","before Git object; local drafts preserved separately, no overwrite","restore_identical_tree_to_original_path","","False","PENDING_USER_REVIEW"
"crates/novovm-node/src/native_fresh_transaction_ack_integration_tests.rs","100644","19b8b6a3141bf20f73793e6176430f0b1a8f6c20","pure_relocation","","legacy/supervm-20261002/crates/novovm-node/src/native_fresh_transaction_ack_integration_tests.rs","19b8b6a3141bf20f73793e6176430f0b1a8f6c20","","19b8b6a3141bf20f73793e6176430f0b1a8f6c20","legacy/supervm-20261002/crates/novovm-node/src/native_fresh_transaction_ack_integration_tests.rs","6DA8547D92CFF73915375BD24BEFFB8C7ACDBBDA8D77A92D32953BDEDB938FAE","crates/novovm-node/src/native_fresh_transaction_ack_integration_tests.rs","before Git object; local drafts preserved separately, no overwrite","restore_identical_tree_to_original_path","","False","PENDING_USER_REVIEW"
"crates/novovm-node/src/native_fresh_transaction_transport.rs","100644","3d35a27329bfe09a320989a0a1a4ac418689c8a7","pure_relocation","","legacy/supervm-20261002/crates/novovm-node/src/native_fresh_transaction_transport.rs","3d35a27329bfe09a320989a0a1a4ac418689c8a7","","3d35a27329bfe09a320989a0a1a4ac418689c8a7","legacy/supervm-20261002/crates/novovm-node/src/native_fresh_transaction_transport.rs","B67F7B556A52B4F89C3A19DD134723A2A8C15F279848F2700803AD5E441B3F9E","crates/novovm-node/src/native_fresh_transaction_transport.rs","before Git object; local drafts preserved separately, no overwrite","restore_identical_tree_to_original_path","","False","PENDING_USER_REVIEW"
"crates/novovm-node/src/native_nonce_bundle.rs","100644","99c8d8e829ae8a91ddfe5176f280abe0a2a56c66","pure_relocation","","legacy/supervm-20261002/crates/novovm-node/src/native_nonce_bundle.rs","99c8d8e829ae8a91ddfe5176f280abe0a2a56c66","","99c8d8e829ae8a91ddfe5176f280abe0a2a56c66","legacy/supervm-20261002/crates/novovm-node/src/native_nonce_bundle.rs","4238256A61CB5D4480F85CBC10C272C0D548EC5E3B92FEDD2C84139C76F8C5B9","crates/novovm-node/src/native_nonce_bundle.rs","before Git object; local drafts preserved separately, no overwrite","restore_identical_tree_to_original_path","","False","PENDING_USER_REVIEW"
"crates/novovm-node/src/native_nonce_checkpoint.rs","100644","d5d61a7fef07c275a5e7c839c95ef1f7204993a2","pure_relocation","","legacy/supervm-20261002/crates/novovm-node/src/native_nonce_checkpoint.rs","d5d61a7fef07c275a5e7c839c95ef1f7204993a2","","d5d61a7fef07c275a5e7c839c95ef1f7204993a2","legacy/supervm-20261002/crates/novovm-node/src/native_nonce_checkpoint.rs","24668BF6AA1F54C734D26FEF5237D300185B42EC7CB2004F3ED8BD50C8CD6C01","crates/novovm-node/src/native_nonce_checkpoint.rs","before Git object; local drafts preserved separately, no overwrite","restore_identical_tree_to_original_path","","False","PENDING_USER_REVIEW"
"crates/novovm-node/src/native_nonce_identity_tests.rs","100644","fcc0ed0ced4a34fe6746696b77200d15c5794d1e","pure_relocation","","legacy/supervm-20261002/crates/novovm-node/src/native_nonce_identity_tests.rs","fcc0ed0ced4a34fe6746696b77200d15c5794d1e","","fcc0ed0ced4a34fe6746696b77200d15c5794d1e","legacy/supervm-20261002/crates/novovm-node/src/native_nonce_identity_tests.rs","CFAA2761E1EE14623A482EF463535D13561218AD6BE4E68635AED34ED805B627","crates/novovm-node/src/native_nonce_identity_tests.rs","before Git object; local drafts preserved separately, no overwrite","restore_identical_tree_to_original_path","","False","PENDING_USER_REVIEW"
"crates/novovm-node/src/native_nonce_migration.rs","100644","9c88bcb330b8a14cbac3caecf2af147bfe034c4d","pure_relocation","","legacy/supervm-20261002/crates/novovm-node/src/native_nonce_migration.rs","9c88bcb330b8a14cbac3caecf2af147bfe034c4d","","9c88bcb330b8a14cbac3caecf2af147bfe034c4d","legacy/supervm-20261002/crates/novovm-node/src/native_nonce_migration.rs","7382B72B8E5C88DA3D78D7FB83CC5BF1A39CDCE0B2BB9085BFA2E52B95590A12","crates/novovm-node/src/native_nonce_migration.rs","before Git object; local drafts preserved separately, no overwrite","restore_identical_tree_to_original_path","","False","PENDING_USER_REVIEW"
"crates/novovm-node/src/native_nonce_source_qc_fixture.rs","100644","546c75dd6c7723a5ae9bcd2a3210b7c77a1bb6c6","pure_relocation","","legacy/supervm-20261002/crates/novovm-node/src/native_nonce_source_qc_fixture.rs","546c75dd6c7723a5ae9bcd2a3210b7c77a1bb6c6","","546c75dd6c7723a5ae9bcd2a3210b7c77a1bb6c6","legacy/supervm-20261002/crates/novovm-node/src/native_nonce_source_qc_fixture.rs","FCF3E1CB395F2679134390B8842CCEAFA4E861C0E645D507FD0D8EB30A7C9034","crates/novovm-node/src/native_nonce_source_qc_fixture.rs","before Git object; local drafts preserved separately, no overwrite","restore_identical_tree_to_original_path","","False","PENDING_USER_REVIEW"
"crates/novovm-node/src/native_nonce_source_qc.rs","100644","d43d5827e2180acbf4334887a2003321a225b6c4","pure_relocation","","legacy/supervm-20261002/crates/novovm-node/src/native_nonce_source_qc.rs","d43d5827e2180acbf4334887a2003321a225b6c4","","d43d5827e2180acbf4334887a2003321a225b6c4","legacy/supervm-20261002/crates/novovm-node/src/native_nonce_source_qc.rs","8CCB72B877DE2300DB1222CAB2BBFBF17863461A6010AC617F86236CE1856DBE","crates/novovm-node/src/native_nonce_source_qc.rs","before Git object; local drafts preserved separately, no overwrite","restore_identical_tree_to_original_path","","False","PENDING_USER_REVIEW"
"crates/novovm-node/src/native_nonce_upgrade_authorization.rs","100644","f83cdab42cab0c880c9de6d736949dbcf061fe5e","pure_relocation","","legacy/supervm-20261002/crates/novovm-node/src/native_nonce_upgrade_authorization.rs","f83cdab42cab0c880c9de6d736949dbcf061fe5e","","f83cdab42cab0c880c9de6d736949dbcf061fe5e","legacy/supervm-20261002/crates/novovm-node/src/native_nonce_upgrade_authorization.rs","C0A6BEDF40CE94078E3A76A30592625989C09D75A687620F6323A89F05E0E234","crates/novovm-node/src/native_nonce_upgrade_authorization.rs","before Git object; local drafts preserved separately, no overwrite","restore_identical_tree_to_original_path","","False","PENDING_USER_REVIEW"
"crates/novovm-node/src/native_nonce_upgrade_journal.rs","100644","44c4ad238f5f54a423b27063a097e5a7c812796b","pure_relocation","","legacy/supervm-20261002/crates/novovm-node/src/native_nonce_upgrade_journal.rs","44c4ad238f5f54a423b27063a097e5a7c812796b","","44c4ad238f5f54a423b27063a097e5a7c812796b","legacy/supervm-20261002/crates/novovm-node/src/native_nonce_upgrade_journal.rs","ECF1422DE6618A3F34E611CAB8A736063665CA6ADCFD627E4C2101DBD6A5F2ED","crates/novovm-node/src/native_nonce_upgrade_journal.rs","before Git object; local drafts preserved separately, no overwrite","restore_identical_tree_to_original_path","","False","PENDING_USER_REVIEW"
"crates/novovm-node/src/native_nonce_upgrade_vote_store.rs","100644","c598457b193ee3a89be4d9568fc5cc002ec849c5","pure_relocation","","legacy/supervm-20261002/crates/novovm-node/src/native_nonce_upgrade_vote_store.rs","c598457b193ee3a89be4d9568fc5cc002ec849c5","","c598457b193ee3a89be4d9568fc5cc002ec849c5","legacy/supervm-20261002/crates/novovm-node/src/native_nonce_upgrade_vote_store.rs","A1D7FBA704ECE1AD5FE5E5E8A49B8F825AD6A49198C9A285F963A2B9084FB307","crates/novovm-node/src/native_nonce_upgrade_vote_store.rs","before Git object; local drafts preserved separately, no overwrite","restore_identical_tree_to_original_path","","False","PENDING_USER_REVIEW"
"crates/novovm-node/src/native_nonce_upgrade.rs","100644","8fddff19897c811fe441781add0ef9ed3e66fb49","pure_relocation","","legacy/supervm-20261002/crates/novovm-node/src/native_nonce_upgrade.rs","8fddff19897c811fe441781add0ef9ed3e66fb49","","8fddff19897c811fe441781add0ef9ed3e66fb49","legacy/supervm-20261002/crates/novovm-node/src/native_nonce_upgrade.rs","570EB2026C5CC787ADD59748CBF0CFD7B13E139414CB60168D3D18F7ADC8621A","crates/novovm-node/src/native_nonce_upgrade.rs","before Git object; local drafts preserved separately, no overwrite","restore_identical_tree_to_original_path","","False","PENDING_USER_REVIEW"
"crates/novovm-node/src/native_parent_nonce_tests.rs","100644","015143aa7dc7e8be38fa1faad6721bfab295da78","pure_relocation","","legacy/supervm-20261002/crates/novovm-node/src/native_parent_nonce_tests.rs","015143aa7dc7e8be38fa1faad6721bfab295da78","","015143aa7dc7e8be38fa1faad6721bfab295da78","legacy/supervm-20261002/crates/novovm-node/src/native_parent_nonce_tests.rs","6F3D14CBB86EB1629AEBD7910B5E99A97C744D9E2639CABC0577B76020A6E3C2","crates/novovm-node/src/native_parent_nonce_tests.rs","before Git object; local drafts preserved separately, no overwrite","restore_identical_tree_to_original_path","","False","PENDING_USER_REVIEW"
"crates/novovm-node/src/native_pipeline_test_process.rs","100644","5d4a68f0485114d12c2feee7b184daad122cd9e9","pure_relocation","","legacy/supervm-20261002/crates/novovm-node/src/native_pipeline_test_process.rs","5d4a68f0485114d12c2feee7b184daad122cd9e9","","5d4a68f0485114d12c2feee7b184daad122cd9e9","legacy/supervm-20261002/crates/novovm-node/src/native_pipeline_test_process.rs","EAA94A958AEBCDFAA65B24A44874B354DBDF01CF7453F9981CA06F9EA9C0BD56","crates/novovm-node/src/native_pipeline_test_process.rs","before Git object; local drafts preserved separately, no overwrite","restore_identical_tree_to_original_path","","False","PENDING_USER_REVIEW"
"crates/novovm-node/src/native_proposal_config_tests.rs","100644","b16485b27ed22148c65b4614bf6588e547036921","pure_relocation","","legacy/supervm-20261002/crates/novovm-node/src/native_proposal_config_tests.rs","b16485b27ed22148c65b4614bf6588e547036921","","b16485b27ed22148c65b4614bf6588e547036921","legacy/supervm-20261002/crates/novovm-node/src/native_proposal_config_tests.rs","96BF51E5673B450B134090E18425F5BF4A585B0F744E399936254416ECE2371B","crates/novovm-node/src/native_proposal_config_tests.rs","before Git object; local drafts preserved separately, no overwrite","restore_identical_tree_to_original_path","","False","PENDING_USER_REVIEW"
"crates/novovm-node/src/native_record_candidate_tests.rs","100644","196cd3dfeab55e1030ed881a01e484d13d499eb3","pure_relocation","","legacy/supervm-20261002/crates/novovm-node/src/native_record_candidate_tests.rs","196cd3dfeab55e1030ed881a01e484d13d499eb3","","196cd3dfeab55e1030ed881a01e484d13d499eb3","legacy/supervm-20261002/crates/novovm-node/src/native_record_candidate_tests.rs","63AED152AC74414CB2DF5BF68A87F5E4137549151E17FA21A6DC18841A46088E","crates/novovm-node/src/native_record_candidate_tests.rs","before Git object; local drafts preserved separately, no overwrite","restore_identical_tree_to_original_path","source_has_local_draft","False","PENDING_USER_REVIEW"
"crates/novovm-node/src/native_record_commitment.rs","100644","fa25df298e0fd025b35cafacf70ca51ef1a10b09","pure_relocation","","legacy/supervm-20261002/crates/novovm-node/src/native_record_commitment.rs","fa25df298e0fd025b35cafacf70ca51ef1a10b09","","fa25df298e0fd025b35cafacf70ca51ef1a10b09","legacy/supervm-20261002/crates/novovm-node/src/native_record_commitment.rs","9AEA2F477CA462D4FB92F7485D850E79ECFEAEDE28EC699B3A368CF20CF671EF","crates/novovm-node/src/native_record_commitment.rs","before Git object; local drafts preserved separately, no overwrite","restore_identical_tree_to_original_path","","False","PENDING_USER_REVIEW"
"crates/novovm-node/src/native_root_codecs.rs","100644","2ba55680d7a4376b68fd9bd6c663844327b766ed","pure_relocation","","legacy/supervm-20261002/crates/novovm-node/src/native_root_codecs.rs","2ba55680d7a4376b68fd9bd6c663844327b766ed","","2ba55680d7a4376b68fd9bd6c663844327b766ed","legacy/supervm-20261002/crates/novovm-node/src/native_root_codecs.rs","947B102CBACDCD5031634916F8E42A3A0ED5C8A1793B789FD432DB7149E84809","crates/novovm-node/src/native_root_codecs.rs","before Git object; local drafts preserved separately, no overwrite","restore_identical_tree_to_original_path","","False","PENDING_USER_REVIEW"
"crates/novovm-node/src/native_state_record_compaction_runtime_tests.rs","100644","0a03917d51076e9d69778415151b91ced3ce4286","pure_relocation","","legacy/supervm-20261002/crates/novovm-node/src/native_state_record_compaction_runtime_tests.rs","0a03917d51076e9d69778415151b91ced3ce4286","","0a03917d51076e9d69778415151b91ced3ce4286","legacy/supervm-20261002/crates/novovm-node/src/native_state_record_compaction_runtime_tests.rs","BCDD80939F5CDB357E78E7B0A9559D84E7EA26FE04B6AA76ACA1B2D033238B09","crates/novovm-node/src/native_state_record_compaction_runtime_tests.rs","before Git object; local drafts preserved separately, no overwrite","restore_identical_tree_to_original_path","","False","PENDING_USER_REVIEW"
"crates/novovm-node/src/native_state_record_compaction_tests.rs","100644","6ec8c8d912695a1f525ca60d3d924f164cc8a551","pure_relocation","","legacy/supervm-20261002/crates/novovm-node/src/native_state_record_compaction_tests.rs","6ec8c8d912695a1f525ca60d3d924f164cc8a551","","6ec8c8d912695a1f525ca60d3d924f164cc8a551","legacy/supervm-20261002/crates/novovm-node/src/native_state_record_compaction_tests.rs","AA6FDBD1911FF22E078F423C865A7377377AD90337DF360A43784B1F4FEADF03","crates/novovm-node/src/native_state_record_compaction_tests.rs","before Git object; local drafts preserved separately, no overwrite","restore_identical_tree_to_original_path","","False","PENDING_USER_REVIEW"
"crates/novovm-node/src/native_state_records.rs","100644","229f87fec4022e450a865d2fdb4267400407da31","pure_relocation","","legacy/supervm-20261002/crates/novovm-node/src/native_state_records.rs","229f87fec4022e450a865d2fdb4267400407da31","","229f87fec4022e450a865d2fdb4267400407da31","legacy/supervm-20261002/crates/novovm-node/src/native_state_records.rs","C1F10BDB486AE65054AC17C5DF3B7A9DB5A154545B933778534E70BE60611481","crates/novovm-node/src/native_state_records.rs","before Git object; local drafts preserved separately, no overwrite","restore_identical_tree_to_original_path","","False","PENDING_USER_REVIEW"
"crates/novovm-node/src/native_state_storage.rs","100644","245e02f5d32c43049a6efa4f8b7e98ad46472b8a","pure_relocation","","legacy/supervm-20261002/crates/novovm-node/src/native_state_storage.rs","245e02f5d32c43049a6efa4f8b7e98ad46472b8a","","245e02f5d32c43049a6efa4f8b7e98ad46472b8a","legacy/supervm-20261002/crates/novovm-node/src/native_state_storage.rs","FFDF36AA5DE668E426D4C57FB66B38DDC5D69AEBE0ECEB865BE1AC77D2EB103E","crates/novovm-node/src/native_state_storage.rs","before Git object; local drafts preserved separately, no overwrite","restore_identical_tree_to_original_path","source_has_local_draft","False","PENDING_USER_REVIEW"
"crates/novovm-node/src/native_state_tree.rs","100644","f02c0b0517b0156a09979874cdcfbe14bec9cd89","pure_relocation","","legacy/supervm-20261002/crates/novovm-node/src/native_state_tree.rs","f02c0b0517b0156a09979874cdcfbe14bec9cd89","","f02c0b0517b0156a09979874cdcfbe14bec9cd89","legacy/supervm-20261002/crates/novovm-node/src/native_state_tree.rs","7D4CD49C1BE9369F1D7CD2E8E1B8A67E2BA9AA3840341E5FD1CE757C6E95973C","crates/novovm-node/src/native_state_tree.rs","before Git object; local drafts preserved separately, no overwrite","restore_identical_tree_to_original_path","","False","PENDING_USER_REVIEW"
"crates/novovm-node/src/native_store_records.rs","100644","ee97d8f9d38cdbf00101d64ff006aedf619ec738","pure_relocation","","legacy/supervm-20261002/crates/novovm-node/src/native_store_records.rs","ee97d8f9d38cdbf00101d64ff006aedf619ec738","","ee97d8f9d38cdbf00101d64ff006aedf619ec738","legacy/supervm-20261002/crates/novovm-node/src/native_store_records.rs","152837531FE5F869645252C322CE13282B596DAE5EBD20E280896C8DE3BC7258","crates/novovm-node/src/native_store_records.rs","before Git object; local drafts preserved separately, no overwrite","restore_identical_tree_to_original_path","","False","PENDING_USER_REVIEW"
"crates/novovm-node/src/native_successor_publication_bundle_tests.rs","100644","d1e603438474f184248b4094321aa61753524627","pure_relocation","","legacy/supervm-20261002/crates/novovm-node/src/native_successor_publication_bundle_tests.rs","d1e603438474f184248b4094321aa61753524627","","d1e603438474f184248b4094321aa61753524627","legacy/supervm-20261002/crates/novovm-node/src/native_successor_publication_bundle_tests.rs","3F27386EC3E52B5C4B5B969D45699F48A0A1FE19AFE490EA3CF270D719E59703","crates/novovm-node/src/native_successor_publication_bundle_tests.rs","before Git object; local drafts preserved separately, no overwrite","restore_identical_tree_to_original_path","","False","PENDING_USER_REVIEW"
"crates/novovm-node/src/native_transfer_candidate_tests.rs","100644","1044d3b3fe2a2ee87c47ee4d9a8f4ea515ae4e11","pure_relocation","","legacy/supervm-20261002/crates/novovm-node/src/native_transfer_candidate_tests.rs","1044d3b3fe2a2ee87c47ee4d9a8f4ea515ae4e11","","1044d3b3fe2a2ee87c47ee4d9a8f4ea515ae4e11","legacy/supervm-20261002/crates/novovm-node/src/native_transfer_candidate_tests.rs","92BC9062550D8E2C650D9653E981F624EB86F81DF1B1D9F0FF4D6C6D67611004","crates/novovm-node/src/native_transfer_candidate_tests.rs","before Git object; local drafts preserved separately, no overwrite","restore_identical_tree_to_original_path","","False","PENDING_USER_REVIEW"
"crates/novovm-node/src/native_transfer_delta.rs","100644","b143623177b3047d33c302d4bf5e4b71e8501661","pure_relocation","","legacy/supervm-20261002/crates/novovm-node/src/native_transfer_delta.rs","b143623177b3047d33c302d4bf5e4b71e8501661","","b143623177b3047d33c302d4bf5e4b71e8501661","legacy/supervm-20261002/crates/novovm-node/src/native_transfer_delta.rs","2AFABB206FB6935D475AEC0C62E42EDC366B8C51688257417E62AE2C22A6A1FD","crates/novovm-node/src/native_transfer_delta.rs","before Git object; local drafts preserved separately, no overwrite","restore_identical_tree_to_original_path","","False","PENDING_USER_REVIEW"
"crates/novovm-node/src/native_transfer_dispatch_tests.rs","100644","e68b553b44a1676d42389362d39399e93878efac","pure_relocation","","legacy/supervm-20261002/crates/novovm-node/src/native_transfer_dispatch_tests.rs","e68b553b44a1676d42389362d39399e93878efac","","e68b553b44a1676d42389362d39399e93878efac","legacy/supervm-20261002/crates/novovm-node/src/native_transfer_dispatch_tests.rs","DD4511E5B9D0F0B41AA77389AB0DD82B83974B95DBCF204DCB2DC598F2C79EE6","crates/novovm-node/src/native_transfer_dispatch_tests.rs","before Git object; local drafts preserved separately, no overwrite","restore_identical_tree_to_original_path","","False","PENDING_USER_REVIEW"
"crates/novovm-node/src/native_transfer_dispatch.rs","100644","6eb7544d2d6b87692cca826443b23175e32eb3fd","pure_relocation","","legacy/supervm-20261002/crates/novovm-node/src/native_transfer_dispatch.rs","6eb7544d2d6b87692cca826443b23175e32eb3fd","","6eb7544d2d6b87692cca826443b23175e32eb3fd","legacy/supervm-20261002/crates/novovm-node/src/native_transfer_dispatch.rs","DBE46ACF9F1738027BB11B92E4B4EBF958422E084FAEAFDA6D41A8A259763158","crates/novovm-node/src/native_transfer_dispatch.rs","before Git object; local drafts preserved separately, no overwrite","restore_identical_tree_to_original_path","","False","PENDING_USER_REVIEW"
"crates/novovm-node/src/native_transfer_effects_tests.rs","100644","87ad0cb67909b8c68899b0cb2f455e079f7adfb6","pure_relocation","","legacy/supervm-20261002/crates/novovm-node/src/native_transfer_effects_tests.rs","87ad0cb67909b8c68899b0cb2f455e079f7adfb6","","87ad0cb67909b8c68899b0cb2f455e079f7adfb6","legacy/supervm-20261002/crates/novovm-node/src/native_transfer_effects_tests.rs","A72F02C67AB88FD72771CD259412AC5A998C7E79AC4BA16EBC72F78DB8FF4FAF","crates/novovm-node/src/native_transfer_effects_tests.rs","before Git object; local drafts preserved separately, no overwrite","restore_identical_tree_to_original_path","","False","PENDING_USER_REVIEW"
"crates/novovm-node/src/native_transfer_effects.rs","100644","afbbe009691887fdde124ff75c37d335cad31070","pure_relocation","","legacy/supervm-20261002/crates/novovm-node/src/native_transfer_effects.rs","afbbe009691887fdde124ff75c37d335cad31070","","afbbe009691887fdde124ff75c37d335cad31070","legacy/supervm-20261002/crates/novovm-node/src/native_transfer_effects.rs","B677CF993433F702B905F98E54CF0366141C3E6EBCFE91A766CD8282A09D2AC0","crates/novovm-node/src/native_transfer_effects.rs","before Git object; local drafts preserved separately, no overwrite","restore_identical_tree_to_original_path","","False","PENDING_USER_REVIEW"
"crates/novovm-node/src/native_transfer_executor.rs","100644","06bd1b1e7409a26b557d6dc07436f4259aed248c","pure_relocation","","legacy/supervm-20261002/crates/novovm-node/src/native_transfer_executor.rs","06bd1b1e7409a26b557d6dc07436f4259aed248c","","06bd1b1e7409a26b557d6dc07436f4259aed248c","legacy/supervm-20261002/crates/novovm-node/src/native_transfer_executor.rs","F4D7B1F3AE06A5912E797A1A0DEC5251C3694F9E3FCC518B418E5C208B5B859C","crates/novovm-node/src/native_transfer_executor.rs","before Git object; local drafts preserved separately, no overwrite","restore_identical_tree_to_original_path","","False","PENDING_USER_REVIEW"
"crates/novovm-node/src/native_transfer_process_parity_tests.rs","100644","f0abdee19da6465a1bde32817a0c1dc6410dae53","pure_relocation","","legacy/supervm-20261002/crates/novovm-node/src/native_transfer_process_parity_tests.rs","f0abdee19da6465a1bde32817a0c1dc6410dae53","","f0abdee19da6465a1bde32817a0c1dc6410dae53","legacy/supervm-20261002/crates/novovm-node/src/native_transfer_process_parity_tests.rs","B68669688ACAA7A08C64BE25D1170E33F1DE01414CC80FC96CA521A585CCF050","crates/novovm-node/src/native_transfer_process_parity_tests.rs","before Git object; local drafts preserved separately, no overwrite","restore_identical_tree_to_original_path","","False","PENDING_USER_REVIEW"
"crates/novovm-node/src/native_transfer_record_effects_tests.rs","100644","2b2d6d747b2a24afdf6dcdbe23943d575d90a60a","pure_relocation","","legacy/supervm-20261002/crates/novovm-node/src/native_transfer_record_effects_tests.rs","2b2d6d747b2a24afdf6dcdbe23943d575d90a60a","","2b2d6d747b2a24afdf6dcdbe23943d575d90a60a","legacy/supervm-20261002/crates/novovm-node/src/native_transfer_record_effects_tests.rs","DC01A184EE758E01D89347CDCB16C6173392456A0319EA4A1646E864C4677E44","crates/novovm-node/src/native_transfer_record_effects_tests.rs","before Git object; local drafts preserved separately, no overwrite","restore_identical_tree_to_original_path","","False","PENDING_USER_REVIEW"
"crates/novovm-node/src/native_transfer_record_effects.rs","100644","4734009136da61a8891f45302e492b34404a3978","pure_relocation","","legacy/supervm-20261002/crates/novovm-node/src/native_transfer_record_effects.rs","4734009136da61a8891f45302e492b34404a3978","","4734009136da61a8891f45302e492b34404a3978","legacy/supervm-20261002/crates/novovm-node/src/native_transfer_record_effects.rs","06C4C30E51D52E586C589EB65E3239F13C2CD490235CE941FF8AEC72CF6DBA6B","crates/novovm-node/src/native_transfer_record_effects.rs","before Git object; local drafts preserved separately, no overwrite","restore_identical_tree_to_original_path","","False","PENDING_USER_REVIEW"
"crates/novovm-node/src/native_transfer_record_execution.rs","100644","c7503a1d6f573e594276be3017eaa79168ae8dcb","pure_relocation","","legacy/supervm-20261002/crates/novovm-node/src/native_transfer_record_execution.rs","c7503a1d6f573e594276be3017eaa79168ae8dcb","","c7503a1d6f573e594276be3017eaa79168ae8dcb","legacy/supervm-20261002/crates/novovm-node/src/native_transfer_record_execution.rs","BDE0B2393A40793FF64696871E21655183E431ECF0C7D0C012DE175B2A98FE66","crates/novovm-node/src/native_transfer_record_execution.rs","before Git object; local drafts preserved separately, no overwrite","restore_identical_tree_to_original_path","","False","PENDING_USER_REVIEW"
"crates/novovm-node/src/native_transfer_state_access.rs","100644","7018fd3a11bfd7f6b319187a42cb2e3ea3e958cf","pure_relocation","","legacy/supervm-20261002/crates/novovm-node/src/native_transfer_state_access.rs","7018fd3a11bfd7f6b319187a42cb2e3ea3e958cf","","7018fd3a11bfd7f6b319187a42cb2e3ea3e958cf","legacy/supervm-20261002/crates/novovm-node/src/native_transfer_state_access.rs","304017BC2AE666487139B779FCA77C0BF6B4D68283DF262B1D47BA8452DA69C5","crates/novovm-node/src/native_transfer_state_access.rs","before Git object; local drafts preserved separately, no overwrite","restore_identical_tree_to_original_path","","False","PENDING_USER_REVIEW"
"crates/novovm-node/src/native_treasury_transition_tests.rs","100644","87d801eb8ad83e1ef6676044383013e947f4372d","pure_relocation","","legacy/supervm-20261002/crates/novovm-node/src/native_treasury_transition_tests.rs","87d801eb8ad83e1ef6676044383013e947f4372d","","87d801eb8ad83e1ef6676044383013e947f4372d","legacy/supervm-20261002/crates/novovm-node/src/native_treasury_transition_tests.rs","D547E934442CC374A80C9D262580FA9016FAE3DB21C419265D84C145B3D19AC2","crates/novovm-node/src/native_treasury_transition_tests.rs","before Git object; local drafts preserved separately, no overwrite","restore_identical_tree_to_original_path","","False","PENDING_USER_REVIEW"
"crates/novovm-node/src/product_delivery_journal.rs","100644","bafd4303508725bdd6087598717a01518e5a4387","pure_relocation","","legacy/supervm-20261002/crates/novovm-node/src/product_delivery_journal.rs","bafd4303508725bdd6087598717a01518e5a4387","","bafd4303508725bdd6087598717a01518e5a4387","legacy/supervm-20261002/crates/novovm-node/src/product_delivery_journal.rs","4B56D6EAA1A3063F3FE2C37501B7A2BC61CBD32CC7DE2A40DEEA4188F763F0E6","crates/novovm-node/src/product_delivery_journal.rs","before Git object; local drafts preserved separately, no overwrite","restore_identical_tree_to_original_path","","False","PENDING_USER_REVIEW"
"crates/novovm-node/src/product_evidence.rs","100644","7d77974b2269d82f68968859b75e8144f785c7d3","pure_relocation","","legacy/supervm-20261002/crates/novovm-node/src/product_evidence.rs","7d77974b2269d82f68968859b75e8144f785c7d3","","7d77974b2269d82f68968859b75e8144f785c7d3","legacy/supervm-20261002/crates/novovm-node/src/product_evidence.rs","79102DE34CC415A1AC0753B13AFE9BE7C0E312E7248343656227662E259063F9","crates/novovm-node/src/product_evidence.rs","before Git object; local drafts preserved separately, no overwrite","restore_identical_tree_to_original_path","","False","PENDING_USER_REVIEW"
"crates/novovm-node/src/product_mainline_overlay_pending_tests.rs","100644","d63c047efe0a46899167b8593f19e26652067710","pure_relocation","","legacy/supervm-20261002/crates/novovm-node/src/product_mainline_overlay_pending_tests.rs","d63c047efe0a46899167b8593f19e26652067710","","d63c047efe0a46899167b8593f19e26652067710","legacy/supervm-20261002/crates/novovm-node/src/product_mainline_overlay_pending_tests.rs","2D5DC04EE00DC3E181FE1027521C2498D22C9A96443A8BDFD09D389C55BD25C8","crates/novovm-node/src/product_mainline_overlay_pending_tests.rs","before Git object; local drafts preserved separately, no overwrite","restore_identical_tree_to_original_path","","False","PENDING_USER_REVIEW"
"crates/novovm-node/src/product_mainline_overlay_receipt_tests.rs","100644","2cdb75c7e55bcb6a7fd9dd26dc1397e23c15ac35","pure_relocation","","legacy/supervm-20261002/crates/novovm-node/src/product_mainline_overlay_receipt_tests.rs","2cdb75c7e55bcb6a7fd9dd26dc1397e23c15ac35","","2cdb75c7e55bcb6a7fd9dd26dc1397e23c15ac35","legacy/supervm-20261002/crates/novovm-node/src/product_mainline_overlay_receipt_tests.rs","DD7CB893C3A3AD55D4FF4DDF3D8A947ED7C1689DC393A2C5CE50A31E9841E284","crates/novovm-node/src/product_mainline_overlay_receipt_tests.rs","before Git object; local drafts preserved separately, no overwrite","restore_identical_tree_to_original_path","","False","PENDING_USER_REVIEW"
"crates/novovm-node/src/product_mainline_overlay.rs","100644","2f213c6585a5601797ce45c630ef29100a097081","pure_relocation","","legacy/supervm-20261002/crates/novovm-node/src/product_mainline_overlay.rs","2f213c6585a5601797ce45c630ef29100a097081","","2f213c6585a5601797ce45c630ef29100a097081","legacy/supervm-20261002/crates/novovm-node/src/product_mainline_overlay.rs","D643EDEB85EFE59B3B1BE15D9890CA8806FF6AF78408E351DAF1EB5352A99268","crates/novovm-node/src/product_mainline_overlay.rs","before Git object; local drafts preserved separately, no overwrite","restore_identical_tree_to_original_path","","False","PENDING_USER_REVIEW"
"crates/novovm-node/src/product_mainline_topology.rs","100644","87ab98093aad75e2098f41113e0ef8850140f4a6","pure_relocation","","legacy/supervm-20261002/crates/novovm-node/src/product_mainline_topology.rs","87ab98093aad75e2098f41113e0ef8850140f4a6","","87ab98093aad75e2098f41113e0ef8850140f4a6","legacy/supervm-20261002/crates/novovm-node/src/product_mainline_topology.rs","B3D9D99957D28646E06446C78B9227702E2519C1B9040C304F0649E1F2B44C53","crates/novovm-node/src/product_mainline_topology.rs","before Git object; local drafts preserved separately, no overwrite","restore_identical_tree_to_original_path","","False","PENDING_USER_REVIEW"
"crates/novovm-node/src/product_nat_runtime.rs","100644","1ba6a7ae3c3914be61085da67328dc0e277be8f0","pure_relocation","","legacy/supervm-20261002/crates/novovm-node/src/product_nat_runtime.rs","1ba6a7ae3c3914be61085da67328dc0e277be8f0","","1ba6a7ae3c3914be61085da67328dc0e277be8f0","legacy/supervm-20261002/crates/novovm-node/src/product_nat_runtime.rs","65E41CF475C1973B3F64C669FCFF5226E1CF515565FF65D242DA227796C437EC","crates/novovm-node/src/product_nat_runtime.rs","before Git object; local drafts preserved separately, no overwrite","restore_identical_tree_to_original_path","","False","PENDING_USER_REVIEW"
"crates/novovm-node/src/product_node_overlay.rs","100644","f5dd63691de842bf86db1e4d11cd8aa14c165de9","pure_relocation","","legacy/supervm-20261002/crates/novovm-node/src/product_node_overlay.rs","f5dd63691de842bf86db1e4d11cd8aa14c165de9","","f5dd63691de842bf86db1e4d11cd8aa14c165de9","legacy/supervm-20261002/crates/novovm-node/src/product_node_overlay.rs","241FA5D809A5BD37A75EA9C666694BC274E469999785F202AF2EF86FAC93F7BB","crates/novovm-node/src/product_node_overlay.rs","before Git object; local drafts preserved separately, no overwrite","restore_identical_tree_to_original_path","","False","PENDING_USER_REVIEW"
"crates/novovm-node/src/product_peer_runtime.rs","100644","36d39a0cbc5c04deae3f334fe1754b7148bb5a44","pure_relocation","","legacy/supervm-20261002/crates/novovm-node/src/product_peer_runtime.rs","36d39a0cbc5c04deae3f334fe1754b7148bb5a44","","36d39a0cbc5c04deae3f334fe1754b7148bb5a44","legacy/supervm-20261002/crates/novovm-node/src/product_peer_runtime.rs","EA8DDE55A3D7E9988F61BA2F0B281D6F8CB31A3AB04624DE413C795CCEDA965A","crates/novovm-node/src/product_peer_runtime.rs","before Git object; local drafts preserved separately, no overwrite","restore_identical_tree_to_original_path","","False","PENDING_USER_REVIEW"
"crates/novovm-node/src/product_relay_client_failure_tests.rs","100644","fe3140c037e72b8cdac7b9cfbcd6508af86380bf","pure_relocation","","legacy/supervm-20261002/crates/novovm-node/src/product_relay_client_failure_tests.rs","fe3140c037e72b8cdac7b9cfbcd6508af86380bf","","fe3140c037e72b8cdac7b9cfbcd6508af86380bf","legacy/supervm-20261002/crates/novovm-node/src/product_relay_client_failure_tests.rs","E4CE24A0C64EFEB631FC8EB1C17A0779BF6361638F5CDDE12767F39046561E68","crates/novovm-node/src/product_relay_client_failure_tests.rs","before Git object; local drafts preserved separately, no overwrite","restore_identical_tree_to_original_path","","False","PENDING_USER_REVIEW"
"crates/novovm-node/src/product_relay_client.rs","100644","573686e49986952199c778dc37498b01fb19aa20","pure_relocation","","legacy/supervm-20261002/crates/novovm-node/src/product_relay_client.rs","573686e49986952199c778dc37498b01fb19aa20","","573686e49986952199c778dc37498b01fb19aa20","legacy/supervm-20261002/crates/novovm-node/src/product_relay_client.rs","FDAEC536EA49CEAE4DD79C95924E58D0A0A3834BB9FBCEE327EF8185F6B7FE46","crates/novovm-node/src/product_relay_client.rs","before Git object; local drafts preserved separately, no overwrite","restore_identical_tree_to_original_path","","False","PENDING_USER_REVIEW"
"crates/novovm-node/src/product_relay_daemon_io_tests.rs","100644","b8bcdf525cb39a704b3a82d78aa44f1e63ca4e03","pure_relocation","","legacy/supervm-20261002/crates/novovm-node/src/product_relay_daemon_io_tests.rs","b8bcdf525cb39a704b3a82d78aa44f1e63ca4e03","","b8bcdf525cb39a704b3a82d78aa44f1e63ca4e03","legacy/supervm-20261002/crates/novovm-node/src/product_relay_daemon_io_tests.rs","3B7C977F312F746FC399708409CDF2DD60F736EB121671716D983FEB328331F1","crates/novovm-node/src/product_relay_daemon_io_tests.rs","before Git object; local drafts preserved separately, no overwrite","restore_identical_tree_to_original_path","","False","PENDING_USER_REVIEW"
"crates/novovm-node/src/product_relay_daemon.rs","100644","726f088a874567891a7efca36831560b67c69e51","pure_relocation","","legacy/supervm-20261002/crates/novovm-node/src/product_relay_daemon.rs","726f088a874567891a7efca36831560b67c69e51","","726f088a874567891a7efca36831560b67c69e51","legacy/supervm-20261002/crates/novovm-node/src/product_relay_daemon.rs","E620629C3B5FDEF1542EF654A8211152E9DEAAF0D9DE0BFAADB12D66BE9F8261","crates/novovm-node/src/product_relay_daemon.rs","before Git object; local drafts preserved separately, no overwrite","restore_identical_tree_to_original_path","","False","PENDING_USER_REVIEW"
"crates/novovm-node/src/product_relay_io.rs","100644","08afdee7bc5cb9ee94a3b76626f04049090dc871","pure_relocation","","legacy/supervm-20261002/crates/novovm-node/src/product_relay_io.rs","08afdee7bc5cb9ee94a3b76626f04049090dc871","","08afdee7bc5cb9ee94a3b76626f04049090dc871","legacy/supervm-20261002/crates/novovm-node/src/product_relay_io.rs","93EB82BCFC0831E0B8BE113C9D32E2D0B0191797FF70A9249198F8D64D5112CD","crates/novovm-node/src/product_relay_io.rs","before Git object; local drafts preserved separately, no overwrite","restore_identical_tree_to_original_path","","False","PENDING_USER_REVIEW"
"crates/novovm-node/src/treasury_settlement.rs","100644","1c1fa8cc8bb12385479d427d3a348c6a9b6fa4b1","pure_relocation","","legacy/supervm-20261002/crates/novovm-node/src/treasury_settlement.rs","1c1fa8cc8bb12385479d427d3a348c6a9b6fa4b1","","1c1fa8cc8bb12385479d427d3a348c6a9b6fa4b1","legacy/supervm-20261002/crates/novovm-node/src/treasury_settlement.rs","20B24234EA7D59E102394228C1C9EED18ADCA3E9E6525EB3C7F6AB653DD9B846","crates/novovm-node/src/treasury_settlement.rs","before Git object; local drafts preserved separately, no overwrite","restore_identical_tree_to_original_path","","False","PENDING_USER_REVIEW"
"crates/novovm-node/src/tx_ingress.rs","100644","7254f854277d8efc586774b0871b80907bd527d2","pure_relocation","","legacy/supervm-20261002/crates/novovm-node/src/tx_ingress.rs","7254f854277d8efc586774b0871b80907bd527d2","","7254f854277d8efc586774b0871b80907bd527d2","legacy/supervm-20261002/crates/novovm-node/src/tx_ingress.rs","E4B96F786B3734C8C43F3D558609291B9F52564C82E68F4FB1827F161327922B","crates/novovm-node/src/tx_ingress.rs","before Git object; local drafts preserved separately, no overwrite","restore_identical_tree_to_original_path","source_has_local_draft","False","PENDING_USER_REVIEW"
"crates/novovm-node/src/unified_account_surface.rs","100644","1bac39fd97dce3bd7296e06c65faccb229667cc4","pure_relocation","","legacy/supervm-20261002/crates/novovm-node/src/unified_account_surface.rs","1bac39fd97dce3bd7296e06c65faccb229667cc4","","1bac39fd97dce3bd7296e06c65faccb229667cc4","legacy/supervm-20261002/crates/novovm-node/src/unified_account_surface.rs","0241D49680ADE2CD61A14A4292F8FC80469B95578C66BA2908C3C70181C51F36","crates/novovm-node/src/unified_account_surface.rs","before Git object; local drafts preserved separately, no overwrite","restore_identical_tree_to_original_path","","False","PENDING_USER_REVIEW"
"crates/novovm-node/tests/fixtures/geth-parity-external/ethapi-blob-tx-success.sample.json","100644","28b51928f8183b9e91695a800481f88a55beda9d","pure_relocation","","legacy/supervm-20261002/crates/novovm-node/tests/fixtures/geth-parity-external/ethapi-blob-tx-success.sample.json","28b51928f8183b9e91695a800481f88a55beda9d","","28b51928f8183b9e91695a800481f88a55beda9d","legacy/supervm-20261002/crates/novovm-node/tests/fixtures/geth-parity-external/ethapi-blob-tx-success.sample.json","2A55D688B4F3CFF8444E4D9C43FFD56C73049FA02D479B1563F1BB06FA69FF2F","crates/novovm-node/tests/fixtures/geth-parity-external/ethapi-blob-tx-success.sample.json","before Git object; local drafts preserved separately, no overwrite","restore_identical_tree_to_original_path","","False","PENDING_USER_REVIEW"
"crates/novovm-node/tests/fixtures/geth-parity-external/ethapi-blockreceipts-blob-tx.sample.json","100644","dab7e5f47c4e2684a21bd55974d64f2528287b91","pure_relocation","","legacy/supervm-20261002/crates/novovm-node/tests/fixtures/geth-parity-external/ethapi-blockreceipts-blob-tx.sample.json","dab7e5f47c4e2684a21bd55974d64f2528287b91","","dab7e5f47c4e2684a21bd55974d64f2528287b91","legacy/supervm-20261002/crates/novovm-node/tests/fixtures/geth-parity-external/ethapi-blockreceipts-blob-tx.sample.json","BAEFA862F384C02C7EFA89AB4E24F3771C87E839ADCB08A0723C2E0127B38B95","crates/novovm-node/tests/fixtures/geth-parity-external/ethapi-blockreceipts-blob-tx.sample.json","before Git object; local drafts preserved separately, no overwrite","restore_identical_tree_to_original_path","","False","PENDING_USER_REVIEW"
"crates/novovm-node/tests/fixtures/geth-parity-external/ethapi-blockreceipts-contract-create-tx.sample.json","100644","a145ae73c6e0ab0d8eb7b251e5034400e88edf6f","pure_relocation","","legacy/supervm-20261002/crates/novovm-node/tests/fixtures/geth-parity-external/ethapi-blockreceipts-contract-create-tx.sample.json","a145ae73c6e0ab0d8eb7b251e5034400e88edf6f","","a145ae73c6e0ab0d8eb7b251e5034400e88edf6f","legacy/supervm-20261002/crates/novovm-node/tests/fixtures/geth-parity-external/ethapi-blockreceipts-contract-create-tx.sample.json","0BE92D827A9F4FF24A68F558FC5BF47434721D1CEA63248440986D2E046C77B3","crates/novovm-node/tests/fixtures/geth-parity-external/ethapi-blockreceipts-contract-create-tx.sample.json","before Git object; local drafts preserved separately, no overwrite","restore_identical_tree_to_original_path","","False","PENDING_USER_REVIEW"
"crates/novovm-node/tests/fixtures/geth-parity-external/ethapi-blockreceipts-dynamic-fee-tx.sample.json","100644","47633eb85b6e3b5707d1be837855ab2c98dad58f","pure_relocation","","legacy/supervm-20261002/crates/novovm-node/tests/fixtures/geth-parity-external/ethapi-blockreceipts-dynamic-fee-tx.sample.json","47633eb85b6e3b5707d1be837855ab2c98dad58f","","47633eb85b6e3b5707d1be837855ab2c98dad58f","legacy/supervm-20261002/crates/novovm-node/tests/fixtures/geth-parity-external/ethapi-blockreceipts-dynamic-fee-tx.sample.json","D2B95DB119021B91AE51DD10FB9614C74E2712CB611AA7FF4E36490A09066D52","crates/novovm-node/tests/fixtures/geth-parity-external/ethapi-blockreceipts-dynamic-fee-tx.sample.json","before Git object; local drafts preserved separately, no overwrite","restore_identical_tree_to_original_path","","False","PENDING_USER_REVIEW"
"crates/novovm-node/tests/fixtures/geth-parity-external/ethapi-blockreceipts-legacy-contract-call-tx.sample.json","100644","fd536960733183d47befcb6b64871cd45d3e7d1a","pure_relocation","","legacy/supervm-20261002/crates/novovm-node/tests/fixtures/geth-parity-external/ethapi-blockreceipts-legacy-contract-call-tx.sample.json","fd536960733183d47befcb6b64871cd45d3e7d1a","","fd536960733183d47befcb6b64871cd45d3e7d1a","legacy/supervm-20261002/crates/novovm-node/tests/fixtures/geth-parity-external/ethapi-blockreceipts-legacy-contract-call-tx.sample.json","A4AB8E291BE77EC1497ACBE2A07669F1444B0B4294CB7CCD0CA80D8145B4861A","crates/novovm-node/tests/fixtures/geth-parity-external/ethapi-blockreceipts-legacy-contract-call-tx.sample.json","before Git object; local drafts preserved separately, no overwrite","restore_identical_tree_to_original_path","","False","PENDING_USER_REVIEW"
"crates/novovm-node/tests/fixtures/geth-parity-external/ethapi-blockreceipts-legacy-transfer-tx.sample.json","100644","8115fd16024dfff7d6376797acf7ac4359a27c3a","pure_relocation","","legacy/supervm-20261002/crates/novovm-node/tests/fixtures/geth-parity-external/ethapi-blockreceipts-legacy-transfer-tx.sample.json","8115fd16024dfff7d6376797acf7ac4359a27c3a","","8115fd16024dfff7d6376797acf7ac4359a27c3a","legacy/supervm-20261002/crates/novovm-node/tests/fixtures/geth-parity-external/ethapi-blockreceipts-legacy-transfer-tx.sample.json","201900214DA52324F2B674649A874EE86B296A47A733E51B2FFF21B7D369BDB6","crates/novovm-node/tests/fixtures/geth-parity-external/ethapi-blockreceipts-legacy-transfer-tx.sample.json","before Git object; local drafts preserved separately, no overwrite","restore_identical_tree_to_original_path","","False","PENDING_USER_REVIEW"
"crates/novovm-node/tests/fixtures/geth-parity-external/ethapi-create-contract-tx.sample.json","100644","09520d869932c92c6c8a57cfcaeb71741303a245","pure_relocation","","legacy/supervm-20261002/crates/novovm-node/tests/fixtures/geth-parity-external/ethapi-create-contract-tx.sample.json","09520d869932c92c6c8a57cfcaeb71741303a245","","09520d869932c92c6c8a57cfcaeb71741303a245","legacy/supervm-20261002/crates/novovm-node/tests/fixtures/geth-parity-external/ethapi-create-contract-tx.sample.json","385007E3142D6D3C88CD96F0E979FF72729C5BDEC2914A83FCE1650D7BF92CD3","crates/novovm-node/tests/fixtures/geth-parity-external/ethapi-create-contract-tx.sample.json","before Git object; local drafts preserved separately, no overwrite","restore_identical_tree_to_original_path","","False","PENDING_USER_REVIEW"
"crates/novovm-node/tests/fixtures/geth-parity-external/ethapi-create-contract-with-access-list.sample.json","100644","79abb6be4026bc40206eb6fb52a4783fec28c5b6","pure_relocation","","legacy/supervm-20261002/crates/novovm-node/tests/fixtures/geth-parity-external/ethapi-create-contract-with-access-list.sample.json","79abb6be4026bc40206eb6fb52a4783fec28c5b6","","79abb6be4026bc40206eb6fb52a4783fec28c5b6","legacy/supervm-20261002/crates/novovm-node/tests/fixtures/geth-parity-external/ethapi-create-contract-with-access-list.sample.json","00A4416B39192AC31E32EE88919AEE1B35819719F9204AD6D4444E2F1E3C3B89","crates/novovm-node/tests/fixtures/geth-parity-external/ethapi-create-contract-with-access-list.sample.json","before Git object; local drafts preserved separately, no overwrite","restore_identical_tree_to_original_path","","False","PENDING_USER_REVIEW"
"crates/novovm-node/tests/fixtures/geth-parity-external/ethapi-dynamic-tx-failure.sample.json","100644","ec0d0b0fae0a93ff36f87c24ce3de8173d318be7","pure_relocation","","legacy/supervm-20261002/crates/novovm-node/tests/fixtures/geth-parity-external/ethapi-dynamic-tx-failure.sample.json","ec0d0b0fae0a93ff36f87c24ce3de8173d318be7","","ec0d0b0fae0a93ff36f87c24ce3de8173d318be7","legacy/supervm-20261002/crates/novovm-node/tests/fixtures/geth-parity-external/ethapi-dynamic-tx-failure.sample.json","0F48B6B78E7E6AECE492DAC250BFE9EA5755CD507A4DD4D567C6D88DDDAE8643","crates/novovm-node/tests/fixtures/geth-parity-external/ethapi-dynamic-tx-failure.sample.json","before Git object; local drafts preserved separately, no overwrite","restore_identical_tree_to_original_path","","False","PENDING_USER_REVIEW"
"crates/novovm-node/tests/fixtures/geth-parity-external/ethapi-legacy-with-logs.sample.json","100644","f6ad91641c73dfb7789cf17f4d5791c1902dbff5","pure_relocation","","legacy/supervm-20261002/crates/novovm-node/tests/fixtures/geth-parity-external/ethapi-legacy-with-logs.sample.json","f6ad91641c73dfb7789cf17f4d5791c1902dbff5","","f6ad91641c73dfb7789cf17f4d5791c1902dbff5","legacy/supervm-20261002/crates/novovm-node/tests/fixtures/geth-parity-external/ethapi-legacy-with-logs.sample.json","8EA9165AEA4122878A1EB5F5F07D27A5C50554AF53989DB6CBEDA46DB6D0352A","crates/novovm-node/tests/fixtures/geth-parity-external/ethapi-legacy-with-logs.sample.json","before Git object; local drafts preserved separately, no overwrite","restore_identical_tree_to_original_path","","False","PENDING_USER_REVIEW"
"crates/novovm-node/tests/fixtures/geth-parity-external/ethapi-normal-transfer-tx.sample.json","100644","8a9bf47900f3e70f7252c720a937382d96b7d3f9","pure_relocation","","legacy/supervm-20261002/crates/novovm-node/tests/fixtures/geth-parity-external/ethapi-normal-transfer-tx.sample.json","8a9bf47900f3e70f7252c720a937382d96b7d3f9","","8a9bf47900f3e70f7252c720a937382d96b7d3f9","legacy/supervm-20261002/crates/novovm-node/tests/fixtures/geth-parity-external/ethapi-normal-transfer-tx.sample.json","DD21EC7647F5FA30FBDCC7A7DA40AAE7481D76ECDE3FF08BD7DE21962A52C77A","crates/novovm-node/tests/fixtures/geth-parity-external/ethapi-normal-transfer-tx.sample.json","before Git object; local drafts preserved separately, no overwrite","restore_identical_tree_to_original_path","","False","PENDING_USER_REVIEW"
"crates/novovm-node/tests/fixtures/geth-parity-external/README.md","100644","c2032b068009b3db2063d03f25525c95b90e8f2c","pure_relocation","","legacy/supervm-20261002/crates/novovm-node/tests/fixtures/geth-parity-external/README.md","c2032b068009b3db2063d03f25525c95b90e8f2c","","c2032b068009b3db2063d03f25525c95b90e8f2c","legacy/supervm-20261002/crates/novovm-node/tests/fixtures/geth-parity-external/README.md","E66C1BE82C65E775D93CD8A0CBC031809915FFAFD27D4D0349EF8A62C8824B12","crates/novovm-node/tests/fixtures/geth-parity-external/README.md","before Git object; local drafts preserved separately, no overwrite","restore_identical_tree_to_original_path","","False","PENDING_USER_REVIEW"
"crates/novovm-node/tests/fixtures/geth-parity/adapter-e2e-default.sample.json","100644","a6b6682d0c2b3f0903a323a12cd6419d6cf29267","pure_relocation","","legacy/supervm-20261002/crates/novovm-node/tests/fixtures/geth-parity/adapter-e2e-default.sample.json","a6b6682d0c2b3f0903a323a12cd6419d6cf29267","","a6b6682d0c2b3f0903a323a12cd6419d6cf29267","legacy/supervm-20261002/crates/novovm-node/tests/fixtures/geth-parity/adapter-e2e-default.sample.json","1258FB8F612F4133C745A3BA1FBB4260BB69A8B0CAE0AAC6D276BFFF7C521B8B","crates/novovm-node/tests/fixtures/geth-parity/adapter-e2e-default.sample.json","before Git object; local drafts preserved separately, no overwrite","restore_identical_tree_to_original_path","","False","PENDING_USER_REVIEW"
"crates/novovm-node/tests/fixtures/geth-parity/geth-blob-tx-failure.sample.json","100644","38eda32f7a298e05ff5282858d77cda04d164e41","pure_relocation","","legacy/supervm-20261002/crates/novovm-node/tests/fixtures/geth-parity/geth-blob-tx-failure.sample.json","38eda32f7a298e05ff5282858d77cda04d164e41","","38eda32f7a298e05ff5282858d77cda04d164e41","legacy/supervm-20261002/crates/novovm-node/tests/fixtures/geth-parity/geth-blob-tx-failure.sample.json","48399FEABDC45BD015C686B5AEB338BEA335312B1A973B7491E7169755393487","crates/novovm-node/tests/fixtures/geth-parity/geth-blob-tx-failure.sample.json","before Git object; local drafts preserved separately, no overwrite","restore_identical_tree_to_original_path","","False","PENDING_USER_REVIEW"
"crates/novovm-node/tests/fixtures/geth-parity/geth-blob-tx-success.sample.json","100644","6f93562dadf3f6bb43433ad61136ae04bf234799","pure_relocation","","legacy/supervm-20261002/crates/novovm-node/tests/fixtures/geth-parity/geth-blob-tx-success.sample.json","6f93562dadf3f6bb43433ad61136ae04bf234799","","6f93562dadf3f6bb43433ad61136ae04bf234799","legacy/supervm-20261002/crates/novovm-node/tests/fixtures/geth-parity/geth-blob-tx-success.sample.json","2E35F890169969E35A4E97DFFC0AC7F35FCD9C00A2B48C347B38AD2A7C58929D","crates/novovm-node/tests/fixtures/geth-parity/geth-blob-tx-success.sample.json","before Git object; local drafts preserved separately, no overwrite","restore_identical_tree_to_original_path","","False","PENDING_USER_REVIEW"
"crates/novovm-node/tests/fixtures/geth-parity/geth-create-contract-with-access-list.sample.json","100644","2f3c9d306acf8360e78622cd1f1c1eaf30ef7880","pure_relocation","","legacy/supervm-20261002/crates/novovm-node/tests/fixtures/geth-parity/geth-create-contract-with-access-list.sample.json","2f3c9d306acf8360e78622cd1f1c1eaf30ef7880","","2f3c9d306acf8360e78622cd1f1c1eaf30ef7880","legacy/supervm-20261002/crates/novovm-node/tests/fixtures/geth-parity/geth-create-contract-with-access-list.sample.json","74CC60BEAD9D2C1F2D5744D7C801B133E7915FB9CF6B69B801F86B97A3F289F4","crates/novovm-node/tests/fixtures/geth-parity/geth-create-contract-with-access-list.sample.json","before Git object; local drafts preserved separately, no overwrite","restore_identical_tree_to_original_path","","False","PENDING_USER_REVIEW"
"crates/novovm-node/tests/fixtures/geth-parity/geth-deploy-fail-revert.sample.json","100644","99f74e22c9471c45faffb466e5bbfa9016bd8a70","pure_relocation","","legacy/supervm-20261002/crates/novovm-node/tests/fixtures/geth-parity/geth-deploy-fail-revert.sample.json","99f74e22c9471c45faffb466e5bbfa9016bd8a70","","99f74e22c9471c45faffb466e5bbfa9016bd8a70","legacy/supervm-20261002/crates/novovm-node/tests/fixtures/geth-parity/geth-deploy-fail-revert.sample.json","35DBA33A863B641C922E33638A13A9857820297A40D35211BEC8F55D2C93E68D","crates/novovm-node/tests/fixtures/geth-parity/geth-deploy-fail-revert.sample.json","before Git object; local drafts preserved separately, no overwrite","restore_identical_tree_to_original_path","","False","PENDING_USER_REVIEW"
"crates/novovm-node/tests/fixtures/geth-parity/geth-deploy-success-with-logs.sample.json","100644","a80525b9dcbf253d3bcbda8adb45e73b9d3922d9","pure_relocation","","legacy/supervm-20261002/crates/novovm-node/tests/fixtures/geth-parity/geth-deploy-success-with-logs.sample.json","a80525b9dcbf253d3bcbda8adb45e73b9d3922d9","","a80525b9dcbf253d3bcbda8adb45e73b9d3922d9","legacy/supervm-20261002/crates/novovm-node/tests/fixtures/geth-parity/geth-deploy-success-with-logs.sample.json","B35C0AEE924E969C96FA57DD6302824529D08BF09032C694764476002C16CE89","crates/novovm-node/tests/fixtures/geth-parity/geth-deploy-success-with-logs.sample.json","before Git object; local drafts preserved separately, no overwrite","restore_identical_tree_to_original_path","","False","PENDING_USER_REVIEW"
"crates/novovm-node/tests/fixtures/geth-parity/geth-dynamic-tx-failure.sample.json","100644","1aaaa46cb9d67017eee60daf0008ae107555dc83","pure_relocation","","legacy/supervm-20261002/crates/novovm-node/tests/fixtures/geth-parity/geth-dynamic-tx-failure.sample.json","1aaaa46cb9d67017eee60daf0008ae107555dc83","","1aaaa46cb9d67017eee60daf0008ae107555dc83","legacy/supervm-20261002/crates/novovm-node/tests/fixtures/geth-parity/geth-dynamic-tx-failure.sample.json","1737B26E4643FC04611A9E317300266E317658BB108E3AB7FF172C01EE13C650","crates/novovm-node/tests/fixtures/geth-parity/geth-dynamic-tx-failure.sample.json","before Git object; local drafts preserved separately, no overwrite","restore_identical_tree_to_original_path","","False","PENDING_USER_REVIEW"
"crates/novovm-node/tests/fixtures/geth-parity/geth-legacy-with-logs.sample.json","100644","d2ab3433755ba2da475c4f5e828d897908522dea","pure_relocation","","legacy/supervm-20261002/crates/novovm-node/tests/fixtures/geth-parity/geth-legacy-with-logs.sample.json","d2ab3433755ba2da475c4f5e828d897908522dea","","d2ab3433755ba2da475c4f5e828d897908522dea","legacy/supervm-20261002/crates/novovm-node/tests/fixtures/geth-parity/geth-legacy-with-logs.sample.json","E477C4DC05260DEA2023A878E43297BF543F43F4B5406934452729292E887428","crates/novovm-node/tests/fixtures/geth-parity/geth-legacy-with-logs.sample.json","before Git object; local drafts preserved separately, no overwrite","restore_identical_tree_to_original_path","","False","PENDING_USER_REVIEW"
"crates/novovm-node/tests/fixtures/geth-parity/geth-reorg-dual-tx.sample.json","100644","fa04912edb2408c041f33d724d3887f2750ced61","pure_relocation","","legacy/supervm-20261002/crates/novovm-node/tests/fixtures/geth-parity/geth-reorg-dual-tx.sample.json","fa04912edb2408c041f33d724d3887f2750ced61","","fa04912edb2408c041f33d724d3887f2750ced61","legacy/supervm-20261002/crates/novovm-node/tests/fixtures/geth-parity/geth-reorg-dual-tx.sample.json","5226134D076883824970295194BAF2B90D65702EA9BFE250180CFDC1418821DE","crates/novovm-node/tests/fixtures/geth-parity/geth-reorg-dual-tx.sample.json","before Git object; local drafts preserved separately, no overwrite","restore_identical_tree_to_original_path","","False","PENDING_USER_REVIEW"
"crates/novovm-node/tests/fixtures/geth-parity/geth-type2-intrinsic-gas-low.sample.json","100644","7d40a122292cf162372f6358e216bad204bc10ba","pure_relocation","","legacy/supervm-20261002/crates/novovm-node/tests/fixtures/geth-parity/geth-type2-intrinsic-gas-low.sample.json","7d40a122292cf162372f6358e216bad204bc10ba","","7d40a122292cf162372f6358e216bad204bc10ba","legacy/supervm-20261002/crates/novovm-node/tests/fixtures/geth-parity/geth-type2-intrinsic-gas-low.sample.json","8FA1B96C958CC9BFEF056A7773E0DEE26272979DA0F842B57F25DE8DC8DFCC5E","crates/novovm-node/tests/fixtures/geth-parity/geth-type2-intrinsic-gas-low.sample.json","before Git object; local drafts preserved separately, no overwrite","restore_identical_tree_to_original_path","","False","PENDING_USER_REVIEW"
"crates/novovm-node/tests/fixtures/geth-parity/geth-type2-priority-over-max-fee.sample.json","100644","5a2aa2ee1c2b3bb222be7b5ecf13ebb678c4214e","pure_relocation","","legacy/supervm-20261002/crates/novovm-node/tests/fixtures/geth-parity/geth-type2-priority-over-max-fee.sample.json","5a2aa2ee1c2b3bb222be7b5ecf13ebb678c4214e","","5a2aa2ee1c2b3bb222be7b5ecf13ebb678c4214e","legacy/supervm-20261002/crates/novovm-node/tests/fixtures/geth-parity/geth-type2-priority-over-max-fee.sample.json","A00ED9B17707BA2ECDF090E36F7B7165E0A42E5242C70E27098D39CA844A339D","crates/novovm-node/tests/fixtures/geth-parity/geth-type2-priority-over-max-fee.sample.json","before Git object; local drafts preserved separately, no overwrite","restore_identical_tree_to_original_path","","False","PENDING_USER_REVIEW"
"crates/novovm-node/tests/fixtures/geth-parity/README.md","100644","43d731172bd36c99c0dc7f6e696fdbfc9ace7a4f","pure_relocation","","legacy/supervm-20261002/crates/novovm-node/tests/fixtures/geth-parity/README.md","43d731172bd36c99c0dc7f6e696fdbfc9ace7a4f","","43d731172bd36c99c0dc7f6e696fdbfc9ace7a4f","legacy/supervm-20261002/crates/novovm-node/tests/fixtures/geth-parity/README.md","F1FCC20C5A033B3A66DB2A432C3AB7D79D28DAB218C4F91EED577B75214E1F97","crates/novovm-node/tests/fixtures/geth-parity/README.md","before Git object; local drafts preserved separately, no overwrite","restore_identical_tree_to_original_path","","False","PENDING_USER_REVIEW"
"crates/novovm-node/tests/fixtures/geth-replay-diff/eth_getBlockByHash-hash-latest-1-fullTx.json","100644","4dee0a5ee134683abcfd6b9f87826caa1d0e412e","pure_relocation","","legacy/supervm-20261002/crates/novovm-node/tests/fixtures/geth-replay-diff/eth_getBlockByHash-hash-latest-1-fullTx.json","4dee0a5ee134683abcfd6b9f87826caa1d0e412e","","4dee0a5ee134683abcfd6b9f87826caa1d0e412e","legacy/supervm-20261002/crates/novovm-node/tests/fixtures/geth-replay-diff/eth_getBlockByHash-hash-latest-1-fullTx.json","A2ADE92254916F396AAA5A723E57408EAAD9288D1EE0A4611631E58C64FA991A","crates/novovm-node/tests/fixtures/geth-replay-diff/eth_getBlockByHash-hash-latest-1-fullTx.json","before Git object; local drafts preserved separately, no overwrite","restore_identical_tree_to_original_path","","False","PENDING_USER_REVIEW"
"crates/novovm-node/tests/fixtures/geth-replay-diff/eth_getTransactionReceipt-normal-transfer-tx.json","100644","d6181bd9d028e1b8b7b5464e3a7300c8ef036890","pure_relocation","","legacy/supervm-20261002/crates/novovm-node/tests/fixtures/geth-replay-diff/eth_getTransactionReceipt-normal-transfer-tx.json","d6181bd9d028e1b8b7b5464e3a7300c8ef036890","","d6181bd9d028e1b8b7b5464e3a7300c8ef036890","legacy/supervm-20261002/crates/novovm-node/tests/fixtures/geth-replay-diff/eth_getTransactionReceipt-normal-transfer-tx.json","3D9A7D2B2D24E84B3A0A705119717698CC4042208E8441FD9331CD441DA3F47E","crates/novovm-node/tests/fixtures/geth-replay-diff/eth_getTransactionReceipt-normal-transfer-tx.json","before Git object; local drafts preserved separately, no overwrite","restore_identical_tree_to_original_path","","False","PENDING_USER_REVIEW"
"crates/novovm-node/tests/fixtures/geth-replay-diff/README.md","100644","7f7bc24c8b310e6f0b57b5d078133adb9ef0ccb5","pure_relocation","","legacy/supervm-20261002/crates/novovm-node/tests/fixtures/geth-replay-diff/README.md","7f7bc24c8b310e6f0b57b5d078133adb9ef0ccb5","","7f7bc24c8b310e6f0b57b5d078133adb9ef0ccb5","legacy/supervm-20261002/crates/novovm-node/tests/fixtures/geth-replay-diff/README.md","632AD2543EEEC420983C6154F62632F8DF36D5F604207B925A7C2BB34DFB260D","crates/novovm-node/tests/fixtures/geth-replay-diff/README.md","before Git object; local drafts preserved separately, no overwrite","restore_identical_tree_to_original_path","","False","PENDING_USER_REVIEW"
"crates/novovm-node/tests/fixtures/mainline-soak/stale-snapshot.json","100644","d06747f8f99c334a3f462ace958caa7dc065bba1","pure_relocation","","legacy/supervm-20261002/crates/novovm-node/tests/fixtures/mainline-soak/stale-snapshot.json","d06747f8f99c334a3f462ace958caa7dc065bba1","","d06747f8f99c334a3f462ace958caa7dc065bba1","legacy/supervm-20261002/crates/novovm-node/tests/fixtures/mainline-soak/stale-snapshot.json","6D0706FA539516AA2F310552BE71197442FB00ECDBC55B459D4C41709E30F12C","crates/novovm-node/tests/fixtures/mainline-soak/stale-snapshot.json","before Git object; local drafts preserved separately, no overwrite","restore_identical_tree_to_original_path","","False","PENDING_USER_REVIEW"
"crates/novovm-node/tests/full_async_transport_endpoint_smoke.rs","100644","347a194941ac13d0d158c3e558c3b74b8c1f76d2","pure_relocation","","legacy/supervm-20261002/crates/novovm-node/tests/full_async_transport_endpoint_smoke.rs","347a194941ac13d0d158c3e558c3b74b8c1f76d2","","347a194941ac13d0d158c3e558c3b74b8c1f76d2","legacy/supervm-20261002/crates/novovm-node/tests/full_async_transport_endpoint_smoke.rs","3FBED59F0297538597B5145CD5E2182F7624237A1DF9BF4ADE1C30FEC6A4AAC7","crates/novovm-node/tests/full_async_transport_endpoint_smoke.rs","before Git object; local drafts preserved separately, no overwrite","restore_identical_tree_to_original_path","","False","PENDING_USER_REVIEW"
"crates/novovm-node/tests/mainline_soak_cli.rs","100644","54923a218ebe7646dd3a986d412615c958be61f7","pure_relocation","","legacy/supervm-20261002/crates/novovm-node/tests/mainline_soak_cli.rs","54923a218ebe7646dd3a986d412615c958be61f7","","54923a218ebe7646dd3a986d412615c958be61f7","legacy/supervm-20261002/crates/novovm-node/tests/mainline_soak_cli.rs","D15DDD7DDE8D2BE76B673A42D6170849AC20901B37FBA889F959558148C4B7F6","crates/novovm-node/tests/mainline_soak_cli.rs","before Git object; local drafts preserved separately, no overwrite","restore_identical_tree_to_original_path","","False","PENDING_USER_REVIEW"
"crates/novovm-node/tests/native_candidate_node_cli.rs","100644","ed1f8167c97a22847b5bc3560f8fbbbfab8e52bf","pure_relocation","","legacy/supervm-20261002/crates/novovm-node/tests/native_candidate_node_cli.rs","ed1f8167c97a22847b5bc3560f8fbbbfab8e52bf","","ed1f8167c97a22847b5bc3560f8fbbbfab8e52bf","legacy/supervm-20261002/crates/novovm-node/tests/native_candidate_node_cli.rs","4C76E6F6999AF0CAB0F23E1781B21443EEC94AF2A1FF88DBC24B879F34E330F5","crates/novovm-node/tests/native_candidate_node_cli.rs","before Git object; local drafts preserved separately, no overwrite","restore_identical_tree_to_original_path","","False","PENDING_USER_REVIEW"
"crates/novovm-node/tests/native_seal_service_cli.rs","100644","73fb306060c34cefea7706a6507e12553c11a856","pure_relocation","","legacy/supervm-20261002/crates/novovm-node/tests/native_seal_service_cli.rs","73fb306060c34cefea7706a6507e12553c11a856","","73fb306060c34cefea7706a6507e12553c11a856","legacy/supervm-20261002/crates/novovm-node/tests/native_seal_service_cli.rs","495ECAFD69C976617AEAE7998662633117B5E0740C2B513613C948E6B00F64D0","crates/novovm-node/tests/native_seal_service_cli.rs","before Git object; local drafts preserved separately, no overwrite","restore_identical_tree_to_original_path","","False","PENDING_USER_REVIEW"
"crates/novovm-node/tests/queue_replay_smoke.rs","100644","af5ed6f8d28efe490b5224738151fedd12d24aea","pure_relocation","","legacy/supervm-20261002/crates/novovm-node/tests/queue_replay_smoke.rs","af5ed6f8d28efe490b5224738151fedd12d24aea","","af5ed6f8d28efe490b5224738151fedd12d24aea","legacy/supervm-20261002/crates/novovm-node/tests/queue_replay_smoke.rs","2601E01B89AA56BFF676878ABDFF275FD0D42E2CF417BE51D9B78B8C1E1A7981","crates/novovm-node/tests/queue_replay_smoke.rs","before Git object; local drafts preserved separately, no overwrite","restore_identical_tree_to_original_path","","False","PENDING_USER_REVIEW"
"crates/novovm-node/tests/support/native_fresh_genesis_cli.rs","100644","90d7c325bfd3cff6b9d3690eee5b0495fd864dd8","pure_relocation","","legacy/supervm-20261002/crates/novovm-node/tests/support/native_fresh_genesis_cli.rs","90d7c325bfd3cff6b9d3690eee5b0495fd864dd8","","90d7c325bfd3cff6b9d3690eee5b0495fd864dd8","legacy/supervm-20261002/crates/novovm-node/tests/support/native_fresh_genesis_cli.rs","DAFAD1F9BF721C665052BECEDC75A021D72E6F796FE564540DD6D0EEBB8D0BAF","crates/novovm-node/tests/support/native_fresh_genesis_cli.rs","before Git object; local drafts preserved separately, no overwrite","restore_identical_tree_to_original_path","","False","PENDING_USER_REVIEW"
"crates/novovm-node/tests/support/native_seal_continuous_process.rs","100644","d20845f6428f448041b1ac3d204504187194d70d","pure_relocation","","legacy/supervm-20261002/crates/novovm-node/tests/support/native_seal_continuous_process.rs","d20845f6428f448041b1ac3d204504187194d70d","","d20845f6428f448041b1ac3d204504187194d70d","legacy/supervm-20261002/crates/novovm-node/tests/support/native_seal_continuous_process.rs","0F3BA640382CF005E97E62F45CA0559332D0F4E3BB8BE0C6545661163DA7B063","crates/novovm-node/tests/support/native_seal_continuous_process.rs","before Git object; local drafts preserved separately, no overwrite","restore_identical_tree_to_original_path","","False","PENDING_USER_REVIEW"
"crates/novovm-node/tests/support/native_seal_failover_evidence.rs","100644","303c7c6612e35a583639ef757b93c20b44e37570","pure_relocation","","legacy/supervm-20261002/crates/novovm-node/tests/support/native_seal_failover_evidence.rs","303c7c6612e35a583639ef757b93c20b44e37570","","303c7c6612e35a583639ef757b93c20b44e37570","legacy/supervm-20261002/crates/novovm-node/tests/support/native_seal_failover_evidence.rs","10DDF45316E6B440923C8B8E6EF3DF2E8F84D0C7BFFFB6F9F8F6B32AB3887004","crates/novovm-node/tests/support/native_seal_failover_evidence.rs","before Git object; local drafts preserved separately, no overwrite","restore_identical_tree_to_original_path","","False","PENDING_USER_REVIEW"
"crates/novovm-node/tests/support/native_seal_failover_process.rs","100644","c6fdae48454f349f2eac5dd3d5d016547f8c75db","pure_relocation","","legacy/supervm-20261002/crates/novovm-node/tests/support/native_seal_failover_process.rs","c6fdae48454f349f2eac5dd3d5d016547f8c75db","","c6fdae48454f349f2eac5dd3d5d016547f8c75db","legacy/supervm-20261002/crates/novovm-node/tests/support/native_seal_failover_process.rs","DD7C4EDB27CCB3421EC4CE15F6137D66FB29F2D599318AFF554284364DC2272C","crates/novovm-node/tests/support/native_seal_failover_process.rs","before Git object; local drafts preserved separately, no overwrite","restore_identical_tree_to_original_path","","False","PENDING_USER_REVIEW"
"crates/novovm-node/tests/support/native_seal_main_process.rs","100644","18e4f96130d1d92dee4c464f47cb7401d1aa1365","pure_relocation","","legacy/supervm-20261002/crates/novovm-node/tests/support/native_seal_main_process.rs","18e4f96130d1d92dee4c464f47cb7401d1aa1365","","18e4f96130d1d92dee4c464f47cb7401d1aa1365","legacy/supervm-20261002/crates/novovm-node/tests/support/native_seal_main_process.rs","2A64B519B3324862550DF0748EE29B36B200BB49444AA3498B90E078966FDBC8","crates/novovm-node/tests/support/native_seal_main_process.rs","before Git object; local drafts preserved separately, no overwrite","restore_identical_tree_to_original_path","source_has_local_draft","False","PENDING_USER_REVIEW"
"crates/novovm-node/tests/support/native_seal_partition_process.rs","100644","1be57bf37fbbef3f9d6d4e2185021be631c8839f","pure_relocation","","legacy/supervm-20261002/crates/novovm-node/tests/support/native_seal_partition_process.rs","1be57bf37fbbef3f9d6d4e2185021be631c8839f","","1be57bf37fbbef3f9d6d4e2185021be631c8839f","legacy/supervm-20261002/crates/novovm-node/tests/support/native_seal_partition_process.rs","C4295D47F360D095EDF1E3AB68BEE5CA5AB2CF039E0EDE04D72D315E8667A877","crates/novovm-node/tests/support/native_seal_partition_process.rs","before Git object; local drafts preserved separately, no overwrite","restore_identical_tree_to_original_path","","False","PENDING_USER_REVIEW"
"crates/novovm-node/tests/support/native_seal_storage_process.rs","100644","d03127277e7ed6b23f415c3a3f3f60197ddad564","pure_relocation","","legacy/supervm-20261002/crates/novovm-node/tests/support/native_seal_storage_process.rs","d03127277e7ed6b23f415c3a3f3f60197ddad564","","d03127277e7ed6b23f415c3a3f3f60197ddad564","legacy/supervm-20261002/crates/novovm-node/tests/support/native_seal_storage_process.rs","873F09AEFC51A2D389E224563B5A41462081E7B311F5EB95627422BAC29B9AF1","crates/novovm-node/tests/support/native_seal_storage_process.rs","before Git object; local drafts preserved separately, no overwrite","restore_identical_tree_to_original_path","","False","PENDING_USER_REVIEW"
"crates/novovm-node/tests/support/native_seal_storage_startup_process.rs","100644","d3ad30e671a67e30c2b1eec255a427f5409a933a","pure_relocation","","legacy/supervm-20261002/crates/novovm-node/tests/support/native_seal_storage_startup_process.rs","d3ad30e671a67e30c2b1eec255a427f5409a933a","","d3ad30e671a67e30c2b1eec255a427f5409a933a","legacy/supervm-20261002/crates/novovm-node/tests/support/native_seal_storage_startup_process.rs","5AAEF810F86DA672344D9F9B26FDA9ECB221F6C2B3BD551A9ECD8A59EAC6AD11","crates/novovm-node/tests/support/native_seal_storage_startup_process.rs","before Git object; local drafts preserved separately, no overwrite","restore_identical_tree_to_original_path","","False","PENDING_USER_REVIEW"
"crates/novovm-node/tests/support/native_seal_successor_process.rs","100644","b16cb3f6c4d38841dacdcfb3d51683afcb1dba0c","pure_relocation","","legacy/supervm-20261002/crates/novovm-node/tests/support/native_seal_successor_process.rs","b16cb3f6c4d38841dacdcfb3d51683afcb1dba0c","","b16cb3f6c4d38841dacdcfb3d51683afcb1dba0c","legacy/supervm-20261002/crates/novovm-node/tests/support/native_seal_successor_process.rs","A279C562A35BA469F8BD8BB03C14C9C9CB9B98F901EF11F2CECF8FC3F751F9D2","crates/novovm-node/tests/support/native_seal_successor_process.rs","before Git object; local drafts preserved separately, no overwrite","restore_identical_tree_to_original_path","","False","PENDING_USER_REVIEW"
"crates/novovm-node/tests/support/native_transfer_mixed_process.rs","100644","41d6abe410b191d641ded88ca5561e35874f5050","pure_relocation","","legacy/supervm-20261002/crates/novovm-node/tests/support/native_transfer_mixed_process.rs","41d6abe410b191d641ded88ca5561e35874f5050","","41d6abe410b191d641ded88ca5561e35874f5050","legacy/supervm-20261002/crates/novovm-node/tests/support/native_transfer_mixed_process.rs","8B5D12B3689BE910A9513EE2BC6B87F3ADBC7FCB564C8440A7CEBEC7C0332E0D","crates/novovm-node/tests/support/native_transfer_mixed_process.rs","before Git object; local drafts preserved separately, no overwrite","restore_identical_tree_to_original_path","","False","PENDING_USER_REVIEW"
"crates/novovm-node/tests/support/native_transfer_throughput_process.rs","100644","aa5391e27ef40fa2bbfa3453b4a6e63d36cd280d","pure_relocation","","legacy/supervm-20261002/crates/novovm-node/tests/support/native_transfer_throughput_process.rs","aa5391e27ef40fa2bbfa3453b4a6e63d36cd280d","","aa5391e27ef40fa2bbfa3453b4a6e63d36cd280d","legacy/supervm-20261002/crates/novovm-node/tests/support/native_transfer_throughput_process.rs","806A309F293F6DE735C36BFEDF0D0099044894426BA407783FCC56D5E0B55F80","crates/novovm-node/tests/support/native_transfer_throughput_process.rs","before Git object; local drafts preserved separately, no overwrite","restore_identical_tree_to_original_path","source_has_local_draft","False","PENDING_USER_REVIEW"
"crates/novovm-protocol/Cargo.toml","100644","31040876722ae250b87714ca432ae2e40af6fadf","pure_relocation","","legacy/supervm-20261002/crates/novovm-protocol/Cargo.toml","31040876722ae250b87714ca432ae2e40af6fadf","","31040876722ae250b87714ca432ae2e40af6fadf","legacy/supervm-20261002/crates/novovm-protocol/Cargo.toml","A155D499B2F4B4725AA9B3C72B071A09CA178A2145CB0E5ACCB52C8FDF5EEFEF","crates/novovm-protocol/Cargo.toml","before Git object; local drafts preserved separately, no overwrite","restore_identical_tree_to_original_path","","False","PENDING_USER_REVIEW"
"crates/novovm-protocol/src/bincode_compat.rs","100644","68b9cb0b8ba98def5055153737d8e801ec8c3749","pure_relocation","","legacy/supervm-20261002/crates/novovm-protocol/src/bincode_compat.rs","68b9cb0b8ba98def5055153737d8e801ec8c3749","","68b9cb0b8ba98def5055153737d8e801ec8c3749","legacy/supervm-20261002/crates/novovm-protocol/src/bincode_compat.rs","7411C0C47010DD3AAFC520D0C25815EBB1D5577D91F2B538359371AE86356E78","crates/novovm-protocol/src/bincode_compat.rs","before Git object; local drafts preserved separately, no overwrite","restore_identical_tree_to_original_path","","False","PENDING_USER_REVIEW"
"crates/novovm-protocol/src/block_binding.rs","100644","63e07a4160edb174a1bc51edd20f5f9700d428cc","pure_relocation","","legacy/supervm-20261002/crates/novovm-protocol/src/block_binding.rs","63e07a4160edb174a1bc51edd20f5f9700d428cc","","63e07a4160edb174a1bc51edd20f5f9700d428cc","legacy/supervm-20261002/crates/novovm-protocol/src/block_binding.rs","7C2BB176FB157FC2D87E2A6F6B55BC2BA8CC88B69539DB45CF615BC84E4A8CCC","crates/novovm-protocol/src/block_binding.rs","before Git object; local drafts preserved separately, no overwrite","restore_identical_tree_to_original_path","","False","PENDING_USER_REVIEW"
"crates/novovm-protocol/src/block_execution_context.rs","100644","0acff031e8ad2348624122250b375aa7ace6eefe","pure_relocation","","legacy/supervm-20261002/crates/novovm-protocol/src/block_execution_context.rs","0acff031e8ad2348624122250b375aa7ace6eefe","","0acff031e8ad2348624122250b375aa7ace6eefe","legacy/supervm-20261002/crates/novovm-protocol/src/block_execution_context.rs","2C0DF6165A73ED729AEB5A7C9634C60C1EF4529210E97F0E67226F56EAA3AABD","crates/novovm-protocol/src/block_execution_context.rs","before Git object; local drafts preserved separately, no overwrite","restore_identical_tree_to_original_path","","False","PENDING_USER_REVIEW"
"crates/novovm-protocol/src/block_wire.rs","100644","f5d052c14fd4c24a9cbae7c3f47872659bd4c96f","pure_relocation","","legacy/supervm-20261002/crates/novovm-protocol/src/block_wire.rs","f5d052c14fd4c24a9cbae7c3f47872659bd4c96f","","f5d052c14fd4c24a9cbae7c3f47872659bd4c96f","legacy/supervm-20261002/crates/novovm-protocol/src/block_wire.rs","82106F7D829AC0686B5B0F147A6384AB591A46488E3B6ACDEEEDFB37348C1CE0","crates/novovm-protocol/src/block_wire.rs","before Git object; local drafts preserved separately, no overwrite","restore_identical_tree_to_original_path","","False","PENDING_USER_REVIEW"
"crates/novovm-protocol/src/evm_block_access_list.rs","100644","014b1e97b5c1b1f679b697a087f67dbb8d6f114f","pure_relocation","","legacy/supervm-20261002/crates/novovm-protocol/src/evm_block_access_list.rs","014b1e97b5c1b1f679b697a087f67dbb8d6f114f","","014b1e97b5c1b1f679b697a087f67dbb8d6f114f","legacy/supervm-20261002/crates/novovm-protocol/src/evm_block_access_list.rs","BFF017A38F4B03500DFBEB1A3CFFC6508768AC253CFFBDE3BC8C83C78DF8CE3E","crates/novovm-protocol/src/evm_block_access_list.rs","before Git object; local drafts preserved separately, no overwrite","restore_identical_tree_to_original_path","","False","PENDING_USER_REVIEW"
"crates/novovm-protocol/src/ids.rs","100644","9f34890b25cf076566ea5fea2ef85aba11000bec","pure_relocation","","legacy/supervm-20261002/crates/novovm-protocol/src/ids.rs","9f34890b25cf076566ea5fea2ef85aba11000bec","","9f34890b25cf076566ea5fea2ef85aba11000bec","legacy/supervm-20261002/crates/novovm-protocol/src/ids.rs","7FD5B6D5B3A8C4D521ECD0E6242752079E6D06E57BA8A31312EA7C8481639058","crates/novovm-protocol/src/ids.rs","before Git object; local drafts preserved separately, no overwrite","restore_identical_tree_to_original_path","","False","PENDING_USER_REVIEW"
"crates/novovm-protocol/src/lib.rs","100644","7e26eea4a33bb5165703e5e5b6a16ca64a849601","pure_relocation","","legacy/supervm-20261002/crates/novovm-protocol/src/lib.rs","7e26eea4a33bb5165703e5e5b6a16ca64a849601","","7e26eea4a33bb5165703e5e5b6a16ca64a849601","legacy/supervm-20261002/crates/novovm-protocol/src/lib.rs","C5A977AB5A57BD8F53A6D2E309DEDABF57A1BBD83F997B2BCBCD829291338B5C","crates/novovm-protocol/src/lib.rs","before Git object; local drafts preserved separately, no overwrite","restore_identical_tree_to_original_path","","False","PENDING_USER_REVIEW"
"crates/novovm-protocol/src/messages.rs","100644","ffae20bb836ae95adfc89abf2523ffe8b961bb81","pure_relocation","","legacy/supervm-20261002/crates/novovm-protocol/src/messages.rs","ffae20bb836ae95adfc89abf2523ffe8b961bb81","","ffae20bb836ae95adfc89abf2523ffe8b961bb81","legacy/supervm-20261002/crates/novovm-protocol/src/messages.rs","221B2C6662E70F0BF79978309E9E81E2A446BEA1B92A8111F3B72D9DCBB8AD25","crates/novovm-protocol/src/messages.rs","before Git object; local drafts preserved separately, no overwrite","restore_identical_tree_to_original_path","","False","PENDING_USER_REVIEW"
"crates/novovm-protocol/src/native_arithmetic.rs","100644","21b1fccefadf043659f1d6ffa555757865708e08","pure_relocation","","legacy/supervm-20261002/crates/novovm-protocol/src/native_arithmetic.rs","21b1fccefadf043659f1d6ffa555757865708e08","","21b1fccefadf043659f1d6ffa555757865708e08","legacy/supervm-20261002/crates/novovm-protocol/src/native_arithmetic.rs","6504C4F826306A2EC936AC7997CC0D42D5E3162D056F9CCB81843EADEBB414AF","crates/novovm-protocol/src/native_arithmetic.rs","before Git object; local drafts preserved separately, no overwrite","restore_identical_tree_to_original_path","","False","PENDING_USER_REVIEW"
"crates/novovm-protocol/src/native_nonce.rs","100644","c2b4a7db91bd274b7892894efd8e53e17631860a","pure_relocation","","legacy/supervm-20261002/crates/novovm-protocol/src/native_nonce.rs","c2b4a7db91bd274b7892894efd8e53e17631860a","","c2b4a7db91bd274b7892894efd8e53e17631860a","legacy/supervm-20261002/crates/novovm-protocol/src/native_nonce.rs","8E45913DCB235EA5BA1707BA29E8BEAF8E063B4D91170BAA0A562AD91447B03B","crates/novovm-protocol/src/native_nonce.rs","before Git object; local drafts preserved separately, no overwrite","restore_identical_tree_to_original_path","","False","PENDING_USER_REVIEW"
"crates/novovm-protocol/src/native_parent_nonce.rs","100644","47a9fda677cef1afa535526c6a52a8ec19368c24","pure_relocation","","legacy/supervm-20261002/crates/novovm-protocol/src/native_parent_nonce.rs","47a9fda677cef1afa535526c6a52a8ec19368c24","","47a9fda677cef1afa535526c6a52a8ec19368c24","legacy/supervm-20261002/crates/novovm-protocol/src/native_parent_nonce.rs","10BA624AB03A67C9C9233381200ED19D3653EBDE7229AA8109F24A1BC217C459","crates/novovm-protocol/src/native_parent_nonce.rs","before Git object; local drafts preserved separately, no overwrite","restore_identical_tree_to_original_path","","False","PENDING_USER_REVIEW"
"crates/novovm-protocol/src/native_treasury.rs","100644","f6b8f5a626a06972f787e878e84c1fd82caf857d","pure_relocation","","legacy/supervm-20261002/crates/novovm-protocol/src/native_treasury.rs","f6b8f5a626a06972f787e878e84c1fd82caf857d","","f6b8f5a626a06972f787e878e84c1fd82caf857d","legacy/supervm-20261002/crates/novovm-protocol/src/native_treasury.rs","C457B074BFE738873720B28058071675E7D4D31A56897D7F8DD8870CA0C285F2","crates/novovm-protocol/src/native_treasury.rs","before Git object; local drafts preserved separately, no overwrite","restore_identical_tree_to_original_path","","False","PENDING_USER_REVIEW"
"crates/novovm-protocol/src/protocol_catalog.rs","100644","6610e324384b8d1898b5779b302b682afb5a3033","pure_relocation","","legacy/supervm-20261002/crates/novovm-protocol/src/protocol_catalog.rs","6610e324384b8d1898b5779b302b682afb5a3033","","6610e324384b8d1898b5779b302b682afb5a3033","legacy/supervm-20261002/crates/novovm-protocol/src/protocol_catalog.rs","91471AB162CCB483D300DC57C6D24018403EF73800F4C85FFEA1F2FB5EAE4CFF","crates/novovm-protocol/src/protocol_catalog.rs","before Git object; local drafts preserved separately, no overwrite","restore_identical_tree_to_original_path","","False","PENDING_USER_REVIEW"
"crates/novovm-protocol/src/tx_wire.rs","100644","213fab39905ca678c5f8e7521d8346523a339049","pure_relocation","","legacy/supervm-20261002/crates/novovm-protocol/src/tx_wire.rs","213fab39905ca678c5f8e7521d8346523a339049","","213fab39905ca678c5f8e7521d8346523a339049","legacy/supervm-20261002/crates/novovm-protocol/src/tx_wire.rs","9D7E56E8BBAB5D0357A9B2C4B70F8518D10582A5EB7065A3607D8D76B4654229","crates/novovm-protocol/src/tx_wire.rs","before Git object; local drafts preserved separately, no overwrite","restore_identical_tree_to_original_path","","False","PENDING_USER_REVIEW"
"crates/novovm-protocol/src/wire.rs","100644","ddebad0ae6a082db5f830d3960a04831b16145ad","pure_relocation","","legacy/supervm-20261002/crates/novovm-protocol/src/wire.rs","ddebad0ae6a082db5f830d3960a04831b16145ad","","ddebad0ae6a082db5f830d3960a04831b16145ad","legacy/supervm-20261002/crates/novovm-protocol/src/wire.rs","FAF9BBE716E3EA37D84F7A4F3C75A38F982C1DC8FF3E78B3D3739DF224F701A9","crates/novovm-protocol/src/wire.rs","before Git object; local drafts preserved separately, no overwrite","restore_identical_tree_to_original_path","","False","PENDING_USER_REVIEW"
"crates/novovm-prover/Cargo.lock","100644","34204aa7a2eaf24495ce0dea9d77c05d2ea2843b","pure_relocation","","legacy/supervm-20261002/crates/novovm-prover/Cargo.lock","34204aa7a2eaf24495ce0dea9d77c05d2ea2843b","","34204aa7a2eaf24495ce0dea9d77c05d2ea2843b","legacy/supervm-20261002/crates/novovm-prover/Cargo.lock","ED304AC0D97AF43E57715AA06AE83BC8D0FD0BA049D4DE9CDA59D0B014E42C41","crates/novovm-prover/Cargo.lock","before Git object; local drafts preserved separately, no overwrite","restore_identical_tree_to_original_path","","False","PENDING_USER_REVIEW"
"crates/novovm-prover/Cargo.toml","100644","737aa155d6120b73878ee4a75780f0b1041db4a3","pure_relocation","","legacy/supervm-20261002/crates/novovm-prover/Cargo.toml","737aa155d6120b73878ee4a75780f0b1041db4a3","","737aa155d6120b73878ee4a75780f0b1041db4a3","legacy/supervm-20261002/crates/novovm-prover/Cargo.toml","B94EFA0445B9DC8AFBD3DBB1B88BA25BEE7F4F5870B1F33E81D9D37EE23F63F6","crates/novovm-prover/Cargo.toml","before Git object; local drafts preserved separately, no overwrite","restore_identical_tree_to_original_path","","False","PENDING_USER_REVIEW"
"crates/novovm-prover/examples/capability_bridge_dump.rs","100644","429a5a983fd46c0608f8945314da8cf31afbf8c2","pure_relocation","","legacy/supervm-20261002/crates/novovm-prover/examples/capability_bridge_dump.rs","429a5a983fd46c0608f8945314da8cf31afbf8c2","","429a5a983fd46c0608f8945314da8cf31afbf8c2","legacy/supervm-20261002/crates/novovm-prover/examples/capability_bridge_dump.rs","FE1DA0C1F49AD8D07FCC73601C6E2BA3227630AF9267F8176007C2E9A9D6861F","crates/novovm-prover/examples/capability_bridge_dump.rs","before Git object; local drafts preserved separately, no overwrite","restore_identical_tree_to_original_path","","False","PENDING_USER_REVIEW"
"crates/novovm-prover/examples/contract_schema_negative_smoke.rs","100644","f02443e0c8d069b166a06636245170467829986e","pure_relocation","","legacy/supervm-20261002/crates/novovm-prover/examples/contract_schema_negative_smoke.rs","f02443e0c8d069b166a06636245170467829986e","","f02443e0c8d069b166a06636245170467829986e","legacy/supervm-20261002/crates/novovm-prover/examples/contract_schema_negative_smoke.rs","F41BE4EB3DD43495E41CEA00BDD5EDC1FF84D52665C588D00D1F3B12C9786AC5","crates/novovm-prover/examples/contract_schema_negative_smoke.rs","before Git object; local drafts preserved separately, no overwrite","restore_identical_tree_to_original_path","","False","PENDING_USER_REVIEW"
"crates/novovm-prover/examples/contract_schema_smoke.rs","100644","d26dd59a81d9cd10b53d78f639dc40cacbbf508f","pure_relocation","","legacy/supervm-20261002/crates/novovm-prover/examples/contract_schema_smoke.rs","d26dd59a81d9cd10b53d78f639dc40cacbbf508f","","d26dd59a81d9cd10b53d78f639dc40cacbbf508f","legacy/supervm-20261002/crates/novovm-prover/examples/contract_schema_smoke.rs","DD6447F6E33C251CCEEA9F967FA05030AD91A5359557EADF417F4D1360FABB75","crates/novovm-prover/examples/contract_schema_smoke.rs","before Git object; local drafts preserved separately, no overwrite","restore_identical_tree_to_original_path","","False","PENDING_USER_REVIEW"
"crates/novovm-prover/src/lib.rs","100644","9917259c3e6ba5dead8cea9ed1a91b2f452862ab","pure_relocation","","legacy/supervm-20261002/crates/novovm-prover/src/lib.rs","9917259c3e6ba5dead8cea9ed1a91b2f452862ab","","9917259c3e6ba5dead8cea9ed1a91b2f452862ab","legacy/supervm-20261002/crates/novovm-prover/src/lib.rs","D43F6C9E9F5338A9A58000A5E335B0EAD217BDD02991636F6CDAF4E7992C6975","crates/novovm-prover/src/lib.rs","before Git object; local drafts preserved separately, no overwrite","restore_identical_tree_to_original_path","","False","PENDING_USER_REVIEW"
"crates/novovm-prover/src/pq_signature_fixtures/mldsa44.json","100644","d858b2ba8f8b98db229f544bf9c112da8986784f","pure_relocation","","legacy/supervm-20261002/crates/novovm-prover/src/pq_signature_fixtures/mldsa44.json","d858b2ba8f8b98db229f544bf9c112da8986784f","","d858b2ba8f8b98db229f544bf9c112da8986784f","legacy/supervm-20261002/crates/novovm-prover/src/pq_signature_fixtures/mldsa44.json","27849F6980000914BCFE00CDC5931BD693A44411A9FB7BF7E44A6B4A16D8349B","crates/novovm-prover/src/pq_signature_fixtures/mldsa44.json","before Git object; local drafts preserved separately, no overwrite","restore_identical_tree_to_original_path","","False","PENDING_USER_REVIEW"
"crates/novovm-prover/src/pq_signature_fixtures/mldsa65.json","100644","6baf45bfe0feabc7bfdf4efd9003504e06dbe481","pure_relocation","","legacy/supervm-20261002/crates/novovm-prover/src/pq_signature_fixtures/mldsa65.json","6baf45bfe0feabc7bfdf4efd9003504e06dbe481","","6baf45bfe0feabc7bfdf4efd9003504e06dbe481","legacy/supervm-20261002/crates/novovm-prover/src/pq_signature_fixtures/mldsa65.json","295FEBE2B3B3D9461B012BF1ABA6A7EC07D751278D705159CB4B9371BD00D3D0","crates/novovm-prover/src/pq_signature_fixtures/mldsa65.json","before Git object; local drafts preserved separately, no overwrite","restore_identical_tree_to_original_path","","False","PENDING_USER_REVIEW"
"crates/novovm-prover/src/pq_signature_fixtures/mldsa87.json","100644","d31051cbb3b07589e595f12a0f91f93c057a868b","pure_relocation","","legacy/supervm-20261002/crates/novovm-prover/src/pq_signature_fixtures/mldsa87.json","d31051cbb3b07589e595f12a0f91f93c057a868b","","d31051cbb3b07589e595f12a0f91f93c057a868b","legacy/supervm-20261002/crates/novovm-prover/src/pq_signature_fixtures/mldsa87.json","DBD6198992571010CA31D3EC22E5C11AF9DDCEEB75129611314C188F4D62EB43","crates/novovm-prover/src/pq_signature_fixtures/mldsa87.json","before Git object; local drafts preserved separately, no overwrite","restore_identical_tree_to_original_path","","False","PENDING_USER_REVIEW"
"crates/novovm-prover/src/pq_signature_fixtures/PROVENANCE.txt","100644","06cd7ae207e8f146c893d9c2b1e68d32ffa6de63","pure_relocation","","legacy/supervm-20261002/crates/novovm-prover/src/pq_signature_fixtures/PROVENANCE.txt","06cd7ae207e8f146c893d9c2b1e68d32ffa6de63","","06cd7ae207e8f146c893d9c2b1e68d32ffa6de63","legacy/supervm-20261002/crates/novovm-prover/src/pq_signature_fixtures/PROVENANCE.txt","723BA340DACBCB3C22F5171D6333936B4F34D299C969783E8D37E89DBC9D6AC3","crates/novovm-prover/src/pq_signature_fixtures/PROVENANCE.txt","before Git object; local drafts preserved separately, no overwrite","restore_identical_tree_to_original_path","","False","PENDING_USER_REVIEW"
"crates/novovm-prover/src/pq_signature_tests.rs","100644","d61312caa001a4895ef6e3185f4ed8b992f78166","pure_relocation","","legacy/supervm-20261002/crates/novovm-prover/src/pq_signature_tests.rs","d61312caa001a4895ef6e3185f4ed8b992f78166","","d61312caa001a4895ef6e3185f4ed8b992f78166","legacy/supervm-20261002/crates/novovm-prover/src/pq_signature_tests.rs","958E96F6D0BAD4DFE4DA3B6137724AF7502B28339F58445EF0FA0842576575F0","crates/novovm-prover/src/pq_signature_tests.rs","before Git object; local drafts preserved separately, no overwrite","restore_identical_tree_to_original_path","","False","PENDING_USER_REVIEW"
"crates/novovm-prover/src/pq_signature.rs","100644","67ba3d9472694ccbcd860f1191c5a89ba1c22ac6","pure_relocation","","legacy/supervm-20261002/crates/novovm-prover/src/pq_signature.rs","67ba3d9472694ccbcd860f1191c5a89ba1c22ac6","","67ba3d9472694ccbcd860f1191c5a89ba1c22ac6","legacy/supervm-20261002/crates/novovm-prover/src/pq_signature.rs","0CDEFF1B50D592D133B56BAA87C10577630F58833F326962A6DD3891830EF861","crates/novovm-prover/src/pq_signature.rs","before Git object; local drafts preserved separately, no overwrite","restore_identical_tree_to_original_path","","False","PENDING_USER_REVIEW"
"crates/novovm-prover/tests/pq_signature_runtime.rs","100644","919468714c0ca8fc48b96c7d4ed475ddd1603861","pure_relocation","","legacy/supervm-20261002/crates/novovm-prover/tests/pq_signature_runtime.rs","919468714c0ca8fc48b96c7d4ed475ddd1603861","","919468714c0ca8fc48b96c7d4ed475ddd1603861","legacy/supervm-20261002/crates/novovm-prover/tests/pq_signature_runtime.rs","F9C4F92FF63C2A4F6E51935641948773A0DDBEFFBFCA91DD30C83C18569F8439","crates/novovm-prover/tests/pq_signature_runtime.rs","before Git object; local drafts preserved separately, no overwrite","restore_identical_tree_to_original_path","","False","PENDING_USER_REVIEW"
"crates/novovm-relay/Cargo.toml","100644","3737d14b639fda2a12bea6ace5e45e96cf078495","pure_relocation","","legacy/supervm-20261002/crates/novovm-relay/Cargo.toml","3737d14b639fda2a12bea6ace5e45e96cf078495","","3737d14b639fda2a12bea6ace5e45e96cf078495","legacy/supervm-20261002/crates/novovm-relay/Cargo.toml","C2E5749F3552446AAE4182C2B747AED8F4C915A613CAE9DDCF66FEBADC2E0897","crates/novovm-relay/Cargo.toml","before Git object; local drafts preserved separately, no overwrite","restore_identical_tree_to_original_path","","False","PENDING_USER_REVIEW"
"crates/novovm-relay/src/main.rs","100644","260350fde6c99eb321464d16036e9b212ed6095a","pure_relocation","","legacy/supervm-20261002/crates/novovm-relay/src/main.rs","260350fde6c99eb321464d16036e9b212ed6095a","","260350fde6c99eb321464d16036e9b212ed6095a","legacy/supervm-20261002/crates/novovm-relay/src/main.rs","ABD3DAC3C8D7F1E2E473B9953348238FBD73D202323FA9041146C351C5C032F5","crates/novovm-relay/src/main.rs","before Git object; local drafts preserved separately, no overwrite","restore_identical_tree_to_original_path","","False","PENDING_USER_REVIEW"
"crates/novovm-rollout-policy/Cargo.toml","100644","3dcc8d7b9ecb7f4e4ad217910b959d5524e20c91","pure_relocation","","legacy/supervm-20261002/crates/novovm-rollout-policy/Cargo.toml","3dcc8d7b9ecb7f4e4ad217910b959d5524e20c91","","3dcc8d7b9ecb7f4e4ad217910b959d5524e20c91","legacy/supervm-20261002/crates/novovm-rollout-policy/Cargo.toml","58EDC58EF9C31EF1ECE9C255242248C74BE12B5125C04E5C29BF9CB85C137C7A","crates/novovm-rollout-policy/Cargo.toml","before Git object; local drafts preserved separately, no overwrite","restore_identical_tree_to_original_path","","False","PENDING_USER_REVIEW"
"crates/novovm-rollout-policy/src/cli/failover.rs","100644","7c336f307e83f52fe26f59174f60ca3979f1ac75","pure_relocation","","legacy/supervm-20261002/crates/novovm-rollout-policy/src/cli/failover.rs","7c336f307e83f52fe26f59174f60ca3979f1ac75","","7c336f307e83f52fe26f59174f60ca3979f1ac75","legacy/supervm-20261002/crates/novovm-rollout-policy/src/cli/failover.rs","C1331EE431AC822CC0E009731C4D61FF439745CF2D3AF3D3B491846D0919B8B1","crates/novovm-rollout-policy/src/cli/failover.rs","before Git object; local drafts preserved separately, no overwrite","restore_identical_tree_to_original_path","","False","PENDING_USER_REVIEW"
"crates/novovm-rollout-policy/src/cli/mod.rs","100644","5be135e054e1aa6b7d200d20fe65c76765627cdc","pure_relocation","","legacy/supervm-20261002/crates/novovm-rollout-policy/src/cli/mod.rs","5be135e054e1aa6b7d200d20fe65c76765627cdc","","5be135e054e1aa6b7d200d20fe65c76765627cdc","legacy/supervm-20261002/crates/novovm-rollout-policy/src/cli/mod.rs","BB41D43D89ADB6552E4E866A23968598F32BC1833F00C71F3BBC1D108D3D4E68","crates/novovm-rollout-policy/src/cli/mod.rs","before Git object; local drafts preserved separately, no overwrite","restore_identical_tree_to_original_path","","False","PENDING_USER_REVIEW"
"crates/novovm-rollout-policy/src/cli/overlay.rs","100644","fc8af407206060949171dbbb41b22bbabd991f53","pure_relocation","","legacy/supervm-20261002/crates/novovm-rollout-policy/src/cli/overlay.rs","fc8af407206060949171dbbb41b22bbabd991f53","","fc8af407206060949171dbbb41b22bbabd991f53","legacy/supervm-20261002/crates/novovm-rollout-policy/src/cli/overlay.rs","7F30C2DD6FE01FA22F3C2C7C462F800C3E94F9E80F746B4DF39B635B6B5CBF29","crates/novovm-rollout-policy/src/cli/overlay.rs","before Git object; local drafts preserved separately, no overwrite","restore_identical_tree_to_original_path","","False","PENDING_USER_REVIEW"
"crates/novovm-rollout-policy/src/cli/risk.rs","100644","e7aaaffd7c3e44d7237dd01b03ee901d305158d2","pure_relocation","","legacy/supervm-20261002/crates/novovm-rollout-policy/src/cli/risk.rs","e7aaaffd7c3e44d7237dd01b03ee901d305158d2","","e7aaaffd7c3e44d7237dd01b03ee901d305158d2","legacy/supervm-20261002/crates/novovm-rollout-policy/src/cli/risk.rs","D8B496EBC460E1A35B3BBB1C92AC920C54B3E87DA65B7B87E458A95A1503505B","crates/novovm-rollout-policy/src/cli/risk.rs","before Git object; local drafts preserved separately, no overwrite","restore_identical_tree_to_original_path","","False","PENDING_USER_REVIEW"
"crates/novovm-rollout-policy/src/cli/rollout.rs","100644","8d36350c62b676415e0da8d04910194dea0a516c","pure_relocation","","legacy/supervm-20261002/crates/novovm-rollout-policy/src/cli/rollout.rs","8d36350c62b676415e0da8d04910194dea0a516c","","8d36350c62b676415e0da8d04910194dea0a516c","legacy/supervm-20261002/crates/novovm-rollout-policy/src/cli/rollout.rs","1212E274CA01869244A5D6655967C49C103F19065A379A8C3275DB1049771818","crates/novovm-rollout-policy/src/cli/rollout.rs","before Git object; local drafts preserved separately, no overwrite","restore_identical_tree_to_original_path","","False","PENDING_USER_REVIEW"
"crates/novovm-rollout-policy/src/commands/failover.rs","100644","b3a415490c8d7a7925b9dd9d277387519a7bba50","pure_relocation","","legacy/supervm-20261002/crates/novovm-rollout-policy/src/commands/failover.rs","b3a415490c8d7a7925b9dd9d277387519a7bba50","","b3a415490c8d7a7925b9dd9d277387519a7bba50","legacy/supervm-20261002/crates/novovm-rollout-policy/src/commands/failover.rs","C1BD176149F3A10A322F79EE5D290C2A19DB7EB79ECB48E0CD72D8DA73033691","crates/novovm-rollout-policy/src/commands/failover.rs","before Git object; local drafts preserved separately, no overwrite","restore_identical_tree_to_original_path","","False","PENDING_USER_REVIEW"
"crates/novovm-rollout-policy/src/commands/legacy.rs","100644","b8d5307c3c3434b79cd3859095cc1ca54fd679dc","pure_relocation","","legacy/supervm-20261002/crates/novovm-rollout-policy/src/commands/legacy.rs","b8d5307c3c3434b79cd3859095cc1ca54fd679dc","","b8d5307c3c3434b79cd3859095cc1ca54fd679dc","legacy/supervm-20261002/crates/novovm-rollout-policy/src/commands/legacy.rs","59A36CB53B936298BAF38700DCA58CDA9DFF2BCDBFEF5AA5E99084FCA0818858","crates/novovm-rollout-policy/src/commands/legacy.rs","before Git object; local drafts preserved separately, no overwrite","restore_identical_tree_to_original_path","","False","PENDING_USER_REVIEW"
"crates/novovm-rollout-policy/src/commands/mod.rs","100644","916bd05ea34dbf439c58c59c8927b92430643cba","pure_relocation","","legacy/supervm-20261002/crates/novovm-rollout-policy/src/commands/mod.rs","916bd05ea34dbf439c58c59c8927b92430643cba","","916bd05ea34dbf439c58c59c8927b92430643cba","legacy/supervm-20261002/crates/novovm-rollout-policy/src/commands/mod.rs","BE9A5EA75DF50FD1E4CAB53BF2CF235E7445D6B0A8E74B188092FFD8C96AF902","crates/novovm-rollout-policy/src/commands/mod.rs","before Git object; local drafts preserved separately, no overwrite","restore_identical_tree_to_original_path","","False","PENDING_USER_REVIEW"
"crates/novovm-rollout-policy/src/commands/overlay.rs","100644","7632d9d4007bd6bb2112d17a5ddbc0d7ca6c2c0b","pure_relocation","","legacy/supervm-20261002/crates/novovm-rollout-policy/src/commands/overlay.rs","7632d9d4007bd6bb2112d17a5ddbc0d7ca6c2c0b","","7632d9d4007bd6bb2112d17a5ddbc0d7ca6c2c0b","legacy/supervm-20261002/crates/novovm-rollout-policy/src/commands/overlay.rs","D5595B15D686111741C3B2B0830456B23E686381E4B099A06407DF34736198D4","crates/novovm-rollout-policy/src/commands/overlay.rs","before Git object; local drafts preserved separately, no overwrite","restore_identical_tree_to_original_path","","False","PENDING_USER_REVIEW"
"crates/novovm-rollout-policy/src/commands/risk.rs","100644","e255bb3bbf4ba779ccccecc13abf9a9553d5bf2d","pure_relocation","","legacy/supervm-20261002/crates/novovm-rollout-policy/src/commands/risk.rs","e255bb3bbf4ba779ccccecc13abf9a9553d5bf2d","","e255bb3bbf4ba779ccccecc13abf9a9553d5bf2d","legacy/supervm-20261002/crates/novovm-rollout-policy/src/commands/risk.rs","B960A5137ADB270D4CAC95D70753CE5D30D51D4CE4A922A3AA9B1BD210EB936A","crates/novovm-rollout-policy/src/commands/risk.rs","before Git object; local drafts preserved separately, no overwrite","restore_identical_tree_to_original_path","","False","PENDING_USER_REVIEW"
"crates/novovm-rollout-policy/src/commands/rollout.rs","100644","01e93ff189dd175fbffaed4795b19c09168f2975","pure_relocation","","legacy/supervm-20261002/crates/novovm-rollout-policy/src/commands/rollout.rs","01e93ff189dd175fbffaed4795b19c09168f2975","","01e93ff189dd175fbffaed4795b19c09168f2975","legacy/supervm-20261002/crates/novovm-rollout-policy/src/commands/rollout.rs","85087DF0A08249CE1BF5EF946A018077386C8176131AF962B0684EB155114DB5","crates/novovm-rollout-policy/src/commands/rollout.rs","before Git object; local drafts preserved separately, no overwrite","restore_identical_tree_to_original_path","","False","PENDING_USER_REVIEW"
"crates/novovm-rollout-policy/src/error.rs","100644","6f6455f9c38454babcd19d7066b3e4cb343e0b52","pure_relocation","","legacy/supervm-20261002/crates/novovm-rollout-policy/src/error.rs","6f6455f9c38454babcd19d7066b3e4cb343e0b52","","6f6455f9c38454babcd19d7066b3e4cb343e0b52","legacy/supervm-20261002/crates/novovm-rollout-policy/src/error.rs","345221C1573F124A05D121B3106BFC00B8F780E1C841EBECE35D3FF63978C491","crates/novovm-rollout-policy/src/error.rs","before Git object; local drafts preserved separately, no overwrite","restore_identical_tree_to_original_path","","False","PENDING_USER_REVIEW"
"crates/novovm-rollout-policy/src/lib.rs","100644","b3a3c3d7cea9a78815bc92d546feb36803670fb0","pure_relocation","","legacy/supervm-20261002/crates/novovm-rollout-policy/src/lib.rs","b3a3c3d7cea9a78815bc92d546feb36803670fb0","","b3a3c3d7cea9a78815bc92d546feb36803670fb0","legacy/supervm-20261002/crates/novovm-rollout-policy/src/lib.rs","869568C77779D3606BFCE695C9548E0D0BBD277816AF4B3EADDAD9E89305F6A2","crates/novovm-rollout-policy/src/lib.rs","before Git object; local drafts preserved separately, no overwrite","restore_identical_tree_to_original_path","","False","PENDING_USER_REVIEW"
"crates/novovm-rollout-policy/src/main.rs","100644","30ab9f9aa5466cb41aff7a377b97699559862f5e","pure_relocation","","legacy/supervm-20261002/crates/novovm-rollout-policy/src/main.rs","30ab9f9aa5466cb41aff7a377b97699559862f5e","","30ab9f9aa5466cb41aff7a377b97699559862f5e","legacy/supervm-20261002/crates/novovm-rollout-policy/src/main.rs","1C06AD58D1120983A3D8D06971B6457E77F32AF1B7F05F214C5026020D52C6BB","crates/novovm-rollout-policy/src/main.rs","before Git object; local drafts preserved separately, no overwrite","restore_identical_tree_to_original_path","","False","PENDING_USER_REVIEW"
"crates/novovm-rollout-policy/src/output.rs","100644","11790c316f40cfcca6a615edd4682b929e06b366","pure_relocation","","legacy/supervm-20261002/crates/novovm-rollout-policy/src/output.rs","11790c316f40cfcca6a615edd4682b929e06b366","","11790c316f40cfcca6a615edd4682b929e06b366","legacy/supervm-20261002/crates/novovm-rollout-policy/src/output.rs","5BF01C6C6FC2B66CC4B46321CBFB41B8A36EAC244BEBD23435A061A5D877DF15","crates/novovm-rollout-policy/src/output.rs","before Git object; local drafts preserved separately, no overwrite","restore_identical_tree_to_original_path","","False","PENDING_USER_REVIEW"
"crates/novovm-rollout-policy/src/policy/failover/mod.rs","100644","1e4e905ecfc982d9dbe8ea5fb55dec6e46916c37","pure_relocation","","legacy/supervm-20261002/crates/novovm-rollout-policy/src/policy/failover/mod.rs","1e4e905ecfc982d9dbe8ea5fb55dec6e46916c37","","1e4e905ecfc982d9dbe8ea5fb55dec6e46916c37","legacy/supervm-20261002/crates/novovm-rollout-policy/src/policy/failover/mod.rs","A99C696DB48F5ED5B402293680E14A87A8C518A69D86ABEBA1120107BB984F03","crates/novovm-rollout-policy/src/policy/failover/mod.rs","before Git object; local drafts preserved separately, no overwrite","restore_identical_tree_to_original_path","","False","PENDING_USER_REVIEW"
"crates/novovm-rollout-policy/src/policy/failover/policy_matrix_build.rs","100644","a497d795479cf21c0e47b43a4bebd31f67dff06c","pure_relocation","","legacy/supervm-20261002/crates/novovm-rollout-policy/src/policy/failover/policy_matrix_build.rs","a497d795479cf21c0e47b43a4bebd31f67dff06c","","a497d795479cf21c0e47b43a4bebd31f67dff06c","legacy/supervm-20261002/crates/novovm-rollout-policy/src/policy/failover/policy_matrix_build.rs","D4B95F3C7ACEED5BED9E0036FF3494453D84EC172CBD55ACC1FF2A39C6300FC6","crates/novovm-rollout-policy/src/policy/failover/policy_matrix_build.rs","before Git object; local drafts preserved separately, no overwrite","restore_identical_tree_to_original_path","","False","PENDING_USER_REVIEW"
"crates/novovm-rollout-policy/src/policy/failover/region_evaluate.rs","100644","3b03f990e65dd605696b1fbacce4c8420d48affd","pure_relocation","","legacy/supervm-20261002/crates/novovm-rollout-policy/src/policy/failover/region_evaluate.rs","3b03f990e65dd605696b1fbacce4c8420d48affd","","3b03f990e65dd605696b1fbacce4c8420d48affd","legacy/supervm-20261002/crates/novovm-rollout-policy/src/policy/failover/region_evaluate.rs","4E92BB8E44647161746C76307E2889FF7A4EB1F2C2FF4227876E4DAA29DD8FD5","crates/novovm-rollout-policy/src/policy/failover/region_evaluate.rs","before Git object; local drafts preserved separately, no overwrite","restore_identical_tree_to_original_path","","False","PENDING_USER_REVIEW"
"crates/novovm-rollout-policy/src/policy/failover/seed_evaluate.rs","100644","1e663aab90a2c518fdd2cf28b16a6711458763f3","pure_relocation","","legacy/supervm-20261002/crates/novovm-rollout-policy/src/policy/failover/seed_evaluate.rs","1e663aab90a2c518fdd2cf28b16a6711458763f3","","1e663aab90a2c518fdd2cf28b16a6711458763f3","legacy/supervm-20261002/crates/novovm-rollout-policy/src/policy/failover/seed_evaluate.rs","3BC1BAEBDD9F79F5816B3B4413088009E7CE94FAFFAF405AB803B33B54AE4C60","crates/novovm-rollout-policy/src/policy/failover/seed_evaluate.rs","before Git object; local drafts preserved separately, no overwrite","restore_identical_tree_to_original_path","","False","PENDING_USER_REVIEW"
"crates/novovm-rollout-policy/src/policy/mod.rs","100644","63ebb6f4b29f45ac8917c9b580d40f9e26bcf780","pure_relocation","","legacy/supervm-20261002/crates/novovm-rollout-policy/src/policy/mod.rs","63ebb6f4b29f45ac8917c9b580d40f9e26bcf780","","63ebb6f4b29f45ac8917c9b580d40f9e26bcf780","legacy/supervm-20261002/crates/novovm-rollout-policy/src/policy/mod.rs","ACB1DCAA1CF99A58C260786C76C79784B842670DDFCC94240F4FC631D740E53A","crates/novovm-rollout-policy/src/policy/mod.rs","before Git object; local drafts preserved separately, no overwrite","restore_identical_tree_to_original_path","","False","PENDING_USER_REVIEW"
"crates/novovm-rollout-policy/src/policy/overlay/auto_profile.rs","100644","1644b6ceb4665d677995c37e07c43c2983f5d2ab","pure_relocation","","legacy/supervm-20261002/crates/novovm-rollout-policy/src/policy/overlay/auto_profile.rs","1644b6ceb4665d677995c37e07c43c2983f5d2ab","","1644b6ceb4665d677995c37e07c43c2983f5d2ab","legacy/supervm-20261002/crates/novovm-rollout-policy/src/policy/overlay/auto_profile.rs","C34451062E0DB8B93C0F190634037CF531DC895E87E71FE03A376F9E8382D4BD","crates/novovm-rollout-policy/src/policy/overlay/auto_profile.rs","before Git object; local drafts preserved separately, no overwrite","restore_identical_tree_to_original_path","","False","PENDING_USER_REVIEW"
"crates/novovm-rollout-policy/src/policy/overlay/mod.rs","100644","2ac93c45fde606f6c4b3a4e3590d53bd67569dad","pure_relocation","","legacy/supervm-20261002/crates/novovm-rollout-policy/src/policy/overlay/mod.rs","2ac93c45fde606f6c4b3a4e3590d53bd67569dad","","2ac93c45fde606f6c4b3a4e3590d53bd67569dad","legacy/supervm-20261002/crates/novovm-rollout-policy/src/policy/overlay/mod.rs","C7F87C0C9982E2BE8B4B84E6E460F635C1C18AFA60B7AD8B3E08439F28DC2C53","crates/novovm-rollout-policy/src/policy/overlay/mod.rs","before Git object; local drafts preserved separately, no overwrite","restore_identical_tree_to_original_path","","False","PENDING_USER_REVIEW"
"crates/novovm-rollout-policy/src/policy/overlay/relay_discovery_merge.rs","100644","85adb7a7ba90693ff6ab58f72f42a5efd4ebffec","pure_relocation","","legacy/supervm-20261002/crates/novovm-rollout-policy/src/policy/overlay/relay_discovery_merge.rs","85adb7a7ba90693ff6ab58f72f42a5efd4ebffec","","85adb7a7ba90693ff6ab58f72f42a5efd4ebffec","legacy/supervm-20261002/crates/novovm-rollout-policy/src/policy/overlay/relay_discovery_merge.rs","747DF5D5EEC241496D7824696DB5311225C3A5398296076C0734E6580AF1A586","crates/novovm-rollout-policy/src/policy/overlay/relay_discovery_merge.rs","before Git object; local drafts preserved separately, no overwrite","restore_identical_tree_to_original_path","","False","PENDING_USER_REVIEW"
"crates/novovm-rollout-policy/src/policy/overlay/relay_health_refresh.rs","100644","285b6416910e67343d3fa96e058438101d8e42ef","pure_relocation","","legacy/supervm-20261002/crates/novovm-rollout-policy/src/policy/overlay/relay_health_refresh.rs","285b6416910e67343d3fa96e058438101d8e42ef","","285b6416910e67343d3fa96e058438101d8e42ef","legacy/supervm-20261002/crates/novovm-rollout-policy/src/policy/overlay/relay_health_refresh.rs","B2854A8D51A237A05770246A6EA8EDBFC292061989AC7F42F3D0E07C31B153C5","crates/novovm-rollout-policy/src/policy/overlay/relay_health_refresh.rs","before Git object; local drafts preserved separately, no overwrite","restore_identical_tree_to_original_path","","False","PENDING_USER_REVIEW"
"crates/novovm-rollout-policy/src/policy/risk/action_eval.rs","100644","f67cabc09a958aa5f94e9a7a8e1dedc1084f8020","pure_relocation","","legacy/supervm-20261002/crates/novovm-rollout-policy/src/policy/risk/action_eval.rs","f67cabc09a958aa5f94e9a7a8e1dedc1084f8020","","f67cabc09a958aa5f94e9a7a8e1dedc1084f8020","legacy/supervm-20261002/crates/novovm-rollout-policy/src/policy/risk/action_eval.rs","CA188934DC8FB4774A631DF8CFB29E6EC8609E7A64EF63193EEC971B68BD2CB5","crates/novovm-rollout-policy/src/policy/risk/action_eval.rs","before Git object; local drafts preserved separately, no overwrite","restore_identical_tree_to_original_path","","False","PENDING_USER_REVIEW"
"crates/novovm-rollout-policy/src/policy/risk/action_matrix_build.rs","100644","36e2cdb07082ec5e14316d4a95b1a9347fd1c5bc","pure_relocation","","legacy/supervm-20261002/crates/novovm-rollout-policy/src/policy/risk/action_matrix_build.rs","36e2cdb07082ec5e14316d4a95b1a9347fd1c5bc","","36e2cdb07082ec5e14316d4a95b1a9347fd1c5bc","legacy/supervm-20261002/crates/novovm-rollout-policy/src/policy/risk/action_matrix_build.rs","4C9B0855BA9C4CBD4273462A6E0ECA00ADE9A1BF25F5CBD10FB2856C98BE54CD","crates/novovm-rollout-policy/src/policy/risk/action_matrix_build.rs","before Git object; local drafts preserved separately, no overwrite","restore_identical_tree_to_original_path","","False","PENDING_USER_REVIEW"
"crates/novovm-rollout-policy/src/policy/risk/blocked_map_build.rs","100644","b6941cdfe9dc8364f9331578d624c62b28b1a49d","pure_relocation","","legacy/supervm-20261002/crates/novovm-rollout-policy/src/policy/risk/blocked_map_build.rs","b6941cdfe9dc8364f9331578d624c62b28b1a49d","","b6941cdfe9dc8364f9331578d624c62b28b1a49d","legacy/supervm-20261002/crates/novovm-rollout-policy/src/policy/risk/blocked_map_build.rs","1B8452D08CB703031EB2379BB440BC50DE87B11F62CA5BD33F956697B4F8A819","crates/novovm-rollout-policy/src/policy/risk/blocked_map_build.rs","before Git object; local drafts preserved separately, no overwrite","restore_identical_tree_to_original_path","","False","PENDING_USER_REVIEW"
"crates/novovm-rollout-policy/src/policy/risk/blocked_select.rs","100644","a01633e67279bbfe75c78b5d6e73f04d491ae033","pure_relocation","","legacy/supervm-20261002/crates/novovm-rollout-policy/src/policy/risk/blocked_select.rs","a01633e67279bbfe75c78b5d6e73f04d491ae033","","a01633e67279bbfe75c78b5d6e73f04d491ae033","legacy/supervm-20261002/crates/novovm-rollout-policy/src/policy/risk/blocked_select.rs","A30DBA0961D2E5A1F8602DC340DA93469D79A4A00E2157FE15A66D4C39049524","crates/novovm-rollout-policy/src/policy/risk/blocked_select.rs","before Git object; local drafts preserved separately, no overwrite","restore_identical_tree_to_original_path","","False","PENDING_USER_REVIEW"
"crates/novovm-rollout-policy/src/policy/risk/circuit_breaker_evaluate.rs","100644","cc3e38b44c5393388289d02380cb3f3c723071d4","pure_relocation","","legacy/supervm-20261002/crates/novovm-rollout-policy/src/policy/risk/circuit_breaker_evaluate.rs","cc3e38b44c5393388289d02380cb3f3c723071d4","","cc3e38b44c5393388289d02380cb3f3c723071d4","legacy/supervm-20261002/crates/novovm-rollout-policy/src/policy/risk/circuit_breaker_evaluate.rs","D285105E4B6F9B9239B366ED1DF80A610A859B6522D852CB1E58433B0D0C1B26","crates/novovm-rollout-policy/src/policy/risk/circuit_breaker_evaluate.rs","before Git object; local drafts preserved separately, no overwrite","restore_identical_tree_to_original_path","","False","PENDING_USER_REVIEW"
"crates/novovm-rollout-policy/src/policy/risk/level_set.rs","100644","d2167ae8fc5b6bcad3d0a5a6b53e935b4de718e0","pure_relocation","","legacy/supervm-20261002/crates/novovm-rollout-policy/src/policy/risk/level_set.rs","d2167ae8fc5b6bcad3d0a5a6b53e935b4de718e0","","d2167ae8fc5b6bcad3d0a5a6b53e935b4de718e0","legacy/supervm-20261002/crates/novovm-rollout-policy/src/policy/risk/level_set.rs","BCBDDC5D59991242F3361C45FF4F696EBD6D4617AC8C03D36671FB0217B2533C","crates/novovm-rollout-policy/src/policy/risk/level_set.rs","before Git object; local drafts preserved separately, no overwrite","restore_identical_tree_to_original_path","","False","PENDING_USER_REVIEW"
"crates/novovm-rollout-policy/src/policy/risk/matrix_select.rs","100644","fbd25018626cd7c6947c91ac949e318497e5859c","pure_relocation","","legacy/supervm-20261002/crates/novovm-rollout-policy/src/policy/risk/matrix_select.rs","fbd25018626cd7c6947c91ac949e318497e5859c","","fbd25018626cd7c6947c91ac949e318497e5859c","legacy/supervm-20261002/crates/novovm-rollout-policy/src/policy/risk/matrix_select.rs","3435B97165003AC821F4A29003B5A374E4DE8D6388A1EF912E0BDC24214F13FD","crates/novovm-rollout-policy/src/policy/risk/matrix_select.rs","before Git object; local drafts preserved separately, no overwrite","restore_identical_tree_to_original_path","","False","PENDING_USER_REVIEW"
"crates/novovm-rollout-policy/src/policy/risk/mod.rs","100644","0551c02061ec31ad427f45aec21822dd3d188ddb","pure_relocation","","legacy/supervm-20261002/crates/novovm-rollout-policy/src/policy/risk/mod.rs","0551c02061ec31ad427f45aec21822dd3d188ddb","","0551c02061ec31ad427f45aec21822dd3d188ddb","legacy/supervm-20261002/crates/novovm-rollout-policy/src/policy/risk/mod.rs","3B9CB93F285DE7565E4D174C64B8F5687F254E5AAF6E0F7BCD032CC0C485209B","crates/novovm-rollout-policy/src/policy/risk/mod.rs","before Git object; local drafts preserved separately, no overwrite","restore_identical_tree_to_original_path","","False","PENDING_USER_REVIEW"
"crates/novovm-rollout-policy/src/policy/risk/policy_profile_select.rs","100644","18b2f99f09d04199b2e701999f524c76c88d2f25","pure_relocation","","legacy/supervm-20261002/crates/novovm-rollout-policy/src/policy/risk/policy_profile_select.rs","18b2f99f09d04199b2e701999f524c76c88d2f25","","18b2f99f09d04199b2e701999f524c76c88d2f25","legacy/supervm-20261002/crates/novovm-rollout-policy/src/policy/risk/policy_profile_select.rs","5B5177C24F7C838778EA4D803C77C4B83548FAEC2FB77E8A89F11E35D5D40F26","crates/novovm-rollout-policy/src/policy/risk/policy_profile_select.rs","before Git object; local drafts preserved separately, no overwrite","restore_identical_tree_to_original_path","","False","PENDING_USER_REVIEW"
"crates/novovm-rollout-policy/src/policy/risk/slo_evaluate.rs","100644","b36f98538c6cc85a402f9b48e8106e0657e7e0fd","pure_relocation","","legacy/supervm-20261002/crates/novovm-rollout-policy/src/policy/risk/slo_evaluate.rs","b36f98538c6cc85a402f9b48e8106e0657e7e0fd","","b36f98538c6cc85a402f9b48e8106e0657e7e0fd","legacy/supervm-20261002/crates/novovm-rollout-policy/src/policy/risk/slo_evaluate.rs","CD0D78E38AFB6FE3DFBE19FD3304908FC8588693CF223B8C951873DE5169CCD3","crates/novovm-rollout-policy/src/policy/risk/slo_evaluate.rs","before Git object; local drafts preserved separately, no overwrite","restore_identical_tree_to_original_path","","False","PENDING_USER_REVIEW"
"crates/novovm-rollout-policy/src/policy/rollout/controller_dispatch_evaluate.rs","100644","5b2779d382d89a3198767ae2309d66d8e8b453a2","pure_relocation","","legacy/supervm-20261002/crates/novovm-rollout-policy/src/policy/rollout/controller_dispatch_evaluate.rs","5b2779d382d89a3198767ae2309d66d8e8b453a2","","5b2779d382d89a3198767ae2309d66d8e8b453a2","legacy/supervm-20261002/crates/novovm-rollout-policy/src/policy/rollout/controller_dispatch_evaluate.rs","918DB70984A086E18669678870B1C4A5B9B953FA9B27D6DCE94CF0FED762D63E","crates/novovm-rollout-policy/src/policy/rollout/controller_dispatch_evaluate.rs","before Git object; local drafts preserved separately, no overwrite","restore_identical_tree_to_original_path","","False","PENDING_USER_REVIEW"
"crates/novovm-rollout-policy/src/policy/rollout/decision_dashboard_consumer.rs","100644","b146ff818d889994657c7903909ce8efff99d8fc","pure_relocation","","legacy/supervm-20261002/crates/novovm-rollout-policy/src/policy/rollout/decision_dashboard_consumer.rs","b146ff818d889994657c7903909ce8efff99d8fc","","b146ff818d889994657c7903909ce8efff99d8fc","legacy/supervm-20261002/crates/novovm-rollout-policy/src/policy/rollout/decision_dashboard_consumer.rs","A57A3009F01FE61FF12B4FA170FA85C4D476524C63EFC865F1E2905321C5B5BA","crates/novovm-rollout-policy/src/policy/rollout/decision_dashboard_consumer.rs","before Git object; local drafts preserved separately, no overwrite","restore_identical_tree_to_original_path","","False","PENDING_USER_REVIEW"
"crates/novovm-rollout-policy/src/policy/rollout/decision_dashboard_export.rs","100644","519d7069a79bc7bbaba00760cc2986701422ad97","pure_relocation","","legacy/supervm-20261002/crates/novovm-rollout-policy/src/policy/rollout/decision_dashboard_export.rs","519d7069a79bc7bbaba00760cc2986701422ad97","","519d7069a79bc7bbaba00760cc2986701422ad97","legacy/supervm-20261002/crates/novovm-rollout-policy/src/policy/rollout/decision_dashboard_export.rs","E6E0D7BE4A754EA6A10289ED8808F1D35E34B233FB9A5031F3024C4B76044EAE","crates/novovm-rollout-policy/src/policy/rollout/decision_dashboard_export.rs","before Git object; local drafts preserved separately, no overwrite","restore_identical_tree_to_original_path","","False","PENDING_USER_REVIEW"
"crates/novovm-rollout-policy/src/policy/rollout/decision_delivery.rs","100644","4f7f8220b49b87973c83a65a6cb4004fd2d21a07","pure_relocation","","legacy/supervm-20261002/crates/novovm-rollout-policy/src/policy/rollout/decision_delivery.rs","4f7f8220b49b87973c83a65a6cb4004fd2d21a07","","4f7f8220b49b87973c83a65a6cb4004fd2d21a07","legacy/supervm-20261002/crates/novovm-rollout-policy/src/policy/rollout/decision_delivery.rs","59248FD3B19824BDE4C2FCFA1C6CA08B7CEC821D6C089C7ED3F80210CED776EB","crates/novovm-rollout-policy/src/policy/rollout/decision_delivery.rs","before Git object; local drafts preserved separately, no overwrite","restore_identical_tree_to_original_path","","False","PENDING_USER_REVIEW"
"crates/novovm-rollout-policy/src/policy/rollout/decision_route.rs","100644","d17953c772175a0ad8335bc07f41d37c9e55d261","pure_relocation","","legacy/supervm-20261002/crates/novovm-rollout-policy/src/policy/rollout/decision_route.rs","d17953c772175a0ad8335bc07f41d37c9e55d261","","d17953c772175a0ad8335bc07f41d37c9e55d261","legacy/supervm-20261002/crates/novovm-rollout-policy/src/policy/rollout/decision_route.rs","EE638DB4CEA4A870205A8D9CD931BCDE2AC74D70A5B078D860ECFD46374D5B27","crates/novovm-rollout-policy/src/policy/rollout/decision_route.rs","before Git object; local drafts preserved separately, no overwrite","restore_identical_tree_to_original_path","","False","PENDING_USER_REVIEW"
"crates/novovm-rollout-policy/src/policy/rollout/mod.rs","100644","b91e5ab5d83e10d3fb1e28131a3affd546ff8893","pure_relocation","","legacy/supervm-20261002/crates/novovm-rollout-policy/src/policy/rollout/mod.rs","b91e5ab5d83e10d3fb1e28131a3affd546ff8893","","b91e5ab5d83e10d3fb1e28131a3affd546ff8893","legacy/supervm-20261002/crates/novovm-rollout-policy/src/policy/rollout/mod.rs","E9002CF0A96756978AEF278A93BE43F10D770129CC297C76E20A6B4E90CD0441","crates/novovm-rollout-policy/src/policy/rollout/mod.rs","before Git object; local drafts preserved separately, no overwrite","restore_identical_tree_to_original_path","","False","PENDING_USER_REVIEW"
"crates/novovm-udp-batch/Cargo.toml","100644","b7b21f7b4d0c60498b791255392730a7026cab76","pure_relocation","","legacy/supervm-20261002/crates/novovm-udp-batch/Cargo.toml","b7b21f7b4d0c60498b791255392730a7026cab76","","b7b21f7b4d0c60498b791255392730a7026cab76","legacy/supervm-20261002/crates/novovm-udp-batch/Cargo.toml","9B157B853A2C5CDE55004FB9972628F32EF61D2D04C5A0ACA3000832D4ADBA1C","crates/novovm-udp-batch/Cargo.toml","before Git object; local drafts preserved separately, no overwrite","restore_identical_tree_to_original_path","","False","PENDING_USER_REVIEW"
"crates/novovm-udp-batch/src/lib.rs","100644","fb65a0449849276011a0a3201f92f42528ddf9ed","pure_relocation","","legacy/supervm-20261002/crates/novovm-udp-batch/src/lib.rs","fb65a0449849276011a0a3201f92f42528ddf9ed","","fb65a0449849276011a0a3201f92f42528ddf9ed","legacy/supervm-20261002/crates/novovm-udp-batch/src/lib.rs","94E248C588DFBCB13D25D7A6691D21C24A590603651EB30C07F751C4B6067E77","crates/novovm-udp-batch/src/lib.rs","before Git object; local drafts preserved separately, no overwrite","restore_identical_tree_to_original_path","","False","PENDING_USER_REVIEW"
"crates/novovmctl/Cargo.toml","100644","589f4c4e30a75593f47293f3c453b50d9303ccfb","pure_relocation","","legacy/supervm-20261002/crates/novovmctl/Cargo.toml","589f4c4e30a75593f47293f3c453b50d9303ccfb","","589f4c4e30a75593f47293f3c453b50d9303ccfb","legacy/supervm-20261002/crates/novovmctl/Cargo.toml","04F7F446ADFA47474A8270CE178AE9B51AE16174AB78AC33F34A21052F1956EE","crates/novovmctl/Cargo.toml","before Git object; local drafts preserved separately, no overwrite","restore_identical_tree_to_original_path","","False","PENDING_USER_REVIEW"
"crates/novovmctl/src/audit.rs","100644","26c220c7a8d66807b9c5d4177c54ecc369f8120f","pure_relocation","","legacy/supervm-20261002/crates/novovmctl/src/audit.rs","26c220c7a8d66807b9c5d4177c54ecc369f8120f","","26c220c7a8d66807b9c5d4177c54ecc369f8120f","legacy/supervm-20261002/crates/novovmctl/src/audit.rs","E23799343F28814CA462D971F939CE3A839FB778086F05CDF16741E4E591E9FE","crates/novovmctl/src/audit.rs","before Git object; local drafts preserved separately, no overwrite","restore_identical_tree_to_original_path","","False","PENDING_USER_REVIEW"
"crates/novovmctl/src/cli/daemon.rs","100644","2162c2b0701c79eb710d458d6a275fa38f941c11","pure_relocation","","legacy/supervm-20261002/crates/novovmctl/src/cli/daemon.rs","2162c2b0701c79eb710d458d6a275fa38f941c11","","2162c2b0701c79eb710d458d6a275fa38f941c11","legacy/supervm-20261002/crates/novovmctl/src/cli/daemon.rs","A7EFD14A12BE76B10FFDB1692898F1749B25348674029C20D767640ABEA73A65","crates/novovmctl/src/cli/daemon.rs","before Git object; local drafts preserved separately, no overwrite","restore_identical_tree_to_original_path","","False","PENDING_USER_REVIEW"
"crates/novovmctl/src/cli/evm_block_access_list_scan.rs","100644","7812d15a2d887f35b745a8ba933eed2948f29468","pure_relocation","","legacy/supervm-20261002/crates/novovmctl/src/cli/evm_block_access_list_scan.rs","7812d15a2d887f35b745a8ba933eed2948f29468","","7812d15a2d887f35b745a8ba933eed2948f29468","legacy/supervm-20261002/crates/novovmctl/src/cli/evm_block_access_list_scan.rs","C85F13FD3E7B5420AE59FFABC0F88B4D1FAF4263D68A49E5F39454357A7FBE9A","crates/novovmctl/src/cli/evm_block_access_list_scan.rs","before Git object; local drafts preserved separately, no overwrite","restore_identical_tree_to_original_path","","False","PENDING_USER_REVIEW"
"crates/novovmctl/src/cli/evm_block_access_list.rs","100644","b23d581b95296730c6f8202f464442e3ca990073","pure_relocation","","legacy/supervm-20261002/crates/novovmctl/src/cli/evm_block_access_list.rs","b23d581b95296730c6f8202f464442e3ca990073","","b23d581b95296730c6f8202f464442e3ca990073","legacy/supervm-20261002/crates/novovmctl/src/cli/evm_block_access_list.rs","110F84E5E9B21E81B1B0C8A7FAB0CBDBC41423FD9AC7AE72FDBC3437F0C44F1D","crates/novovmctl/src/cli/evm_block_access_list.rs","before Git object; local drafts preserved separately, no overwrite","restore_identical_tree_to_original_path","","False","PENDING_USER_REVIEW"
"crates/novovmctl/src/cli/governance_stats.rs","100644","5525bfc209f6a20c10ae68ef4ba3528728cf8a7b","pure_relocation","","legacy/supervm-20261002/crates/novovmctl/src/cli/governance_stats.rs","5525bfc209f6a20c10ae68ef4ba3528728cf8a7b","","5525bfc209f6a20c10ae68ef4ba3528728cf8a7b","legacy/supervm-20261002/crates/novovmctl/src/cli/governance_stats.rs","22673D8167ED99905B977E000C6F99128E42309EB11BB67870BC7E8A0CE015D2","crates/novovmctl/src/cli/governance_stats.rs","before Git object; local drafts preserved separately, no overwrite","restore_identical_tree_to_original_path","","False","PENDING_USER_REVIEW"
"crates/novovmctl/src/cli/lifecycle.rs","100644","4873990cbd528b352eb22e543b6c84ca1e7cbf6a","pure_relocation","","legacy/supervm-20261002/crates/novovmctl/src/cli/lifecycle.rs","4873990cbd528b352eb22e543b6c84ca1e7cbf6a","","4873990cbd528b352eb22e543b6c84ca1e7cbf6a","legacy/supervm-20261002/crates/novovmctl/src/cli/lifecycle.rs","45C9F69DD161CCEE93FFAF9B525C4E4ED579F3C24E1CAD56943F3C5B1B816C09","crates/novovmctl/src/cli/lifecycle.rs","before Git object; local drafts preserved separately, no overwrite","restore_identical_tree_to_original_path","","False","PENDING_USER_REVIEW"
"crates/novovmctl/src/cli/mod.rs","100644","4a9b76197057b4476f6fec1aa1ad5376bc61c93c","pure_relocation","","legacy/supervm-20261002/crates/novovmctl/src/cli/mod.rs","4a9b76197057b4476f6fec1aa1ad5376bc61c93c","","4a9b76197057b4476f6fec1aa1ad5376bc61c93c","legacy/supervm-20261002/crates/novovmctl/src/cli/mod.rs","4D1EB9651A6259CECC01B9A4325DFB3231D6F1EFF501149ED8CFA758ADCD363F","crates/novovmctl/src/cli/mod.rs","before Git object; local drafts preserved separately, no overwrite","restore_identical_tree_to_original_path","","False","PENDING_USER_REVIEW"
"crates/novovmctl/src/cli/native_nonce_migration.rs","100644","38d5d1dd6091f9b1155e251a1826d7e7d5d994a4","pure_relocation","","legacy/supervm-20261002/crates/novovmctl/src/cli/native_nonce_migration.rs","38d5d1dd6091f9b1155e251a1826d7e7d5d994a4","","38d5d1dd6091f9b1155e251a1826d7e7d5d994a4","legacy/supervm-20261002/crates/novovmctl/src/cli/native_nonce_migration.rs","67F8647870536DA81DAF4FF94361BD2E72F1C81929E79E7BC9B51BE5E81EEA63","crates/novovmctl/src/cli/native_nonce_migration.rs","before Git object; local drafts preserved separately, no overwrite","restore_identical_tree_to_original_path","","False","PENDING_USER_REVIEW"
"crates/novovmctl/src/cli/rollout_control.rs","100644","f4ff7c60ccc70d792bea71a8ff4e715cc65f82ca","pure_relocation","","legacy/supervm-20261002/crates/novovmctl/src/cli/rollout_control.rs","f4ff7c60ccc70d792bea71a8ff4e715cc65f82ca","","f4ff7c60ccc70d792bea71a8ff4e715cc65f82ca","legacy/supervm-20261002/crates/novovmctl/src/cli/rollout_control.rs","F9882D6F672C52E39D75EFA41093DBCE35D431BCCAA858EBDDF6656A9CE72675","crates/novovmctl/src/cli/rollout_control.rs","before Git object; local drafts preserved separately, no overwrite","restore_identical_tree_to_original_path","","False","PENDING_USER_REVIEW"
"crates/novovmctl/src/cli/rollout.rs","100644","ce8bda1b51dd94254762daf1ad13fbd29f5327ca","pure_relocation","","legacy/supervm-20261002/crates/novovmctl/src/cli/rollout.rs","ce8bda1b51dd94254762daf1ad13fbd29f5327ca","","ce8bda1b51dd94254762daf1ad13fbd29f5327ca","legacy/supervm-20261002/crates/novovmctl/src/cli/rollout.rs","C11C8689E483C08958C63CE02A02C247FEAB239DE6CC9DDAFD031C32076FDA2F","crates/novovmctl/src/cli/rollout.rs","before Git object; local drafts preserved separately, no overwrite","restore_identical_tree_to_original_path","","False","PENDING_USER_REVIEW"
"crates/novovmctl/src/cli/up.rs","100644","8902fe9af79ec4f2cdf38179accb6b9d932ef35b","pure_relocation","","legacy/supervm-20261002/crates/novovmctl/src/cli/up.rs","8902fe9af79ec4f2cdf38179accb6b9d932ef35b","","8902fe9af79ec4f2cdf38179accb6b9d932ef35b","legacy/supervm-20261002/crates/novovmctl/src/cli/up.rs","9FD394E118878BE344603246606C6E48AD56A706988F336AACBD73CF5B1D3EA6","crates/novovmctl/src/cli/up.rs","before Git object; local drafts preserved separately, no overwrite","restore_identical_tree_to_original_path","","False","PENDING_USER_REVIEW"
"crates/novovmctl/src/commands/daemon.rs","100644","b0fd64fd052f27f2a63b6068d29156dd6b4261c4","pure_relocation","","legacy/supervm-20261002/crates/novovmctl/src/commands/daemon.rs","b0fd64fd052f27f2a63b6068d29156dd6b4261c4","","b0fd64fd052f27f2a63b6068d29156dd6b4261c4","legacy/supervm-20261002/crates/novovmctl/src/commands/daemon.rs","C3D85C2CB707B10B3A29CA8C572455C23A0824717063B92539CE81574FABC723","crates/novovmctl/src/commands/daemon.rs","before Git object; local drafts preserved separately, no overwrite","restore_identical_tree_to_original_path","","False","PENDING_USER_REVIEW"
"crates/novovmctl/src/commands/evm_block_access_list_scan.rs","100644","d161ea489a39a81096c9881d4593cef1e9c83429","pure_relocation","","legacy/supervm-20261002/crates/novovmctl/src/commands/evm_block_access_list_scan.rs","d161ea489a39a81096c9881d4593cef1e9c83429","","d161ea489a39a81096c9881d4593cef1e9c83429","legacy/supervm-20261002/crates/novovmctl/src/commands/evm_block_access_list_scan.rs","668F9AE1082F5C3762648EDBEC3D4B45E0792C2DFB31AFEA0559FEDD02F42D7C","crates/novovmctl/src/commands/evm_block_access_list_scan.rs","before Git object; local drafts preserved separately, no overwrite","restore_identical_tree_to_original_path","","False","PENDING_USER_REVIEW"
"crates/novovmctl/src/commands/evm_block_access_list.rs","100644","9d290ffd4f536d7f82edb706f931308d8e8bf7be","pure_relocation","","legacy/supervm-20261002/crates/novovmctl/src/commands/evm_block_access_list.rs","9d290ffd4f536d7f82edb706f931308d8e8bf7be","","9d290ffd4f536d7f82edb706f931308d8e8bf7be","legacy/supervm-20261002/crates/novovmctl/src/commands/evm_block_access_list.rs","3D78E74592965653C83651BDB3EE88538FA7B25F18ACF7FC7016D91341D31D90","crates/novovmctl/src/commands/evm_block_access_list.rs","before Git object; local drafts preserved separately, no overwrite","restore_identical_tree_to_original_path","","False","PENDING_USER_REVIEW"
"crates/novovmctl/src/commands/governance_stats.rs","100644","5f83ede3d8a52a22b01e692d245c12488927fbd3","pure_relocation","","legacy/supervm-20261002/crates/novovmctl/src/commands/governance_stats.rs","5f83ede3d8a52a22b01e692d245c12488927fbd3","","5f83ede3d8a52a22b01e692d245c12488927fbd3","legacy/supervm-20261002/crates/novovmctl/src/commands/governance_stats.rs","B6F8A58FE553FC19F0FB2649164F43BF22AA0C1DAAB3D8DAABBF09D562D37F44","crates/novovmctl/src/commands/governance_stats.rs","before Git object; local drafts preserved separately, no overwrite","restore_identical_tree_to_original_path","","False","PENDING_USER_REVIEW"
"crates/novovmctl/src/commands/lifecycle.rs","100644","60ee14853d0b68990907131f3022b943badca8ba","pure_relocation","","legacy/supervm-20261002/crates/novovmctl/src/commands/lifecycle.rs","60ee14853d0b68990907131f3022b943badca8ba","","60ee14853d0b68990907131f3022b943badca8ba","legacy/supervm-20261002/crates/novovmctl/src/commands/lifecycle.rs","0ABDF17F4E9B13E985E7C1970273BBAC24A6B851E00C9996A74AFE417268873E","crates/novovmctl/src/commands/lifecycle.rs","before Git object; local drafts preserved separately, no overwrite","restore_identical_tree_to_original_path","","False","PENDING_USER_REVIEW"
"crates/novovmctl/src/commands/mod.rs","100644","46fe7a5de89d8fe7ecfb1239a4f7888ca99d4818","pure_relocation","","legacy/supervm-20261002/crates/novovmctl/src/commands/mod.rs","46fe7a5de89d8fe7ecfb1239a4f7888ca99d4818","","46fe7a5de89d8fe7ecfb1239a4f7888ca99d4818","legacy/supervm-20261002/crates/novovmctl/src/commands/mod.rs","F5EBAA9CDDDA8BD4EC03CC9FF34898F7E5211DB9D16329C4086FCA95A2F91ED5","crates/novovmctl/src/commands/mod.rs","before Git object; local drafts preserved separately, no overwrite","restore_identical_tree_to_original_path","","False","PENDING_USER_REVIEW"
"crates/novovmctl/src/commands/native_nonce_migration.rs","100644","e222c2000edb2352ee357a3f2e2c9bd98027a372","pure_relocation","","legacy/supervm-20261002/crates/novovmctl/src/commands/native_nonce_migration.rs","e222c2000edb2352ee357a3f2e2c9bd98027a372","","e222c2000edb2352ee357a3f2e2c9bd98027a372","legacy/supervm-20261002/crates/novovmctl/src/commands/native_nonce_migration.rs","600364D8DF95BEDDEE054248A2A2E4AC96A8D66F7C05ABDA1A0F3CA0A1872BE9","crates/novovmctl/src/commands/native_nonce_migration.rs","before Git object; local drafts preserved separately, no overwrite","restore_identical_tree_to_original_path","","False","PENDING_USER_REVIEW"
"crates/novovmctl/src/commands/rollout_control.rs","100644","1b7dc172119589083eca8611a9877b0942eeb38e","pure_relocation","","legacy/supervm-20261002/crates/novovmctl/src/commands/rollout_control.rs","1b7dc172119589083eca8611a9877b0942eeb38e","","1b7dc172119589083eca8611a9877b0942eeb38e","legacy/supervm-20261002/crates/novovmctl/src/commands/rollout_control.rs","078D01F177049976DFB142EEC9E32A3AEA9795AF3F138ED54B2107E7186B9D30","crates/novovmctl/src/commands/rollout_control.rs","before Git object; local drafts preserved separately, no overwrite","restore_identical_tree_to_original_path","","False","PENDING_USER_REVIEW"
"crates/novovmctl/src/commands/rollout.rs","100644","d7b67ca43edcfa36c19f406e2b48d2be6a2a1ff8","pure_relocation","","legacy/supervm-20261002/crates/novovmctl/src/commands/rollout.rs","d7b67ca43edcfa36c19f406e2b48d2be6a2a1ff8","","d7b67ca43edcfa36c19f406e2b48d2be6a2a1ff8","legacy/supervm-20261002/crates/novovmctl/src/commands/rollout.rs","931984B5C2CF699D53DF826F9C79AE78263F06B6D6BCB04ACA7A92140E34C75B","crates/novovmctl/src/commands/rollout.rs","before Git object; local drafts preserved separately, no overwrite","restore_identical_tree_to_original_path","","False","PENDING_USER_REVIEW"
"crates/novovmctl/src/commands/up.rs","100644","f2946c2101b06fc90127c68683128d28cbdb941e","pure_relocation","","legacy/supervm-20261002/crates/novovmctl/src/commands/up.rs","f2946c2101b06fc90127c68683128d28cbdb941e","","f2946c2101b06fc90127c68683128d28cbdb941e","legacy/supervm-20261002/crates/novovmctl/src/commands/up.rs","3F8AEC7AD47AA3E8E41C0782B3F4102F65568A12F48767DFD897B6D9C403A24E","crates/novovmctl/src/commands/up.rs","before Git object; local drafts preserved separately, no overwrite","restore_identical_tree_to_original_path","","False","PENDING_USER_REVIEW"
"crates/novovmctl/src/error.rs","100644","5f476cdd9addc94c2bfbbdc81ce0c885b8dd3940","pure_relocation","","legacy/supervm-20261002/crates/novovmctl/src/error.rs","5f476cdd9addc94c2bfbbdc81ce0c885b8dd3940","","5f476cdd9addc94c2bfbbdc81ce0c885b8dd3940","legacy/supervm-20261002/crates/novovmctl/src/error.rs","F2A9D6C0F5AFC85A562F013A78A9A53B512215BAC1F749F64382361080712D9C","crates/novovmctl/src/error.rs","before Git object; local drafts preserved separately, no overwrite","restore_identical_tree_to_original_path","","False","PENDING_USER_REVIEW"
"crates/novovmctl/src/integration/mod.rs","100644","2d41e150572d7712b69d0bfbd1a253e31756d51f","pure_relocation","","legacy/supervm-20261002/crates/novovmctl/src/integration/mod.rs","2d41e150572d7712b69d0bfbd1a253e31756d51f","","2d41e150572d7712b69d0bfbd1a253e31756d51f","legacy/supervm-20261002/crates/novovmctl/src/integration/mod.rs","AC910B304A416E38092FC7A68D259404BD9937DD9F9FBADFE18A7C47EBFBA2B3","crates/novovmctl/src/integration/mod.rs","before Git object; local drafts preserved separately, no overwrite","restore_identical_tree_to_original_path","","False","PENDING_USER_REVIEW"
"crates/novovmctl/src/integration/node_binary.rs","100644","8499730790f4ad443e7d79647b4234a678b2ceef","pure_relocation","","legacy/supervm-20261002/crates/novovmctl/src/integration/node_binary.rs","8499730790f4ad443e7d79647b4234a678b2ceef","","8499730790f4ad443e7d79647b4234a678b2ceef","legacy/supervm-20261002/crates/novovmctl/src/integration/node_binary.rs","49DB49F022FEA847BCF32CF5CEC9947FACFBCE55B46D82840608054A8D0FA4FC","crates/novovmctl/src/integration/node_binary.rs","before Git object; local drafts preserved separately, no overwrite","restore_identical_tree_to_original_path","","False","PENDING_USER_REVIEW"
"crates/novovmctl/src/integration/rollout_policy.rs","100644","a4d57157e0c54425cf3c7bccce1ced42ac8ddbe9","pure_relocation","","legacy/supervm-20261002/crates/novovmctl/src/integration/rollout_policy.rs","a4d57157e0c54425cf3c7bccce1ced42ac8ddbe9","","a4d57157e0c54425cf3c7bccce1ced42ac8ddbe9","legacy/supervm-20261002/crates/novovmctl/src/integration/rollout_policy.rs","E00595866409B6CC0D6E42143AD4287C19C398EE6CF6620F05B85B8EB08AE190","crates/novovmctl/src/integration/rollout_policy.rs","before Git object; local drafts preserved separately, no overwrite","restore_identical_tree_to_original_path","","False","PENDING_USER_REVIEW"
"crates/novovmctl/src/main.rs","100644","500e46b80f91e66f3fc6c98b0a24e64bcefe3e06","pure_relocation","","legacy/supervm-20261002/crates/novovmctl/src/main.rs","500e46b80f91e66f3fc6c98b0a24e64bcefe3e06","","500e46b80f91e66f3fc6c98b0a24e64bcefe3e06","legacy/supervm-20261002/crates/novovmctl/src/main.rs","F81D891667CB95141C5B146A362C07CA573B878401DE3611B365F11DF09E2E31","crates/novovmctl/src/main.rs","before Git object; local drafts preserved separately, no overwrite","restore_identical_tree_to_original_path","","False","PENDING_USER_REVIEW"
"crates/novovmctl/src/model/daemon.rs","100644","6ec41436717bbac626956e0a68e669901c3b6049","pure_relocation","","legacy/supervm-20261002/crates/novovmctl/src/model/daemon.rs","6ec41436717bbac626956e0a68e669901c3b6049","","6ec41436717bbac626956e0a68e669901c3b6049","legacy/supervm-20261002/crates/novovmctl/src/model/daemon.rs","49D175C2564A886C34AA98274E2DC58173B1A3C9E287CE696C6510E3AC56CAD6","crates/novovmctl/src/model/daemon.rs","before Git object; local drafts preserved separately, no overwrite","restore_identical_tree_to_original_path","","False","PENDING_USER_REVIEW"
"crates/novovmctl/src/model/lifecycle.rs","100644","7316919a93d944dbfe1a01b9dfc3d73995e28051","pure_relocation","","legacy/supervm-20261002/crates/novovmctl/src/model/lifecycle.rs","7316919a93d944dbfe1a01b9dfc3d73995e28051","","7316919a93d944dbfe1a01b9dfc3d73995e28051","legacy/supervm-20261002/crates/novovmctl/src/model/lifecycle.rs","2BEE40130D0EF23A8F1B965D4C72B00DE41417CA4150EF22665510741B920484","crates/novovmctl/src/model/lifecycle.rs","before Git object; local drafts preserved separately, no overwrite","restore_identical_tree_to_original_path","","False","PENDING_USER_REVIEW"
"crates/novovmctl/src/model/mod.rs","100644","b10ed051baca962c65872cc99703f94d53335e66","pure_relocation","","legacy/supervm-20261002/crates/novovmctl/src/model/mod.rs","b10ed051baca962c65872cc99703f94d53335e66","","b10ed051baca962c65872cc99703f94d53335e66","legacy/supervm-20261002/crates/novovmctl/src/model/mod.rs","ACBB0E5E0A3AAD552B54EBC2A1AD7C6514F34D198E4C3578EECE574887137B89","crates/novovmctl/src/model/mod.rs","before Git object; local drafts preserved separately, no overwrite","restore_identical_tree_to_original_path","","False","PENDING_USER_REVIEW"
"crates/novovmctl/src/model/rollout_control.rs","100644","c1997b7db2d4088f257814b625d7a611a29bb65b","pure_relocation","","legacy/supervm-20261002/crates/novovmctl/src/model/rollout_control.rs","c1997b7db2d4088f257814b625d7a611a29bb65b","","c1997b7db2d4088f257814b625d7a611a29bb65b","legacy/supervm-20261002/crates/novovmctl/src/model/rollout_control.rs","CD6A8C8FC4F3900C40925F0427446BCAA942F53E9B8635B53CBEF6E72C99B91B","crates/novovmctl/src/model/rollout_control.rs","before Git object; local drafts preserved separately, no overwrite","restore_identical_tree_to_original_path","","False","PENDING_USER_REVIEW"
"crates/novovmctl/src/model/rollout.rs","100644","623bb31e14a43bc60dca048b73531c9580421ea5","pure_relocation","","legacy/supervm-20261002/crates/novovmctl/src/model/rollout.rs","623bb31e14a43bc60dca048b73531c9580421ea5","","623bb31e14a43bc60dca048b73531c9580421ea5","legacy/supervm-20261002/crates/novovmctl/src/model/rollout.rs","5FE44EEFDC25B366BCBF1EEEE6101087014FC069E75E04B1FB31EF8900DA22F9","crates/novovmctl/src/model/rollout.rs","before Git object; local drafts preserved separately, no overwrite","restore_identical_tree_to_original_path","","False","PENDING_USER_REVIEW"
"crates/novovmctl/src/model/up.rs","100644","b033cebb2add5fd63f53754ee409968db6db4b93","pure_relocation","","legacy/supervm-20261002/crates/novovmctl/src/model/up.rs","b033cebb2add5fd63f53754ee409968db6db4b93","","b033cebb2add5fd63f53754ee409968db6db4b93","legacy/supervm-20261002/crates/novovmctl/src/model/up.rs","4987E3FE2A7F6FEE1BAB5A8B3F7AC79C238029A3909FE63043826F96D3A0D665","crates/novovmctl/src/model/up.rs","before Git object; local drafts preserved separately, no overwrite","restore_identical_tree_to_original_path","","False","PENDING_USER_REVIEW"
"crates/novovmctl/src/output.rs","100644","a2a934199a55ef8a0afd5b04afd4bd3399d2a67d","pure_relocation","","legacy/supervm-20261002/crates/novovmctl/src/output.rs","a2a934199a55ef8a0afd5b04afd4bd3399d2a67d","","a2a934199a55ef8a0afd5b04afd4bd3399d2a67d","legacy/supervm-20261002/crates/novovmctl/src/output.rs","1380845F74F7ADEF57D883D17266AE1919276EF5714B8382CFC5FF831DCAA425","crates/novovmctl/src/output.rs","before Git object; local drafts preserved separately, no overwrite","restore_identical_tree_to_original_path","","False","PENDING_USER_REVIEW"
"crates/novovmctl/src/runtime/env.rs","100644","0591fe47941d8d55b8901584af076a2cc34dae1d","pure_relocation","","legacy/supervm-20261002/crates/novovmctl/src/runtime/env.rs","0591fe47941d8d55b8901584af076a2cc34dae1d","","0591fe47941d8d55b8901584af076a2cc34dae1d","legacy/supervm-20261002/crates/novovmctl/src/runtime/env.rs","ED93CABD02DBA4471E34735B194742E724406EBC2C531A895998B699F95F0183","crates/novovmctl/src/runtime/env.rs","before Git object; local drafts preserved separately, no overwrite","restore_identical_tree_to_original_path","","False","PENDING_USER_REVIEW"
"crates/novovmctl/src/runtime/files.rs","100644","278e65cd209ac2e4a05dfeb77337ff8cc7914bbd","pure_relocation","","legacy/supervm-20261002/crates/novovmctl/src/runtime/files.rs","278e65cd209ac2e4a05dfeb77337ff8cc7914bbd","","278e65cd209ac2e4a05dfeb77337ff8cc7914bbd","legacy/supervm-20261002/crates/novovmctl/src/runtime/files.rs","5151E703839BF9CC33E8FBF643E33F63429DA1D68BF3A4741F09659B79A6A194","crates/novovmctl/src/runtime/files.rs","before Git object; local drafts preserved separately, no overwrite","restore_identical_tree_to_original_path","","False","PENDING_USER_REVIEW"
"crates/novovmctl/src/runtime/mod.rs","100644","c133643ac0faafbcad8e680e55e7b88298c1d40c","pure_relocation","","legacy/supervm-20261002/crates/novovmctl/src/runtime/mod.rs","c133643ac0faafbcad8e680e55e7b88298c1d40c","","c133643ac0faafbcad8e680e55e7b88298c1d40c","legacy/supervm-20261002/crates/novovmctl/src/runtime/mod.rs","337C2D7CAA21E7F6B15B6788C19AEBE160EB9450ACA4A59914FA297BCC4120D8","crates/novovmctl/src/runtime/mod.rs","before Git object; local drafts preserved separately, no overwrite","restore_identical_tree_to_original_path","","False","PENDING_USER_REVIEW"
"crates/novovmctl/src/runtime/paths.rs","100644","51cd4fa2ad0056a31e7a79aaa34e8c36c8bc267e","pure_relocation","","legacy/supervm-20261002/crates/novovmctl/src/runtime/paths.rs","51cd4fa2ad0056a31e7a79aaa34e8c36c8bc267e","","51cd4fa2ad0056a31e7a79aaa34e8c36c8bc267e","legacy/supervm-20261002/crates/novovmctl/src/runtime/paths.rs","7CC8B78BD3391AF30148AC0E5DE5A2C99637013573AD3E47F1251BFA32E5E402","crates/novovmctl/src/runtime/paths.rs","before Git object; local drafts preserved separately, no overwrite","restore_identical_tree_to_original_path","","False","PENDING_USER_REVIEW"
"crates/novovmctl/tests/fixtures/native_nonce_checkpoint_v1.json","100644","3385ae5462c9c9aac44c9605de5630d6a24b0de8","pure_relocation","","legacy/supervm-20261002/crates/novovmctl/tests/fixtures/native_nonce_checkpoint_v1.json","3385ae5462c9c9aac44c9605de5630d6a24b0de8","","3385ae5462c9c9aac44c9605de5630d6a24b0de8","legacy/supervm-20261002/crates/novovmctl/tests/fixtures/native_nonce_checkpoint_v1.json","524F3A96A014E0ABF495071859C4E04E964C6762994616FA2A8D6015C4FC94D8","crates/novovmctl/tests/fixtures/native_nonce_checkpoint_v1.json","before Git object; local drafts preserved separately, no overwrite","restore_identical_tree_to_original_path","","False","PENDING_USER_REVIEW"
"crates/novovmctl/tests/fixtures/native_nonce_source_qc_v1.json","100644","6df66869172cb6efb6bd8d77de103bfcc48c5662","pure_relocation","","legacy/supervm-20261002/crates/novovmctl/tests/fixtures/native_nonce_source_qc_v1.json","6df66869172cb6efb6bd8d77de103bfcc48c5662","","6df66869172cb6efb6bd8d77de103bfcc48c5662","legacy/supervm-20261002/crates/novovmctl/tests/fixtures/native_nonce_source_qc_v1.json","DC6CAB278172C91C19E45B839D3C5B526A45BE59E231FA976CDDD703EA816BE9","crates/novovmctl/tests/fixtures/native_nonce_source_qc_v1.json","before Git object; local drafts preserved separately, no overwrite","restore_identical_tree_to_original_path","","False","PENDING_USER_REVIEW"
"crates/novovmctl/tests/fixtures/native_nonce_upgrade_authorization_v1.json","100644","6092415dc0ac20b35a5bdf6d4edb310dd5254a2a","pure_relocation","","legacy/supervm-20261002/crates/novovmctl/tests/fixtures/native_nonce_upgrade_authorization_v1.json","6092415dc0ac20b35a5bdf6d4edb310dd5254a2a","","6092415dc0ac20b35a5bdf6d4edb310dd5254a2a","legacy/supervm-20261002/crates/novovmctl/tests/fixtures/native_nonce_upgrade_authorization_v1.json","22ED23BA42231B314C1481FCFD2182B8BDDE640206F7B8C5AAA12B2BF121B774","crates/novovmctl/tests/fixtures/native_nonce_upgrade_authorization_v1.json","before Git object; local drafts preserved separately, no overwrite","restore_identical_tree_to_original_path","","False","PENDING_USER_REVIEW"
"crates/novovmctl/tests/native_nonce_checkpoint_cli.rs","100644","76004037c466b751d9d29ca690c2cde2918aabab","pure_relocation","","legacy/supervm-20261002/crates/novovmctl/tests/native_nonce_checkpoint_cli.rs","76004037c466b751d9d29ca690c2cde2918aabab","","76004037c466b751d9d29ca690c2cde2918aabab","legacy/supervm-20261002/crates/novovmctl/tests/native_nonce_checkpoint_cli.rs","EB2D7190F0567D96F48D266106B653FA04C48B9EA90257B2B3ADA61DD6C032BB","crates/novovmctl/tests/native_nonce_checkpoint_cli.rs","before Git object; local drafts preserved separately, no overwrite","restore_identical_tree_to_original_path","","False","PENDING_USER_REVIEW"
"crates/plugins/evm/core/Cargo.toml","100644","57f66138650b49875b3248670ca21caa5320e215","pure_relocation","","legacy/supervm-20261002/crates/plugins/evm/core/Cargo.toml","57f66138650b49875b3248670ca21caa5320e215","","57f66138650b49875b3248670ca21caa5320e215","legacy/supervm-20261002/crates/plugins/evm/core/Cargo.toml","527A2415D8577797C59517BDF373710ED1AA707AAD686A0E9D7DF12301B1FBBD","crates/plugins/evm/core/Cargo.toml","before Git object; local drafts preserved separately, no overwrite","restore_identical_tree_to_original_path","","False","PENDING_USER_REVIEW"
"crates/plugins/evm/core/src/lib.rs","100644","926dfbdd050e01cb0b7b9fb1b8dcc44242843613","pure_relocation","","legacy/supervm-20261002/crates/plugins/evm/core/src/lib.rs","926dfbdd050e01cb0b7b9fb1b8dcc44242843613","","926dfbdd050e01cb0b7b9fb1b8dcc44242843613","legacy/supervm-20261002/crates/plugins/evm/core/src/lib.rs","F35AACEEC1F15949C15936DBA4046AC564CCD69F8E0687045CB05E548DD50916","crates/plugins/evm/core/src/lib.rs","before Git object; local drafts preserved separately, no overwrite","restore_identical_tree_to_original_path","","False","PENDING_USER_REVIEW"
"crates/plugins/evm/core/tests/fixtures/ethereum-official-address-subset.json","100644","e459d6463508dca5c1d13058882d981e2328641b","pure_relocation","","legacy/supervm-20261002/crates/plugins/evm/core/tests/fixtures/ethereum-official-address-subset.json","e459d6463508dca5c1d13058882d981e2328641b","","e459d6463508dca5c1d13058882d981e2328641b","legacy/supervm-20261002/crates/plugins/evm/core/tests/fixtures/ethereum-official-address-subset.json","7B5E8048A81D01BB67045CC696A47912141436CC8099AC75525B3968F6860834","crates/plugins/evm/core/tests/fixtures/ethereum-official-address-subset.json","before Git object; local drafts preserved separately, no overwrite","restore_identical_tree_to_original_path","","False","PENDING_USER_REVIEW"
"crates/plugins/evm/plugin/Cargo.toml","100644","e479c112ad2fce1552cd06d0e3e0e557db0041d4","pure_relocation","","legacy/supervm-20261002/crates/plugins/evm/plugin/Cargo.toml","e479c112ad2fce1552cd06d0e3e0e557db0041d4","","e479c112ad2fce1552cd06d0e3e0e557db0041d4","legacy/supervm-20261002/crates/plugins/evm/plugin/Cargo.toml","C262DB38196A1D7ADCC371D5EE27F85BE6A76C903287E5B8574DD2911F75DE5F","crates/plugins/evm/plugin/Cargo.toml","before Git object; local drafts preserved separately, no overwrite","restore_identical_tree_to_original_path","","False","PENDING_USER_REVIEW"
"crates/plugins/evm/plugin/src/bincode_compat.rs","100644","8fcabafb75d0e1639976e1fb88630f30556da2e9","pure_relocation","","legacy/supervm-20261002/crates/plugins/evm/plugin/src/bincode_compat.rs","8fcabafb75d0e1639976e1fb88630f30556da2e9","","8fcabafb75d0e1639976e1fb88630f30556da2e9","legacy/supervm-20261002/crates/plugins/evm/plugin/src/bincode_compat.rs","2FDD54F67D167D2BAAE4DE1252087618B287B0C0769A422C12D4AD2A50BB529D","crates/plugins/evm/plugin/src/bincode_compat.rs","before Git object; local drafts preserved separately, no overwrite","restore_identical_tree_to_original_path","","False","PENDING_USER_REVIEW"
"crates/plugins/evm/plugin/src/lib.rs","100644","bec9a1cb7f7dc374ff7073c9f880b52ff17d6478","pure_relocation","","legacy/supervm-20261002/crates/plugins/evm/plugin/src/lib.rs","bec9a1cb7f7dc374ff7073c9f880b52ff17d6478","","bec9a1cb7f7dc374ff7073c9f880b52ff17d6478","legacy/supervm-20261002/crates/plugins/evm/plugin/src/lib.rs","626DE4E530CA6586BF11FBA81AEBD5FD53CEFC0924284BE90FF9E58FF6E25EDB","crates/plugins/evm/plugin/src/lib.rs","before Git object; local drafts preserved separately, no overwrite","restore_identical_tree_to_original_path","","False","PENDING_USER_REVIEW"
"deny.toml","100644","afac90097591a07f2f234a37ea0abf773f23878a","pure_relocation","","legacy/supervm-20261002/deny.toml","afac90097591a07f2f234a37ea0abf773f23878a","","afac90097591a07f2f234a37ea0abf773f23878a","legacy/supervm-20261002/deny.toml","DFBD66ED5B0DAF88018794020AEF05D146FF5CDAC13EB8E4A68220C7A5330646","deny.toml","before Git object; local drafts preserved separately, no overwrite","restore_identical_tree_to_original_path","","False","PENDING_USER_REVIEW"
"docs_CN/Adapters/EVM/archive/NOVOVM-EVM-ADAPTER-MIGRATION-LEDGER-2026-03-06.md","100644","23519f5bb6de7c45cebd3ff49c0dd4daa1e816a1","unchanged_by_isolation","23519f5bb6de7c45cebd3ff49c0dd4daa1e816a1",,"","23519f5bb6de7c45cebd3ff49c0dd4daa1e816a1","","docs_CN/Adapters/EVM/archive/NOVOVM-EVM-ADAPTER-MIGRATION-LEDGER-2026-03-06.md","DF8151F048B455F328CC7367DDA48C93CAA7C512D578CAAC5129781C09B2AA3F","docs_CN/Adapters/EVM/archive/NOVOVM-EVM-ADAPTER-MIGRATION-LEDGER-2026-03-06.md","retain current worktree and post-isolation changes","retain_current_original_path","","False","PENDING_USER_REVIEW"
"docs_CN/Adapters/EVM/archive/NOVOVM-EVM-ADAPTER-MIGRATION-PLAN-2026-03-06.md","100644","7e9f570213958d7c4f4608351beaf99502c0cb0e","unchanged_by_isolation","7e9f570213958d7c4f4608351beaf99502c0cb0e",,"","7e9f570213958d7c4f4608351beaf99502c0cb0e","","docs_CN/Adapters/EVM/archive/NOVOVM-EVM-ADAPTER-MIGRATION-PLAN-2026-03-06.md","B43891E00644A82338C55CD45FE071BD4E4430817D56E15D75987E967D2D4806","docs_CN/Adapters/EVM/archive/NOVOVM-EVM-ADAPTER-MIGRATION-PLAN-2026-03-06.md","retain current worktree and post-isolation changes","retain_current_original_path","","False","PENDING_USER_REVIEW"
"docs_CN/Adapters/EVM/archive/NOVOVM-EVM-ADAPTER-STRICT-V2-MERGE-CHECKLIST-2026-03-07.md","100644","8addea2297cad1677339fa63af16e4560a9a5268","unchanged_by_isolation","8addea2297cad1677339fa63af16e4560a9a5268",,"","8addea2297cad1677339fa63af16e4560a9a5268","","docs_CN/Adapters/EVM/archive/NOVOVM-EVM-ADAPTER-STRICT-V2-MERGE-CHECKLIST-2026-03-07.md","F35B76BC726B12C7F3A2410E6C48F0A0CB566A108B9B566AD2018B11627E178B","docs_CN/Adapters/EVM/archive/NOVOVM-EVM-ADAPTER-STRICT-V2-MERGE-CHECKLIST-2026-03-07.md","retain current worktree and post-isolation changes","retain_current_original_path","","False","PENDING_USER_REVIEW"
"docs_CN/Adapters/EVM/archive/NOVOVM-EVM-FULL-MIRROR-100P-CLOSURE-CHECKLIST-2026-03-13.md","100644","301d9b8632cdd104990d94b1f760ea80da6611e7","unchanged_by_isolation","301d9b8632cdd104990d94b1f760ea80da6611e7",,"","301d9b8632cdd104990d94b1f760ea80da6611e7","","docs_CN/Adapters/EVM/archive/NOVOVM-EVM-FULL-MIRROR-100P-CLOSURE-CHECKLIST-2026-03-13.md","4C9CFD80DA625C0C81BB6E8B0C1EF7823F3D92306EEACD54FB4962FAFB67F068","docs_CN/Adapters/EVM/archive/NOVOVM-EVM-FULL-MIRROR-100P-CLOSURE-CHECKLIST-2026-03-13.md","retain current worktree and post-isolation changes","retain_current_original_path","","False","PENDING_USER_REVIEW"
"docs_CN/Adapters/EVM/archive/NOVOVM-EVM-NATIVE-PROTOCOL-COMPAT-PROGRESS-2026-03-16.md","100644","9fac83acc5bc05128922a120a578fa3224c7b714","unchanged_by_isolation","9fac83acc5bc05128922a120a578fa3224c7b714",,"","9fac83acc5bc05128922a120a578fa3224c7b714","","docs_CN/Adapters/EVM/archive/NOVOVM-EVM-NATIVE-PROTOCOL-COMPAT-PROGRESS-2026-03-16.md","32180EAF45C32BFED6E0C644A8F8C1D6E7B3B984B340D2955E037083CF01CB83","docs_CN/Adapters/EVM/archive/NOVOVM-EVM-NATIVE-PROTOCOL-COMPAT-PROGRESS-2026-03-16.md","retain current worktree and post-isolation changes","retain_current_original_path","","False","PENDING_USER_REVIEW"
"docs_CN/Adapters/EVM/archive/NOVOVM-EVM-UPSTREAM-REQUIRED-CAPABILITY-CHECKLIST-2026-03-11.md","100644","38784e72a8bba666033c9fca16404e37fbd9482a","unchanged_by_isolation","38784e72a8bba666033c9fca16404e37fbd9482a",,"","38784e72a8bba666033c9fca16404e37fbd9482a","","docs_CN/Adapters/EVM/archive/NOVOVM-EVM-UPSTREAM-REQUIRED-CAPABILITY-CHECKLIST-2026-03-11.md","7FABD8F16C0211E9E66F7EE9FECFD3ED61CF25DCE5A3C6DF6600ED942A61ABFB","docs_CN/Adapters/EVM/archive/NOVOVM-EVM-UPSTREAM-REQUIRED-CAPABILITY-CHECKLIST-2026-03-11.md","retain current worktree and post-isolation changes","retain_current_original_path","","False","PENDING_USER_REVIEW"
"docs_CN/Adapters/EVM/archive/NOVOVM-GETH-FEATURE-CHECKLIST-AND-ADOPTION-RECOMMENDATIONS-2026-03-06.md","100644","a4407731b0dea93ae88edd6e4eb33c5c72543848","unchanged_by_isolation","a4407731b0dea93ae88edd6e4eb33c5c72543848",,"","a4407731b0dea93ae88edd6e4eb33c5c72543848","","docs_CN/Adapters/EVM/archive/NOVOVM-GETH-FEATURE-CHECKLIST-AND-ADOPTION-RECOMMENDATIONS-2026-03-06.md","8AC828B5317BF002C3FE29C11E0B721B9CD813E8864E2766A1F7962A5D198634","docs_CN/Adapters/EVM/archive/NOVOVM-GETH-FEATURE-CHECKLIST-AND-ADOPTION-RECOMMENDATIONS-2026-03-06.md","retain current worktree and post-isolation changes","retain_current_original_path","","False","PENDING_USER_REVIEW"
"docs_CN/Adapters/EVM/NOVOVM-ATOMIC-ORCHESTRATION-LAYER-SPEC-2026-03-06.md","100644","1e3463a6062c321e1920948a68e46dcc50537a7b","unchanged_by_isolation","1e3463a6062c321e1920948a68e46dcc50537a7b",,"","1e3463a6062c321e1920948a68e46dcc50537a7b","","docs_CN/Adapters/EVM/NOVOVM-ATOMIC-ORCHESTRATION-LAYER-SPEC-2026-03-06.md","D3501A792A4FC5E2B0E4C31D183A14CA57DC2D0EC15F348EA9261DCD32CB5729","docs_CN/Adapters/EVM/NOVOVM-ATOMIC-ORCHESTRATION-LAYER-SPEC-2026-03-06.md","retain current worktree and post-isolation changes","retain_current_original_path","","False","PENDING_USER_REVIEW"
"docs_CN/Adapters/EVM/NOVOVM-ETHEREUM-PROFILE-2026-COMPAT-BASELINE-2026-03-06.md","100644","ee747933511b16025b063563bb27d0c2b1f9a307","unchanged_by_isolation","ee747933511b16025b063563bb27d0c2b1f9a307",,"","ee747933511b16025b063563bb27d0c2b1f9a307","","docs_CN/Adapters/EVM/NOVOVM-ETHEREUM-PROFILE-2026-COMPAT-BASELINE-2026-03-06.md","E19B2B80D3D743BF6438055E20EE10EB232BA83D7FFF4DE6BA6B27F297F2E915","docs_CN/Adapters/EVM/NOVOVM-ETHEREUM-PROFILE-2026-COMPAT-BASELINE-2026-03-06.md","retain current worktree and post-isolation changes","retain_current_original_path","","False","PENDING_USER_REVIEW"
"docs_CN/Adapters/EVM/NOVOVM-EVM-DOCS-AUDIT-AND-CLEANUP-2026-03-18.md","100644","5623c6be09dea1d55a90f4d32bcc257b8f588f5e","unchanged_by_isolation","5623c6be09dea1d55a90f4d32bcc257b8f588f5e",,"","5623c6be09dea1d55a90f4d32bcc257b8f588f5e","","docs_CN/Adapters/EVM/NOVOVM-EVM-DOCS-AUDIT-AND-CLEANUP-2026-03-18.md","D34124A6310459ECA050AFBEC07F2523F43DAF1D2D37BBB5AE73C44437D197F2","docs_CN/Adapters/EVM/NOVOVM-EVM-DOCS-AUDIT-AND-CLEANUP-2026-03-18.md","retain current worktree and post-isolation changes","retain_current_original_path","","False","PENDING_USER_REVIEW"
"docs_CN/Adapters/EVM/NOVOVM-EVM-FULL-LIFECYCLE-CLOSURE-TARGET-2026-03-17.md","100644","41e23fea70985f11c257c52f585bea8fe8da1a01","unchanged_by_isolation","41e23fea70985f11c257c52f585bea8fe8da1a01",,"","41e23fea70985f11c257c52f585bea8fe8da1a01","","docs_CN/Adapters/EVM/NOVOVM-EVM-FULL-LIFECYCLE-CLOSURE-TARGET-2026-03-17.md","870E6F9308B611F1C36DA7E8FAFBCA437B8692C2E59A42EC2F09C74F7CA54006","docs_CN/Adapters/EVM/NOVOVM-EVM-FULL-LIFECYCLE-CLOSURE-TARGET-2026-03-17.md","retain current worktree and post-isolation changes","retain_current_original_path","","False","PENDING_USER_REVIEW"
"docs_CN/Adapters/EVM/NOVOVM-EVM-FULL-MIRROR-NODE-MODE-SPEC-2026-03-11.md","100644","1b77457a217cf23af76c1d1ae3423df4a316ac34","unchanged_by_isolation","1b77457a217cf23af76c1d1ae3423df4a316ac34",,"","1b77457a217cf23af76c1d1ae3423df4a316ac34","","docs_CN/Adapters/EVM/NOVOVM-EVM-FULL-MIRROR-NODE-MODE-SPEC-2026-03-11.md","3EA0D351CD7024635E1721612FF81FA8CB6C3EEBD2C53976F41DB0154EFC64FB","docs_CN/Adapters/EVM/NOVOVM-EVM-FULL-MIRROR-NODE-MODE-SPEC-2026-03-11.md","retain current worktree and post-isolation changes","retain_current_original_path","","False","PENDING_USER_REVIEW"
"docs_CN/Adapters/EVM/NOVOVM-EVM-GATEWAY-UCA-DEDUP-SIGNOFF-2026-06-13.md","100644","cab2874ad8a013ce1bb0f335510dd494ffdacc4a","unchanged_by_isolation","cab2874ad8a013ce1bb0f335510dd494ffdacc4a",,"","cab2874ad8a013ce1bb0f335510dd494ffdacc4a","","docs_CN/Adapters/EVM/NOVOVM-EVM-GATEWAY-UCA-DEDUP-SIGNOFF-2026-06-13.md","1657338081955DE3EC7B4F839D2E18086AC0209B19E822F8197CA7E41D1925D3","docs_CN/Adapters/EVM/NOVOVM-EVM-GATEWAY-UCA-DEDUP-SIGNOFF-2026-06-13.md","retain current worktree and post-isolation changes","retain_current_original_path","","False","PENDING_USER_REVIEW"
"docs_CN/Adapters/EVM/NOVOVM-EVM-GETH-EQUIVALENCE-READINESS-2026-06-06.md","100644","56779230e7a0b460dad51bf3709830b9d5f87a01","unchanged_by_isolation","56779230e7a0b460dad51bf3709830b9d5f87a01",,"","56779230e7a0b460dad51bf3709830b9d5f87a01","","docs_CN/Adapters/EVM/NOVOVM-EVM-GETH-EQUIVALENCE-READINESS-2026-06-06.md","92C16931D021AEFC196B5205005576BD4D31AA17B9D64DB066838B7A80E64CF0","docs_CN/Adapters/EVM/NOVOVM-EVM-GETH-EQUIVALENCE-READINESS-2026-06-06.md","retain current worktree and post-isolation changes","retain_current_original_path","","False","PENDING_USER_REVIEW"
"docs_CN/Adapters/EVM/NOVOVM-EVM-PLUGIN-BOUNDARY-IRON-LAWS-2026-03-13.md","100644","6f0627512b9625c5b20e2aa8d5748a1cf4a14265","unchanged_by_isolation","6f0627512b9625c5b20e2aa8d5748a1cf4a14265",,"","6f0627512b9625c5b20e2aa8d5748a1cf4a14265","","docs_CN/Adapters/EVM/NOVOVM-EVM-PLUGIN-BOUNDARY-IRON-LAWS-2026-03-13.md","483AB9D5EA4B67FEAEB3C10E8E25057B7F4173932651F2B662754C47226D203B","docs_CN/Adapters/EVM/NOVOVM-EVM-PLUGIN-BOUNDARY-IRON-LAWS-2026-03-13.md","retain current worktree and post-isolation changes","retain_current_original_path","","False","PENDING_USER_REVIEW"
"docs_CN/Adapters/EVM/NOVOVM-EVM-PLUGIN-CONFIG-SETUP-USAGE-2026-03-16.md","100644","a618bb7a321a777ab87e5a3b5229e47eb558ac96","unchanged_by_isolation","a618bb7a321a777ab87e5a3b5229e47eb558ac96",,"","a618bb7a321a777ab87e5a3b5229e47eb558ac96","","docs_CN/Adapters/EVM/NOVOVM-EVM-PLUGIN-CONFIG-SETUP-USAGE-2026-03-16.md","2695581CC260A317725343635045E42046ACE47253D731A1886F243E01126912","docs_CN/Adapters/EVM/NOVOVM-EVM-PLUGIN-CONFIG-SETUP-USAGE-2026-03-16.md","retain current worktree and post-isolation changes","retain_current_original_path","","False","PENDING_USER_REVIEW"
"docs_CN/Adapters/EVM/NOVOVM-EVM-PRODUCT-V1-SIGNOFF-2026-06-13.md","100644","c2626ef2a8173b9b528d66040b2b29c730445b02","unchanged_by_isolation","c2626ef2a8173b9b528d66040b2b29c730445b02",,"","c2626ef2a8173b9b528d66040b2b29c730445b02","","docs_CN/Adapters/EVM/NOVOVM-EVM-PRODUCT-V1-SIGNOFF-2026-06-13.md","BFAF41067370BAD194C02103FA3C2EF398E6947BD047772E2A29530C9509800D","docs_CN/Adapters/EVM/NOVOVM-EVM-PRODUCT-V1-SIGNOFF-2026-06-13.md","retain current worktree and post-isolation changes","retain_current_original_path","","False","PENDING_USER_REVIEW"
"docs_CN/Adapters/EVM/NOVOVM-EVM-PROTOCOL-OBSERVABLE-EQUIVALENCE-V1-2026-06-07.md","100644","f08d66c38efa825e1acb60753520beeec7ca9dbb","unchanged_by_isolation","f08d66c38efa825e1acb60753520beeec7ca9dbb",,"","f08d66c38efa825e1acb60753520beeec7ca9dbb","","docs_CN/Adapters/EVM/NOVOVM-EVM-PROTOCOL-OBSERVABLE-EQUIVALENCE-V1-2026-06-07.md","A63057FB8F3E31790B5D51A5D77E66337E6EF008C8DC68CBF611E3DA45CB5EC5","docs_CN/Adapters/EVM/NOVOVM-EVM-PROTOCOL-OBSERVABLE-EQUIVALENCE-V1-2026-06-07.md","retain current worktree and post-isolation changes","retain_current_original_path","","False","PENDING_USER_REVIEW"
"docs_CN/Adapters/EVM/NOVOVM-EVM-WALLET-RPC-ENTRY-V1-2026-06-13.md","100644","530f57819c47e9c704a5d81ee6d7b8020fceb883","unchanged_by_isolation","530f57819c47e9c704a5d81ee6d7b8020fceb883",,"","530f57819c47e9c704a5d81ee6d7b8020fceb883","","docs_CN/Adapters/EVM/NOVOVM-EVM-WALLET-RPC-ENTRY-V1-2026-06-13.md","2CB8FBA3D11EF13BA7CF7D1C10CA871EFFF28C1C00E271B60D5857D2EDC46C4C","docs_CN/Adapters/EVM/NOVOVM-EVM-WALLET-RPC-ENTRY-V1-2026-06-13.md","retain current worktree and post-isolation changes","retain_current_original_path","","False","PENDING_USER_REVIEW"
"docs_CN/Adapters/EVM/NOVOVM-EXTERNAL-INGRESS-BOUNDARY-AND-BINARY-PIPELINE-ARCH-2026-03-09.md","100644","c071376f5bd5a92b4b4e95cb4583383925c3faed","unchanged_by_isolation","c071376f5bd5a92b4b4e95cb4583383925c3faed",,"","c071376f5bd5a92b4b4e95cb4583383925c3faed","","docs_CN/Adapters/EVM/NOVOVM-EXTERNAL-INGRESS-BOUNDARY-AND-BINARY-PIPELINE-ARCH-2026-03-09.md","D488A29A48418844D3070C4A168E433D97F223063CFE1A39E3E15C9469DE12AC","docs_CN/Adapters/EVM/NOVOVM-EXTERNAL-INGRESS-BOUNDARY-AND-BINARY-PIPELINE-ARCH-2026-03-09.md","retain current worktree and post-isolation changes","retain_current_original_path","","False","PENDING_USER_REVIEW"
"docs_CN/Adapters/EVM/NOVOVM-UNIFIED-ACCOUNT-AND-EVM-PERSONA-MAPPING-SPEC-2026-03-06.md","100644","c7aa4031e898840e677b6965c4ee71b7a1c26e23","unchanged_by_isolation","c7aa4031e898840e677b6965c4ee71b7a1c26e23",,"","c7aa4031e898840e677b6965c4ee71b7a1c26e23","","docs_CN/Adapters/EVM/NOVOVM-UNIFIED-ACCOUNT-AND-EVM-PERSONA-MAPPING-SPEC-2026-03-06.md","BBE11DC6D6DB70BCCE419EADF7FF111D1529C8ADE73709534A306FDD32AC2C49","docs_CN/Adapters/EVM/NOVOVM-UNIFIED-ACCOUNT-AND-EVM-PERSONA-MAPPING-SPEC-2026-03-06.md","retain current worktree and post-isolation changes","retain_current_original_path","","False","PENDING_USER_REVIEW"
"docs_CN/Adapters/EVM/NOVOVM-WEB30-EVM-SEMANTIC-MAPPING-MATRIX-2026-03-06.md","100644","ff51dbabfd8053bf89e70e5f9a3ad6bbf12785a9","unchanged_by_isolation","ff51dbabfd8053bf89e70e5f9a3ad6bbf12785a9",,"","ff51dbabfd8053bf89e70e5f9a3ad6bbf12785a9","","docs_CN/Adapters/EVM/NOVOVM-WEB30-EVM-SEMANTIC-MAPPING-MATRIX-2026-03-06.md","5B2269A017ADCD3FA7BCEDA834E769F773A4B12FBC966893FEB149EE149F5C1D","docs_CN/Adapters/EVM/NOVOVM-WEB30-EVM-SEMANTIC-MAPPING-MATRIX-2026-03-06.md","retain current worktree and post-isolation changes","retain_current_original_path","","False","PENDING_USER_REVIEW"
"docs_CN/Adapters/EVM/README.md","100644","a90c7485f3d624b2a351e05f960eff27e6d90ef4","unchanged_by_isolation","a90c7485f3d624b2a351e05f960eff27e6d90ef4",,"","a90c7485f3d624b2a351e05f960eff27e6d90ef4","","docs_CN/Adapters/EVM/README.md","036F3FF454BD9DEC2B1BBF611BF95FCFFBEE570F8EB0A380B0468B12EC66688C","docs_CN/Adapters/EVM/README.md","retain current worktree and post-isolation changes","retain_current_original_path","","False","PENDING_USER_REVIEW"
"docs_CN/AOEM-FFI/AOEM-FFI-BETA08-INTEGRATION-2026-03-01.md","100644","d9b156dab452938add76a54cfe96fda05394c52e","unchanged_by_isolation","d9b156dab452938add76a54cfe96fda05394c52e",,"","d9b156dab452938add76a54cfe96fda05394c52e","","docs_CN/AOEM-FFI/AOEM-FFI-BETA08-INTEGRATION-2026-03-01.md","55414E76816B5E10E1F2E166A43A538ADA299734030BC86DFCF71B46D527BE9F","docs_CN/AOEM-FFI/AOEM-FFI-BETA08-INTEGRATION-2026-03-01.md","retain current worktree and post-isolation changes","retain_current_original_path","","False","PENDING_USER_REVIEW"
"docs_CN/AOEM-FFI/AOEM-FFI-FULLMAX-CAPABILITY-MATRIX-2026-03-12.md","100644","e5bdc2ee19ae5d2f200da9f47882e4c9c04b72df","unchanged_by_isolation","e5bdc2ee19ae5d2f200da9f47882e4c9c04b72df",,"","e5bdc2ee19ae5d2f200da9f47882e4c9c04b72df","","docs_CN/AOEM-FFI/AOEM-FFI-FULLMAX-CAPABILITY-MATRIX-2026-03-12.md","04595C072FB6DFD09D189A7755CD623EF692A18094D15139ADFFA184DEAF094C","docs_CN/AOEM-FFI/AOEM-FFI-FULLMAX-CAPABILITY-MATRIX-2026-03-12.md","retain current worktree and post-isolation changes","retain_current_original_path","","False","PENDING_USER_REVIEW"
"docs_CN/AOEM-FFI/AOEM-FFI-HOST-CALL-PARAMS-V1-2026-03-10.md","100644","df88a0531e47c602359b4229e9928d97d907b9a6","unchanged_by_isolation","df88a0531e47c602359b4229e9928d97d907b9a6",,"","df88a0531e47c602359b4229e9928d97d907b9a6","","docs_CN/AOEM-FFI/AOEM-FFI-HOST-CALL-PARAMS-V1-2026-03-10.md","4AD1C71CF0650D2E8CC88C10A38C37E08B212D3349624C241224FA3B8D242845","docs_CN/AOEM-FFI/AOEM-FFI-HOST-CALL-PARAMS-V1-2026-03-10.md","retain current worktree and post-isolation changes","retain_current_original_path","","False","PENDING_USER_REVIEW"
"docs_CN/AOEM-FFI/AOEM-INTRODUCTION-V1-2026-03-15.md","100644","310bf2e5549e3ea231793a5512c89b29f36652e2","unchanged_by_isolation","310bf2e5549e3ea231793a5512c89b29f36652e2",,"","310bf2e5549e3ea231793a5512c89b29f36652e2","","docs_CN/AOEM-FFI/AOEM-INTRODUCTION-V1-2026-03-15.md","6A320E29FAA2D052223491340C7073126D0A876F6F8A3D26F7BEDA0C000D322E","docs_CN/AOEM-FFI/AOEM-INTRODUCTION-V1-2026-03-15.md","retain current worktree and post-isolation changes","retain_current_original_path","","False","PENDING_USER_REVIEW"
"docs_CN/AOEM-FFI/archive/AOEM-BETA08-TRUST-PACK-CHECKLIST-2026-03-02.md","100644","b1fb7f4220636723ded67ccaec157cc5e95a1143","unchanged_by_isolation","b1fb7f4220636723ded67ccaec157cc5e95a1143",,"","b1fb7f4220636723ded67ccaec157cc5e95a1143","","docs_CN/AOEM-FFI/archive/AOEM-BETA08-TRUST-PACK-CHECKLIST-2026-03-02.md","07C30DDD489FD3A3644579478C8703987E8B692E332F8EF015F3AC8FBC6801FC","docs_CN/AOEM-FFI/archive/AOEM-BETA08-TRUST-PACK-CHECKLIST-2026-03-02.md","retain current worktree and post-isolation changes","retain_current_original_path","","False","PENDING_USER_REVIEW"
"docs_CN/AOEM-FFI/archive/AOEM-BETA08-VERIFY-AND-PACK-2026-03-02.md","100644","acb8ae0a52b259f8832df935d96c1d85a51dab90","unchanged_by_isolation","acb8ae0a52b259f8832df935d96c1d85a51dab90",,"","acb8ae0a52b259f8832df935d96c1d85a51dab90","","docs_CN/AOEM-FFI/archive/AOEM-BETA08-VERIFY-AND-PACK-2026-03-02.md","A9AA5CFB087CE0385942EAC86CEBA5AB6A431091B1321044399FA62F0CC5D5ED","docs_CN/AOEM-FFI/archive/AOEM-BETA08-VERIFY-AND-PACK-2026-03-02.md","retain current worktree and post-isolation changes","retain_current_original_path","","False","PENDING_USER_REVIEW"
"docs_CN/AOEM-FFI/archive/AOEM-FFI-BETA08-TPS-SEAL-2026-03-02.md","100644","55ace1f1fd3ba2df2f93dc1c024e37e9c894202b","unchanged_by_isolation","55ace1f1fd3ba2df2f93dc1c024e37e9c894202b",,"","55ace1f1fd3ba2df2f93dc1c024e37e9c894202b","","docs_CN/AOEM-FFI/archive/AOEM-FFI-BETA08-TPS-SEAL-2026-03-02.md","7FEB101F3DBF9C3166C44B91B2A4F47ED229364329F90BD82ED342969E029338","docs_CN/AOEM-FFI/archive/AOEM-FFI-BETA08-TPS-SEAL-2026-03-02.md","retain current worktree and post-isolation changes","retain_current_original_path","","False","PENDING_USER_REVIEW"
"docs_CN/AOEM-FFI/archive/AOEM-FFI-BETA08-TPS-SEAL-Linux-2026-03-10.md","100644","61837a29a8f2b2bc50e4a566d17b0b7d799bd072","unchanged_by_isolation","61837a29a8f2b2bc50e4a566d17b0b7d799bd072",,"","61837a29a8f2b2bc50e4a566d17b0b7d799bd072","","docs_CN/AOEM-FFI/archive/AOEM-FFI-BETA08-TPS-SEAL-Linux-2026-03-10.md","CC99D8EA466138B399D0603117EDF498F41E72E05A2E2C87140799491E4D7883","docs_CN/AOEM-FFI/archive/AOEM-FFI-BETA08-TPS-SEAL-Linux-2026-03-10.md","retain current worktree and post-isolation changes","retain_current_original_path","","False","PENDING_USER_REVIEW"
"docs_CN/AOEM-FFI/archive/AOEM-FFI-BETA08-TPS-SEAL-macOS-2026-03-06.md","100644","f337dd008af791a448943105c9390e65d3d3a713","unchanged_by_isolation","f337dd008af791a448943105c9390e65d3d3a713",,"","f337dd008af791a448943105c9390e65d3d3a713","","docs_CN/AOEM-FFI/archive/AOEM-FFI-BETA08-TPS-SEAL-macOS-2026-03-06.md","798BEBD07F7FBDA15F5A994F8066DACFD8A3D8EE212FF883D901236A17D6BBAF","docs_CN/AOEM-FFI/archive/AOEM-FFI-BETA08-TPS-SEAL-macOS-2026-03-06.md","retain current worktree and post-isolation changes","retain_current_original_path","","False","PENDING_USER_REVIEW"
"docs_CN/AOEM-FFI/archive/AOEM-FFI-CAPABILITY-TRANSPARENCY-MATRIX-2026-03-15.md","100644","db406f0fa01c04008c8c167d211633af0b3d5004","unchanged_by_isolation","db406f0fa01c04008c8c167d211633af0b3d5004",,"","db406f0fa01c04008c8c167d211633af0b3d5004","","docs_CN/AOEM-FFI/archive/AOEM-FFI-CAPABILITY-TRANSPARENCY-MATRIX-2026-03-15.md","47F1B6C929EC0BFE2887510A05B6BC8659A67AF030E5D9CD0E85121B37950D7E","docs_CN/AOEM-FFI/archive/AOEM-FFI-CAPABILITY-TRANSPARENCY-MATRIX-2026-03-15.md","retain current worktree and post-isolation changes","retain_current_original_path","","False","PENDING_USER_REVIEW"
"docs_CN/AOEM-FFI/archive/AOEM-FFI-CORE-SIDECAR-E2E-TX-TPS-RAW-2026-03-08-FAST.csv","100644","0f757e60e8bd9e16935fe1581321e3113f7256c9","unchanged_by_isolation","0f757e60e8bd9e16935fe1581321e3113f7256c9",,"","0f757e60e8bd9e16935fe1581321e3113f7256c9","","docs_CN/AOEM-FFI/archive/AOEM-FFI-CORE-SIDECAR-E2E-TX-TPS-RAW-2026-03-08-FAST.csv","F4EB8EC93C72015A3D5D331F8B785DBEC198AC011D583F85A19E0A28BA990DD8","docs_CN/AOEM-FFI/archive/AOEM-FFI-CORE-SIDECAR-E2E-TX-TPS-RAW-2026-03-08-FAST.csv","retain current worktree and post-isolation changes","retain_current_original_path","","False","PENDING_USER_REVIEW"
"docs_CN/AOEM-FFI/archive/AOEM-FFI-CORE-SIDECAR-E2E-TX-TPS-RAW-2026-03-08-FULL.csv","100644","24f57c2b38cea9902434d99d3a508d0868062827","unchanged_by_isolation","24f57c2b38cea9902434d99d3a508d0868062827",,"","24f57c2b38cea9902434d99d3a508d0868062827","","docs_CN/AOEM-FFI/archive/AOEM-FFI-CORE-SIDECAR-E2E-TX-TPS-RAW-2026-03-08-FULL.csv","C93C1A33164A1B81DABB7351A62693B1C23DFCB35857DB760F942EE72F976EE1","docs_CN/AOEM-FFI/archive/AOEM-FFI-CORE-SIDECAR-E2E-TX-TPS-RAW-2026-03-08-FULL.csv","retain current worktree and post-isolation changes","retain_current_original_path","","False","PENDING_USER_REVIEW"
"docs_CN/AOEM-FFI/archive/AOEM-FFI-CORE-SIDECAR-E2E-TX-TPS-RAW-2026-03-08-SCALE-1M.csv","100644","82a1b11543a0bdddecb3309273900443c7d14ba5","unchanged_by_isolation","82a1b11543a0bdddecb3309273900443c7d14ba5",,"","82a1b11543a0bdddecb3309273900443c7d14ba5","","docs_CN/AOEM-FFI/archive/AOEM-FFI-CORE-SIDECAR-E2E-TX-TPS-RAW-2026-03-08-SCALE-1M.csv","BEE588B06F7800D8E1C7A013EEFFEB6C1C477533904EBBAF3E8FF8DA3C3BF0BF","docs_CN/AOEM-FFI/archive/AOEM-FFI-CORE-SIDECAR-E2E-TX-TPS-RAW-2026-03-08-SCALE-1M.csv","retain current worktree and post-isolation changes","retain_current_original_path","","False","PENDING_USER_REVIEW"
"docs_CN/AOEM-FFI/archive/AOEM-FFI-CORE-SIDECAR-E2E-TX-TPS-RAW-2026-03-08-SCALE-500K.csv","100644","9b707fd3c20209e4f61fdf8f7b5660daf719d1c0","unchanged_by_isolation","9b707fd3c20209e4f61fdf8f7b5660daf719d1c0",,"","9b707fd3c20209e4f61fdf8f7b5660daf719d1c0","","docs_CN/AOEM-FFI/archive/AOEM-FFI-CORE-SIDECAR-E2E-TX-TPS-RAW-2026-03-08-SCALE-500K.csv","D57815373F3F5AA74561D9588B1166E0194F2C52964F18B4ECA6D6332D20D09B","docs_CN/AOEM-FFI/archive/AOEM-FFI-CORE-SIDECAR-E2E-TX-TPS-RAW-2026-03-08-SCALE-500K.csv","retain current worktree and post-isolation changes","retain_current_original_path","","False","PENDING_USER_REVIEW"
"docs_CN/AOEM-FFI/archive/AOEM-FFI-CORE-SIDECAR-E2E-TX-TPS-RAW-2026-03-08-SIDECAR-FAST.csv","100644","4f8b063f13f02ae5020aa0e99a32b0cf46e5bca1","unchanged_by_isolation","4f8b063f13f02ae5020aa0e99a32b0cf46e5bca1",,"","4f8b063f13f02ae5020aa0e99a32b0cf46e5bca1","","docs_CN/AOEM-FFI/archive/AOEM-FFI-CORE-SIDECAR-E2E-TX-TPS-RAW-2026-03-08-SIDECAR-FAST.csv","371E03F17D37B1E76FE7F5E0A6EBA79D7C60BBAE43818F1C59D9FFCF145C6278","docs_CN/AOEM-FFI/archive/AOEM-FFI-CORE-SIDECAR-E2E-TX-TPS-RAW-2026-03-08-SIDECAR-FAST.csv","retain current worktree and post-isolation changes","retain_current_original_path","","False","PENDING_USER_REVIEW"
"docs_CN/AOEM-FFI/archive/AOEM-FFI-CORE-SIDECAR-E2E-TX-TPS-RAW-2026-03-08-SIDECAR-FULL.csv","100644","e3168267b5f509ecf840adcaf656b34effa1024f","unchanged_by_isolation","e3168267b5f509ecf840adcaf656b34effa1024f",,"","e3168267b5f509ecf840adcaf656b34effa1024f","","docs_CN/AOEM-FFI/archive/AOEM-FFI-CORE-SIDECAR-E2E-TX-TPS-RAW-2026-03-08-SIDECAR-FULL.csv","AD3AA33F288C76FDAC93C5EA0D19BDC2CF56D21C4306FA3485028875D75C6481","docs_CN/AOEM-FFI/archive/AOEM-FFI-CORE-SIDECAR-E2E-TX-TPS-RAW-2026-03-08-SIDECAR-FULL.csv","retain current worktree and post-isolation changes","retain_current_original_path","","False","PENDING_USER_REVIEW"
"docs_CN/AOEM-FFI/archive/AOEM-FFI-CORE-SIDECAR-E2E-TX-TPS-RAW-2026-03-08.csv","100644","386146ea95d182a8d784b9739b71704430628067","unchanged_by_isolation","386146ea95d182a8d784b9739b71704430628067",,"","386146ea95d182a8d784b9739b71704430628067","","docs_CN/AOEM-FFI/archive/AOEM-FFI-CORE-SIDECAR-E2E-TX-TPS-RAW-2026-03-08.csv","DA576E53BD069D360B43F538EDB6D92CA8473DDA1B409B33638CFD5B0C9B8807","docs_CN/AOEM-FFI/archive/AOEM-FFI-CORE-SIDECAR-E2E-TX-TPS-RAW-2026-03-08.csv","retain current worktree and post-isolation changes","retain_current_original_path","","False","PENDING_USER_REVIEW"
"docs_CN/AOEM-FFI/archive/AOEM-FFI-CORE-SIDECAR-E2E-TX-TPS-SEAL-2026-03-08-FAST.md","100644","e87ed70fbb8327b9f0b79549f6c28b44030c1f74","unchanged_by_isolation","e87ed70fbb8327b9f0b79549f6c28b44030c1f74",,"","e87ed70fbb8327b9f0b79549f6c28b44030c1f74","","docs_CN/AOEM-FFI/archive/AOEM-FFI-CORE-SIDECAR-E2E-TX-TPS-SEAL-2026-03-08-FAST.md","6E3DD0116EB1245ED1F0B08A064215F37CE4E098564A6CA2630AF999EB893799","docs_CN/AOEM-FFI/archive/AOEM-FFI-CORE-SIDECAR-E2E-TX-TPS-SEAL-2026-03-08-FAST.md","retain current worktree and post-isolation changes","retain_current_original_path","","False","PENDING_USER_REVIEW"
"docs_CN/AOEM-FFI/archive/AOEM-FFI-CORE-SIDECAR-E2E-TX-TPS-SEAL-2026-03-08-FULL.md","100644","d7f1041525ca16dcea1789d906c2520b3517315d","unchanged_by_isolation","d7f1041525ca16dcea1789d906c2520b3517315d",,"","d7f1041525ca16dcea1789d906c2520b3517315d","","docs_CN/AOEM-FFI/archive/AOEM-FFI-CORE-SIDECAR-E2E-TX-TPS-SEAL-2026-03-08-FULL.md","1A7E2576768BE5B3818B92277DB6C4A72C71079951D82C1EED79DAEFC2947C7C","docs_CN/AOEM-FFI/archive/AOEM-FFI-CORE-SIDECAR-E2E-TX-TPS-SEAL-2026-03-08-FULL.md","retain current worktree and post-isolation changes","retain_current_original_path","","False","PENDING_USER_REVIEW"
"docs_CN/AOEM-FFI/archive/AOEM-FFI-CORE-SIDECAR-E2E-TX-TPS-SEAL-2026-03-08-SCALE-1M.md","100644","cc4cdc6bfd5894b2691d6340800dc191413fdece","unchanged_by_isolation","cc4cdc6bfd5894b2691d6340800dc191413fdece",,"","cc4cdc6bfd5894b2691d6340800dc191413fdece","","docs_CN/AOEM-FFI/archive/AOEM-FFI-CORE-SIDECAR-E2E-TX-TPS-SEAL-2026-03-08-SCALE-1M.md","B146A20BF673DD859569A73203DBAF3D57B232FFD7AC18E9F337ED55D36729D4","docs_CN/AOEM-FFI/archive/AOEM-FFI-CORE-SIDECAR-E2E-TX-TPS-SEAL-2026-03-08-SCALE-1M.md","retain current worktree and post-isolation changes","retain_current_original_path","","False","PENDING_USER_REVIEW"
"docs_CN/AOEM-FFI/archive/AOEM-FFI-CORE-SIDECAR-E2E-TX-TPS-SEAL-2026-03-08-SCALE-500K.md","100644","a57f453fb0cb89f53ac45592c6c53fc896da4bdc","unchanged_by_isolation","a57f453fb0cb89f53ac45592c6c53fc896da4bdc",,"","a57f453fb0cb89f53ac45592c6c53fc896da4bdc","","docs_CN/AOEM-FFI/archive/AOEM-FFI-CORE-SIDECAR-E2E-TX-TPS-SEAL-2026-03-08-SCALE-500K.md","85F1A907A3785876CA023378EAD90AB07E5D8109A424718FE55E7000BDC50297","docs_CN/AOEM-FFI/archive/AOEM-FFI-CORE-SIDECAR-E2E-TX-TPS-SEAL-2026-03-08-SCALE-500K.md","retain current worktree and post-isolation changes","retain_current_original_path","","False","PENDING_USER_REVIEW"
"docs_CN/AOEM-FFI/archive/AOEM-FFI-CORE-SIDECAR-E2E-TX-TPS-SEAL-2026-03-08-SIDECAR-FAST.md","100644","350725a67c863391bebdb21bbec4dc61793f15e9","unchanged_by_isolation","350725a67c863391bebdb21bbec4dc61793f15e9",,"","350725a67c863391bebdb21bbec4dc61793f15e9","","docs_CN/AOEM-FFI/archive/AOEM-FFI-CORE-SIDECAR-E2E-TX-TPS-SEAL-2026-03-08-SIDECAR-FAST.md","807186D3DB249FFDA894E4245D4DC2300180C9D4E4DBC86FB275CB8F90C00436","docs_CN/AOEM-FFI/archive/AOEM-FFI-CORE-SIDECAR-E2E-TX-TPS-SEAL-2026-03-08-SIDECAR-FAST.md","retain current worktree and post-isolation changes","retain_current_original_path","","False","PENDING_USER_REVIEW"
"docs_CN/AOEM-FFI/archive/AOEM-FFI-CORE-SIDECAR-E2E-TX-TPS-SEAL-2026-03-08-SIDECAR-FULL.md","100644","02e261d51997de22bb8a38be6e2252f6f3380b24","unchanged_by_isolation","02e261d51997de22bb8a38be6e2252f6f3380b24",,"","02e261d51997de22bb8a38be6e2252f6f3380b24","","docs_CN/AOEM-FFI/archive/AOEM-FFI-CORE-SIDECAR-E2E-TX-TPS-SEAL-2026-03-08-SIDECAR-FULL.md","E071D4919A4F6B1A56D0356B2EBB190254C1B3A218B727E8BBCE2A6D36E8915C","docs_CN/AOEM-FFI/archive/AOEM-FFI-CORE-SIDECAR-E2E-TX-TPS-SEAL-2026-03-08-SIDECAR-FULL.md","retain current worktree and post-isolation changes","retain_current_original_path","","False","PENDING_USER_REVIEW"
"docs_CN/AOEM-FFI/archive/AOEM-FFI-CORE-SIDECAR-E2E-TX-TPS-SEAL-2026-03-08.md","100644","dc15b8ccd358389a1113750327e398b8380ecc55","unchanged_by_isolation","dc15b8ccd358389a1113750327e398b8380ecc55",,"","dc15b8ccd358389a1113750327e398b8380ecc55","","docs_CN/AOEM-FFI/archive/AOEM-FFI-CORE-SIDECAR-E2E-TX-TPS-SEAL-2026-03-08.md","F9EC3694D9B2D8B23E877B2507BC3F4D425D99DD67287F798660433D38450110","docs_CN/AOEM-FFI/archive/AOEM-FFI-CORE-SIDECAR-E2E-TX-TPS-SEAL-2026-03-08.md","retain current worktree and post-isolation changes","retain_current_original_path","","False","PENDING_USER_REVIEW"
"docs_CN/AOEM-FFI/archive/AOEM-FFI-CORE-SIDECAR-TPS-RAW-2026-03-08.csv","100644","ae7243cca52428e607d8964ef9aa6f8a29a38686","unchanged_by_isolation","ae7243cca52428e607d8964ef9aa6f8a29a38686",,"","ae7243cca52428e607d8964ef9aa6f8a29a38686","","docs_CN/AOEM-FFI/archive/AOEM-FFI-CORE-SIDECAR-TPS-RAW-2026-03-08.csv","C8EDB4E3196ADEBAF7AE490FE1EAA214A7545B7675508DAD4BF2510462221384","docs_CN/AOEM-FFI/archive/AOEM-FFI-CORE-SIDECAR-TPS-RAW-2026-03-08.csv","retain current worktree and post-isolation changes","retain_current_original_path","","False","PENDING_USER_REVIEW"
"docs_CN/AOEM-FFI/archive/AOEM-FFI-CORE-SIDECAR-TPS-SEAL-2026-03-08.md","100644","5ea3be4975a5ed3916a88477765bd1fabc6730d6","unchanged_by_isolation","5ea3be4975a5ed3916a88477765bd1fabc6730d6",,"","5ea3be4975a5ed3916a88477765bd1fabc6730d6","","docs_CN/AOEM-FFI/archive/AOEM-FFI-CORE-SIDECAR-TPS-SEAL-2026-03-08.md","DB08E02FB9A2FC7CBD341E2426B5A53E879940076C5709D794685BDE764A2315","docs_CN/AOEM-FFI/archive/AOEM-FFI-CORE-SIDECAR-TPS-SEAL-2026-03-08.md","retain current worktree and post-isolation changes","retain_current_original_path","","False","PENDING_USER_REVIEW"
"docs_CN/AOEM-FFI/archive/AOEM-FFI-D1-HOST-CALL-PARAMS-V1-2026-03-10.md","100644","d262974682bb75bf59832d7af9dd616dce799a30","unchanged_by_isolation","d262974682bb75bf59832d7af9dd616dce799a30",,"","d262974682bb75bf59832d7af9dd616dce799a30","","docs_CN/AOEM-FFI/archive/AOEM-FFI-D1-HOST-CALL-PARAMS-V1-2026-03-10.md","ECF84D4DDC7939E70CEFC51DAF03063E99F8CA751FCDF9ED9B1CD28CC0561923","docs_CN/AOEM-FFI/archive/AOEM-FFI-D1-HOST-CALL-PARAMS-V1-2026-03-10.md","retain current worktree and post-isolation changes","retain_current_original_path","","False","PENDING_USER_REVIEW"
"docs_CN/AOEM-FFI/archive/AOEM-FFI-E2E-TPS-MODE-COMPARISON-2026-03-08.md","100644","ec80961a55a87857b91fb7de5d5bbe1882181016","unchanged_by_isolation","ec80961a55a87857b91fb7de5d5bbe1882181016",,"","ec80961a55a87857b91fb7de5d5bbe1882181016","","docs_CN/AOEM-FFI/archive/AOEM-FFI-E2E-TPS-MODE-COMPARISON-2026-03-08.md","722C8035F5FE51258924F8DAF5A25EF30B10288F797B838AA3874D1A8512AD7D","docs_CN/AOEM-FFI/archive/AOEM-FFI-E2E-TPS-MODE-COMPARISON-2026-03-08.md","retain current worktree and post-isolation changes","retain_current_original_path","","False","PENDING_USER_REVIEW"
"docs_CN/AOEM-FFI/archive/AOEM-FFI-FULLMAX-INTEGRATION-2026-03-12.md","100644","61dd8343515a62548ec65b530cc2f8cd5307a99b","unchanged_by_isolation","61dd8343515a62548ec65b530cc2f8cd5307a99b",,"","61dd8343515a62548ec65b530cc2f8cd5307a99b","","docs_CN/AOEM-FFI/archive/AOEM-FFI-FULLMAX-INTEGRATION-2026-03-12.md","C284097E5B2304714C5D06376D8FD2AE3CBD0EC0E5E1D931E58977F2A13C395D","docs_CN/AOEM-FFI/archive/AOEM-FFI-FULLMAX-INTEGRATION-2026-03-12.md","retain current worktree and post-isolation changes","retain_current_original_path","","False","PENDING_USER_REVIEW"
"docs_CN/AOEM-FFI/archive/AOEM-PROD-E2E-TPS-RAW-2026-03-08.csv","100644","c715827351e6e814c74c97cf863ad52281945faf","unchanged_by_isolation","c715827351e6e814c74c97cf863ad52281945faf",,"","c715827351e6e814c74c97cf863ad52281945faf","","docs_CN/AOEM-FFI/archive/AOEM-PROD-E2E-TPS-RAW-2026-03-08.csv","32F046FF14EE1DC10C86902F06B67AB28937F918D54A0931D525D0F0259B62C1","docs_CN/AOEM-FFI/archive/AOEM-PROD-E2E-TPS-RAW-2026-03-08.csv","retain current worktree and post-isolation changes","retain_current_original_path","","False","PENDING_USER_REVIEW"
"docs_CN/AOEM-FFI/archive/AOEM-PROD-E2E-TPS-SEAL-2026-03-08.md","100644","e32bd7d12e8cf6b547bc9e658544ce0f9543fc15","unchanged_by_isolation","e32bd7d12e8cf6b547bc9e658544ce0f9543fc15",,"","e32bd7d12e8cf6b547bc9e658544ce0f9543fc15","","docs_CN/AOEM-FFI/archive/AOEM-PROD-E2E-TPS-SEAL-2026-03-08.md","A5F33A1066CE9DE84A09DDC7E5BB72950AE92284D1E072F6BE8C46DF49F777E0","docs_CN/AOEM-FFI/archive/AOEM-PROD-E2E-TPS-SEAL-2026-03-08.md","retain current worktree and post-isolation changes","retain_current_original_path","","False","PENDING_USER_REVIEW"
"docs_CN/AOEM-FFI/archive/AOEM-PROD-PERSISTENT-PIPELINE-AND-METRICS-2026-03-08.md","100644","33c0acd906870f5f9fb8502b16824a52f2dd5d89","unchanged_by_isolation","33c0acd906870f5f9fb8502b16824a52f2dd5d89",,"","33c0acd906870f5f9fb8502b16824a52f2dd5d89","","docs_CN/AOEM-FFI/archive/AOEM-PROD-PERSISTENT-PIPELINE-AND-METRICS-2026-03-08.md","63F8E77CE9049B450A8850E0D9DFC48EC9473F9B5D0DCE421296263F1B4B1331","docs_CN/AOEM-FFI/archive/AOEM-PROD-PERSISTENT-PIPELINE-AND-METRICS-2026-03-08.md","retain current worktree and post-isolation changes","retain_current_original_path","","False","PENDING_USER_REVIEW"
"docs_CN/AOEM-FFI/archive/AOEM-PROD-STEADY-TPS-RAW-2026-03-08.csv","100644","825bcd3f2d60ef27a8b0540e677bbcf455a2d773","unchanged_by_isolation","825bcd3f2d60ef27a8b0540e677bbcf455a2d773",,"","825bcd3f2d60ef27a8b0540e677bbcf455a2d773","","docs_CN/AOEM-FFI/archive/AOEM-PROD-STEADY-TPS-RAW-2026-03-08.csv","33BED20752E9959967EE8BBCAFC7F263A28928EC96CAC116C9E590F4CF801DF3","docs_CN/AOEM-FFI/archive/AOEM-PROD-STEADY-TPS-RAW-2026-03-08.csv","retain current worktree and post-isolation changes","retain_current_original_path","","False","PENDING_USER_REVIEW"
"docs_CN/AOEM-FFI/archive/AOEM-PROD-STEADY-TPS-SEAL-2026-03-08.md","100644","18c1db15474f91ff40cb30c4f866e0ad27c634ef","unchanged_by_isolation","18c1db15474f91ff40cb30c4f866e0ad27c634ef",,"","18c1db15474f91ff40cb30c4f866e0ad27c634ef","","docs_CN/AOEM-FFI/archive/AOEM-PROD-STEADY-TPS-SEAL-2026-03-08.md","32FD7E24B93845DD839DDCBC651A8183EDF870398B11A0BFB55619E461BE0483","docs_CN/AOEM-FFI/archive/AOEM-PROD-STEADY-TPS-SEAL-2026-03-08.md","retain current worktree and post-isolation changes","retain_current_original_path","","False","PENDING_USER_REVIEW"
"docs_CN/AOEM-FFI/README.md","100644","68f402d9e5e7894a291b76e8f3521b636b8a5b44","unchanged_by_isolation","68f402d9e5e7894a291b76e8f3521b636b8a5b44",,"","68f402d9e5e7894a291b76e8f3521b636b8a5b44","","docs_CN/AOEM-FFI/README.md","2A8BE0DE444FB0E98A24F7D01CD687AAE95AB1E603CE7AB3A0228822A30ACA1A","docs_CN/AOEM-FFI/README.md","retain current worktree and post-isolation changes","retain_current_original_path","","False","PENDING_USER_REVIEW"
"docs_CN/AOEM-FFI/SUPERVM-AOEM-CAPABILITY-AUDIT-V1-2026-05-23.md","100644","25fa78ea75fddf5ef87a24d1cc5f7490cbcb65ff","unchanged_by_isolation","25fa78ea75fddf5ef87a24d1cc5f7490cbcb65ff",,"","25fa78ea75fddf5ef87a24d1cc5f7490cbcb65ff","","docs_CN/AOEM-FFI/SUPERVM-AOEM-CAPABILITY-AUDIT-V1-2026-05-23.md","B40CF93663538D95051FC40E6EBFE6C461776895B10257CFC83F98A190A7BD5B","docs_CN/AOEM-FFI/SUPERVM-AOEM-CAPABILITY-AUDIT-V1-2026-05-23.md","retain current worktree and post-isolation changes","retain_current_original_path","","False","PENDING_USER_REVIEW"
"docs_CN/AOEM-FFI/SUPERVM-AOEM-CONFIDENTIAL-TRANSFER-V1-2026-05-24.md","100644","2908238c52a7407599c709abfd864b1ca6af19d2","unchanged_by_isolation","2908238c52a7407599c709abfd864b1ca6af19d2",,"","2908238c52a7407599c709abfd864b1ca6af19d2","","docs_CN/AOEM-FFI/SUPERVM-AOEM-CONFIDENTIAL-TRANSFER-V1-2026-05-24.md","AC4B63DA195DF6A8A3FF212E25EE9CBEF7570CA311F113ECFF785A8F2F25DEE2","docs_CN/AOEM-FFI/SUPERVM-AOEM-CONFIDENTIAL-TRANSFER-V1-2026-05-24.md","retain current worktree and post-isolation changes","retain_current_original_path","","False","PENDING_USER_REVIEW"
"docs_CN/AOEM-FFI/SUPERVM-AOEM-FULLMAX-RUNTIME-BASELINE-2026-05-23.md","100644","b3ea1bdb11bd040c88dbc250112aa3282d983b38","unchanged_by_isolation","b3ea1bdb11bd040c88dbc250112aa3282d983b38",,"","b3ea1bdb11bd040c88dbc250112aa3282d983b38","","docs_CN/AOEM-FFI/SUPERVM-AOEM-FULLMAX-RUNTIME-BASELINE-2026-05-23.md","5F2012CB2C7B90BDDE091F834CE15FA5564C45E10292645E16E526E8D56C69CE","docs_CN/AOEM-FFI/SUPERVM-AOEM-FULLMAX-RUNTIME-BASELINE-2026-05-23.md","retain current worktree and post-isolation changes","retain_current_original_path","","False","PENDING_USER_REVIEW"
"docs_CN/AOEM-FFI/SUPERVM-AOEM-PROOF-ENGINE-HOST-INTEGRATION-V1-2026-05-23.md","100644","68ba15511bf04ba092ac6c62f4c5154b1c5247c0","unchanged_by_isolation","68ba15511bf04ba092ac6c62f4c5154b1c5247c0",,"","68ba15511bf04ba092ac6c62f4c5154b1c5247c0","","docs_CN/AOEM-FFI/SUPERVM-AOEM-PROOF-ENGINE-HOST-INTEGRATION-V1-2026-05-23.md","B401ECD16645567F3AE6C318F4773AC3E4706D2DEA83B5A7A0DDE195648BA5C3","docs_CN/AOEM-FFI/SUPERVM-AOEM-PROOF-ENGINE-HOST-INTEGRATION-V1-2026-05-23.md","retain current worktree and post-isolation changes","retain_current_original_path","","False","PENDING_USER_REVIEW"
"docs_CN/AOEM-FFI/SUPERVM-ZK-PROOF-INTEGRATION-V1-2026-03-15.md","100644","29bc92a668d1248890a288d9bcc6c25ac1355002","unchanged_by_isolation","29bc92a668d1248890a288d9bcc6c25ac1355002",,"","29bc92a668d1248890a288d9bcc6c25ac1355002","","docs_CN/AOEM-FFI/SUPERVM-ZK-PROOF-INTEGRATION-V1-2026-03-15.md","A29560E1351C9A06E08DAE1F7CEA41EEDE1A7737770DBF1B1D83D6B1A5D3A45C","docs_CN/AOEM-FFI/SUPERVM-ZK-PROOF-INTEGRATION-V1-2026-03-15.md","retain current worktree and post-isolation changes","retain_current_original_path","","False","PENDING_USER_REVIEW"
"docs_CN/CONSENSUS/NOVOVM-CONSENSUS-NETWORK-E2E-TPS-RAW-2026-03-08.csv","100644","fcc9192260ac445bc3c7e91cc8faeaa16377da32","unchanged_by_isolation","fcc9192260ac445bc3c7e91cc8faeaa16377da32",,"","fcc9192260ac445bc3c7e91cc8faeaa16377da32","","docs_CN/CONSENSUS/NOVOVM-CONSENSUS-NETWORK-E2E-TPS-RAW-2026-03-08.csv","1777190119E256B5FDBF6F139EC955FA25A6A84E628ED68BF110285731FF2185","docs_CN/CONSENSUS/NOVOVM-CONSENSUS-NETWORK-E2E-TPS-RAW-2026-03-08.csv","retain current worktree and post-isolation changes","retain_current_original_path","","False","PENDING_USER_REVIEW"
"docs_CN/CONSENSUS/NOVOVM-CONSENSUS-NETWORK-E2E-TPS-RAW-2026-03-15.csv","100644","f5d8b26798f449b5c6093ce48525a649bced1172","unchanged_by_isolation","f5d8b26798f449b5c6093ce48525a649bced1172",,"","f5d8b26798f449b5c6093ce48525a649bced1172","","docs_CN/CONSENSUS/NOVOVM-CONSENSUS-NETWORK-E2E-TPS-RAW-2026-03-15.csv","46914512ED96040A2B51B2A536093ABDC17BB736EB5CFC33E59405E6AA6F7AFF","docs_CN/CONSENSUS/NOVOVM-CONSENSUS-NETWORK-E2E-TPS-RAW-2026-03-15.csv","retain current worktree and post-isolation changes","retain_current_original_path","","False","PENDING_USER_REVIEW"
"docs_CN/CONSENSUS/NOVOVM-CONSENSUS-NETWORK-E2E-TPS-RAW-Linux-2026-03-10.csv","100644","51c501b92c38088c4ee4a1b789645dfe50e244b0","unchanged_by_isolation","51c501b92c38088c4ee4a1b789645dfe50e244b0",,"","51c501b92c38088c4ee4a1b789645dfe50e244b0","","docs_CN/CONSENSUS/NOVOVM-CONSENSUS-NETWORK-E2E-TPS-RAW-Linux-2026-03-10.csv","C8AB4C3AFCDF0877C43DACFF5D683D80997A67A1F165B3DC75B97FCCFED6A263","docs_CN/CONSENSUS/NOVOVM-CONSENSUS-NETWORK-E2E-TPS-RAW-Linux-2026-03-10.csv","retain current worktree and post-isolation changes","retain_current_original_path","","False","PENDING_USER_REVIEW"
"docs_CN/CONSENSUS/NOVOVM-CONSENSUS-NETWORK-E2E-TPS-SEAL-2026-03-08.md","100644","b64b9756c72f63ab1450bf692356e214c781dcd0","unchanged_by_isolation","b64b9756c72f63ab1450bf692356e214c781dcd0",,"","b64b9756c72f63ab1450bf692356e214c781dcd0","","docs_CN/CONSENSUS/NOVOVM-CONSENSUS-NETWORK-E2E-TPS-SEAL-2026-03-08.md","ECA355F9C6D0EE6706F1C4291CD4C89F646A7EC41A363907E8326855D1332197","docs_CN/CONSENSUS/NOVOVM-CONSENSUS-NETWORK-E2E-TPS-SEAL-2026-03-08.md","retain current worktree and post-isolation changes","retain_current_original_path","","False","PENDING_USER_REVIEW"
"docs_CN/CONSENSUS/NOVOVM-CONSENSUS-NETWORK-E2E-TPS-SEAL-2026-03-15.md","100644","7f6d2bde829989529291a7fff79194e82380af29","unchanged_by_isolation","7f6d2bde829989529291a7fff79194e82380af29",,"","7f6d2bde829989529291a7fff79194e82380af29","","docs_CN/CONSENSUS/NOVOVM-CONSENSUS-NETWORK-E2E-TPS-SEAL-2026-03-15.md","B965112F119A4306C4E843D5CBFEC88FA3BA7460533962BC353E48DED16E8496","docs_CN/CONSENSUS/NOVOVM-CONSENSUS-NETWORK-E2E-TPS-SEAL-2026-03-15.md","retain current worktree and post-isolation changes","retain_current_original_path","","False","PENDING_USER_REVIEW"
"docs_CN/CONSENSUS/NOVOVM-CONSENSUS-NETWORK-E2E-TPS-SEAL-Linux-2026-03-10.md","100644","517adf574cb6bab74e4fa33511136136642a4bc7","unchanged_by_isolation","517adf574cb6bab74e4fa33511136136642a4bc7",,"","517adf574cb6bab74e4fa33511136136642a4bc7","","docs_CN/CONSENSUS/NOVOVM-CONSENSUS-NETWORK-E2E-TPS-SEAL-Linux-2026-03-10.md","7B095CA8D6A952FEA576E698BCBB1B4BAEA214AA50021F20D899A45B5D6466AF","docs_CN/CONSENSUS/NOVOVM-CONSENSUS-NETWORK-E2E-TPS-SEAL-Linux-2026-03-10.md","retain current worktree and post-isolation changes","retain_current_original_path","","False","PENDING_USER_REVIEW"
"docs_CN/CONSENSUS/NOVOVM-CONSENSUS-PUBLISHABLE-AUDIT-AND-RULES-2026-03-05.md","100644","e4dd690ae61f38dd886346ab1ce9d06029f80c5e","unchanged_by_isolation","e4dd690ae61f38dd886346ab1ce9d06029f80c5e",,"","e4dd690ae61f38dd886346ab1ce9d06029f80c5e","","docs_CN/CONSENSUS/NOVOVM-CONSENSUS-PUBLISHABLE-AUDIT-AND-RULES-2026-03-05.md","D236772F20787D4033EF89A9C74A02D740DD49A94269CFB5117562AEAF15CFFD","docs_CN/CONSENSUS/NOVOVM-CONSENSUS-PUBLISHABLE-AUDIT-AND-RULES-2026-03-05.md","retain current worktree and post-isolation changes","retain_current_original_path","","False","PENDING_USER_REVIEW"
"docs_CN/CONSENSUS/NOVOVM-ECONOMIC-INFRA-MIGRATION-CHECKLIST-2026-03-07.md","100644","6aea09e03ea8ba8b8eb62cd2f2cab2ed0e8e09ce","unchanged_by_isolation","6aea09e03ea8ba8b8eb62cd2f2cab2ed0e8e09ce",,"","6aea09e03ea8ba8b8eb62cd2f2cab2ed0e8e09ce","","docs_CN/CONSENSUS/NOVOVM-ECONOMIC-INFRA-MIGRATION-CHECKLIST-2026-03-07.md","1AEF24C7DCF2944CBF58DD076BEACBDE261F941E4C528FBB1D4E596940DCB29D","docs_CN/CONSENSUS/NOVOVM-ECONOMIC-INFRA-MIGRATION-CHECKLIST-2026-03-07.md","retain current worktree and post-isolation changes","retain_current_original_path","","False","PENDING_USER_REVIEW"
"docs_CN/CONSENSUS/SVM2026-REFERENCE/docs-经济系统/核心金融基础设施(全部可用).md","100644","fb25d542344d3b18612c91267724dbee6addc438","unchanged_by_isolation","fb25d542344d3b18612c91267724dbee6addc438",,"","fb25d542344d3b18612c91267724dbee6addc438","","docs_CN/CONSENSUS/SVM2026-REFERENCE/docs-经济系统/核心金融基础设施(全部可用).md","88FFAF68515A649CA4ADFFBEAAE19ABF2A87E4FF9FC3DE7854FBCA30F03DB26E","docs_CN/CONSENSUS/SVM2026-REFERENCE/docs-经济系统/核心金融基础设施(全部可用).md","retain current worktree and post-isolation changes","retain_current_original_path","","False","PENDING_USER_REVIEW"
"docs_CN/CONSENSUS/SVM2026-REFERENCE/docs-商业计划/金融体系全景-总结.md","100644","48d8d4b85e429403544d61776a1750e280676043","unchanged_by_isolation","48d8d4b85e429403544d61776a1750e280676043",,"","48d8d4b85e429403544d61776a1750e280676043","","docs_CN/CONSENSUS/SVM2026-REFERENCE/docs-商业计划/金融体系全景-总结.md","FEF5278FE6C86F79288EEB6B5A8140F0D0E9208771A18B88C90343FF11B7FDEE","docs_CN/CONSENSUS/SVM2026-REFERENCE/docs-商业计划/金融体系全景-总结.md","retain current worktree and post-isolation changes","retain_current_original_path","","False","PENDING_USER_REVIEW"
"docs_CN/CONSENSUS/SVM2026-REFERENCE/docs-商业计划/经济模型","100644","5f4be54b0643f3af2279505189a9dfc1808a8973","unchanged_by_isolation","5f4be54b0643f3af2279505189a9dfc1808a8973",,"","5f4be54b0643f3af2279505189a9dfc1808a8973","","docs_CN/CONSENSUS/SVM2026-REFERENCE/docs-商业计划/经济模型","0789EC0563C91C3B2CE5C45B0E80DC9E5E89224D452D0C4F502F0384B728E2C2","docs_CN/CONSENSUS/SVM2026-REFERENCE/docs-商业计划/经济模型","retain current worktree and post-isolation changes","retain_current_original_path","","False","PENDING_USER_REVIEW"
"docs_CN/CONSENSUS/SVM2026-REFERENCE/docs-商业计划/经济模型与治理.md","100644","ccaa30c65cd448e2c5f0a160b115588c71cc49fa","unchanged_by_isolation","ccaa30c65cd448e2c5f0a160b115588c71cc49fa",,"","ccaa30c65cd448e2c5f0a160b115588c71cc49fa","","docs_CN/CONSENSUS/SVM2026-REFERENCE/docs-商业计划/经济模型与治理.md","5C7DA424177D47F122E651BC84F923C79409DCFD36060B50AFFF0EDACA38A9E1","docs_CN/CONSENSUS/SVM2026-REFERENCE/docs-商业计划/经济模型与治理.md","retain current worktree and post-isolation changes","retain_current_original_path","","False","PENDING_USER_REVIEW"
"docs_CN/CONSENSUS/SVM2026-REFERENCE/docs-商业计划/经济模型FAQ.md","100644","cd67c37ea8d1149cdde5787f03b9869b5eae9c4c","unchanged_by_isolation","cd67c37ea8d1149cdde5787f03b9869b5eae9c4c",,"","cd67c37ea8d1149cdde5787f03b9869b5eae9c4c","","docs_CN/CONSENSUS/SVM2026-REFERENCE/docs-商业计划/经济模型FAQ.md","4A6D3F4039A55A22CE4A006DD96A374E60295019795D7194616F1DFECC8FEBF5","docs_CN/CONSENSUS/SVM2026-REFERENCE/docs-商业计划/经济模型FAQ.md","retain current worktree and post-isolation changes","retain_current_original_path","","False","PENDING_USER_REVIEW"
"docs_CN/CONSENSUS/SVM2026-REFERENCE/docs-商业计划/融资需求速览.md","100644","f26f061938d12136e5863f4448bb5bd9f748c477","unchanged_by_isolation","f26f061938d12136e5863f4448bb5bd9f748c477",,"","f26f061938d12136e5863f4448bb5bd9f748c477","","docs_CN/CONSENSUS/SVM2026-REFERENCE/docs-商业计划/融资需求速览.md","5A7F391723D38E33ABEF7F4FA23F6A50F0CF290650E8D974656FA10AAA0117D2","docs_CN/CONSENSUS/SVM2026-REFERENCE/docs-商业计划/融资需求速览.md","retain current worktree and post-isolation changes","retain_current_original_path","","False","PENDING_USER_REVIEW"
"docs_CN/CONSENSUS/SVM2026-REFERENCE/docs-商业计划/双轨定价机制-刚性兑付与市场交易.md","100644","1fd97f0e7881648dd13552ce459ac50d6b4b6bf2","unchanged_by_isolation","1fd97f0e7881648dd13552ce459ac50d6b4b6bf2",,"","1fd97f0e7881648dd13552ce459ac50d6b4b6bf2","","docs_CN/CONSENSUS/SVM2026-REFERENCE/docs-商业计划/双轨定价机制-刚性兑付与市场交易.md","F539857F9DDBC9CD2F7FFFCA53536DDB8E20B491DEA43E444BDC85B6040E69FE","docs_CN/CONSENSUS/SVM2026-REFERENCE/docs-商业计划/双轨定价机制-刚性兑付与市场交易.md","retain current worktree and post-isolation changes","retain_current_original_path","","False","PENDING_USER_REVIEW"
"docs_CN/CONSENSUS/SVM2026-REFERENCE/docs-商业计划/投资人路演PPT大纲.md","100644","d9008d64408969775a4a27099fac07133042d24d","unchanged_by_isolation","d9008d64408969775a4a27099fac07133042d24d",,"","d9008d64408969775a4a27099fac07133042d24d","","docs_CN/CONSENSUS/SVM2026-REFERENCE/docs-商业计划/投资人路演PPT大纲.md","BEB12302E44E20669E22B0D33A6045087386BB7A42F2258961F82B6D05DE8F88","docs_CN/CONSENSUS/SVM2026-REFERENCE/docs-商业计划/投资人路演PPT大纲.md","retain current worktree and post-isolation changes","retain_current_original_path","","False","PENDING_USER_REVIEW"
"docs_CN/CONSENSUS/SVM2026-REFERENCE/docs-商业计划/ECON-INDEX.md","100644","e27b622610403c3e321afcc65e803314164d55b9","unchanged_by_isolation","e27b622610403c3e321afcc65e803314164d55b9",,"","e27b622610403c3e321afcc65e803314164d55b9","","docs_CN/CONSENSUS/SVM2026-REFERENCE/docs-商业计划/ECON-INDEX.md","AF1642AE8489B676587503BC7836BFF046872B8EFC3D531FEE23FC9A44E1CD98","docs_CN/CONSENSUS/SVM2026-REFERENCE/docs-商业计划/ECON-INDEX.md","retain current worktree and post-isolation changes","retain_current_original_path","","False","PENDING_USER_REVIEW"
"docs_CN/CONSENSUS/SVM2026-REFERENCE/docs-商业计划/SuperVM-经济白皮书.md","100644","b588424c5342010557e0dbc92e94afc4d676cac5","unchanged_by_isolation","b588424c5342010557e0dbc92e94afc4d676cac5",,"","b588424c5342010557e0dbc92e94afc4d676cac5","","docs_CN/CONSENSUS/SVM2026-REFERENCE/docs-商业计划/SuperVM-经济白皮书.md","889DFFE5339E637F75652884E87E952370D35309F07CA64DDEBC01EE2AB9D048","docs_CN/CONSENSUS/SVM2026-REFERENCE/docs-商业计划/SuperVM-经济白皮书.md","retain current worktree and post-isolation changes","retain_current_original_path","","False","PENDING_USER_REVIEW"
"docs_CN/CONSENSUS/SVM2026-REFERENCE/docs-商业计划/SuperVM-Tokenomics-Whitepaper.md","100644","2257d851f87340c86faf8d39bbbbde1f1c97af87","unchanged_by_isolation","2257d851f87340c86faf8d39bbbbde1f1c97af87",,"","2257d851f87340c86faf8d39bbbbde1f1c97af87","","docs_CN/CONSENSUS/SVM2026-REFERENCE/docs-商业计划/SuperVM-Tokenomics-Whitepaper.md","09B27B727C647513C2DC633F1014558403D71F03252BA2466BE4CD1D955482AA","docs_CN/CONSENSUS/SVM2026-REFERENCE/docs-商业计划/SuperVM-Tokenomics-Whitepaper.md","retain current worktree and post-isolation changes","retain_current_original_path","","False","PENDING_USER_REVIEW"
"docs_CN/CONSENSUS/SVM2026-REFERENCE/docs-商业计划/SuperVM公链启动商业计划书.md","100644","a9906c4119c8523c723471777e17c516a6d510dc","unchanged_by_isolation","a9906c4119c8523c723471777e17c516a6d510dc",,"","a9906c4119c8523c723471777e17c516a6d510dc","","docs_CN/CONSENSUS/SVM2026-REFERENCE/docs-商业计划/SuperVM公链启动商业计划书.md","507D00BA9D7193491D48724D5C22A9E8343ACC5FAB2B25B55381434EEE070AA3","docs_CN/CONSENSUS/SVM2026-REFERENCE/docs-商业计划/SuperVM公链启动商业计划书.md","retain current worktree and post-isolation changes","retain_current_original_path","","False","PENDING_USER_REVIEW"
"docs_CN/CONSENSUS/SVM2026-REFERENCE/docs-商业计划/TOKEN-COMPLETION-REPORT.md","100644","ba8dc848856068003b73b904f9e3443ddf0f419d","unchanged_by_isolation","ba8dc848856068003b73b904f9e3443ddf0f419d",,"","ba8dc848856068003b73b904f9e3443ddf0f419d","","docs_CN/CONSENSUS/SVM2026-REFERENCE/docs-商业计划/TOKEN-COMPLETION-REPORT.md","883971DD3BF827E368E6C33C8388901E27608477BE174FD8C127137421902680","docs_CN/CONSENSUS/SVM2026-REFERENCE/docs-商业计划/TOKEN-COMPLETION-REPORT.md","retain current worktree and post-isolation changes","retain_current_original_path","","False","PENDING_USER_REVIEW"
"docs_CN/CONSENSUS/SVM2026-REFERENCE/INDEX.md","100644","38bf482d583c8c54658eec92145666f941ed5bcf","unchanged_by_isolation","38bf482d583c8c54658eec92145666f941ed5bcf",,"","38bf482d583c8c54658eec92145666f941ed5bcf","","docs_CN/CONSENSUS/SVM2026-REFERENCE/INDEX.md","81E60EA3D499D4A465DD863271276633A65B90753A24808C9954B918321F73A8","docs_CN/CONSENSUS/SVM2026-REFERENCE/INDEX.md","retain current worktree and post-isolation changes","retain_current_original_path","","False","PENDING_USER_REVIEW"
"docs_CN/CURRENT-AUTHORITATIVE-ENTRYPOINT-2026-04-17.md","100644","d6c209887a56d31e61b497ea9c05052f15e6942d","unchanged_by_isolation","d6c209887a56d31e61b497ea9c05052f15e6942d",,"","d6c209887a56d31e61b497ea9c05052f15e6942d","","docs_CN/CURRENT-AUTHORITATIVE-ENTRYPOINT-2026-04-17.md","295A2B75368F96B4CD889ECA8FA25FFCD255D7DC9AF9DA8D6801660B499C8CF8","docs_CN/CURRENT-AUTHORITATIVE-ENTRYPOINT-2026-04-17.md","retain current worktree and post-isolation changes","retain_current_original_path","","False","PENDING_USER_REVIEW"
"docs_CN/INDEX-DESCRIPTIONS.md","100644","ef317551a8d914a0d6f54664ff8abdba3c9e1403","unchanged_by_isolation","ef317551a8d914a0d6f54664ff8abdba3c9e1403",,"","ef317551a8d914a0d6f54664ff8abdba3c9e1403","","docs_CN/INDEX-DESCRIPTIONS.md","DC1BD88228E60EB062816B432ECB1AAA74BBE2342147E4775E36E00EFA1C4269","docs_CN/INDEX-DESCRIPTIONS.md","retain current worktree and post-isolation changes","retain_current_original_path","","False","PENDING_USER_REVIEW"
"docs_CN/INDEX.md","100644","0b74f8e717379b8a4de1fab9c7a9b58c722bb051","unchanged_by_isolation","0b74f8e717379b8a4de1fab9c7a9b58c722bb051",,"","0b74f8e717379b8a4de1fab9c7a9b58c722bb051","","docs_CN/INDEX.md","A19FF06474B159BB55D7829A84D1152B0562E363D2963C85352D7D28D9005BAA","docs_CN/INDEX.md","retain current worktree and post-isolation changes","retain_current_original_path","","False","PENDING_USER_REVIEW"
"docs_CN/NOVOVM-命名冻结规范-2026-03-03.md","100644","aba26e09cfe94b333f84bcdb0f1a7662e4fe28ba","unchanged_by_isolation","aba26e09cfe94b333f84bcdb0f1a7662e4fe28ba",,"","aba26e09cfe94b333f84bcdb0f1a7662e4fe28ba","","docs_CN/NOVOVM-命名冻结规范-2026-03-03.md","4341060CE5DABCF18D18CFECF411C3BB967CD50A6B4D03A7367F56F0C967FF9E","docs_CN/NOVOVM-命名冻结规范-2026-03-03.md","retain current worktree and post-isolation changes","retain_current_original_path","","False","PENDING_USER_REVIEW"
"docs_CN/NOVOVM-AOEM/NOVOVM-AOEM-NATIVE-TX-BATCH-ABI-V1-DESIGN-2026-06-21.md","100644","1aee006af81f070cb9ac64f592efd338f91f70b6","unchanged_by_isolation","1aee006af81f070cb9ac64f592efd338f91f70b6",,"","1aee006af81f070cb9ac64f592efd338f91f70b6","","docs_CN/NOVOVM-AOEM/NOVOVM-AOEM-NATIVE-TX-BATCH-ABI-V1-DESIGN-2026-06-21.md","4754613F53270CDAF05D83B92F173F96B39875D0BC5408AFB88C9B8CEEC6F346","docs_CN/NOVOVM-AOEM/NOVOVM-AOEM-NATIVE-TX-BATCH-ABI-V1-DESIGN-2026-06-21.md","retain current worktree and post-isolation changes","retain_current_original_path","","False","PENDING_USER_REVIEW"
"docs_CN/NOVOVM-AOEM/NOVOVM-AOEM-OWNED-NOVORUDP-30MIN-REGRESSION-SIGNOFF-2026-06-21.md","100644","5a5d3a5b3f89ddc52a0644ae97f98a88c43054f5","unchanged_by_isolation","5a5d3a5b3f89ddc52a0644ae97f98a88c43054f5",,"","5a5d3a5b3f89ddc52a0644ae97f98a88c43054f5","","docs_CN/NOVOVM-AOEM/NOVOVM-AOEM-OWNED-NOVORUDP-30MIN-REGRESSION-SIGNOFF-2026-06-21.md","55331825B4E483DBA66A9AFF465C1C5A5E0C36204F3968D557CD96B98FC4C5FC","docs_CN/NOVOVM-AOEM/NOVOVM-AOEM-OWNED-NOVORUDP-30MIN-REGRESSION-SIGNOFF-2026-06-21.md","retain current worktree and post-isolation changes","retain_current_original_path","","False","PENDING_USER_REVIEW"
"docs_CN/NOVOVM-AOEM/NOVOVM-AOEM-PIPELINE-14400-CORRECTNESS-REGRESSION-SIGNOFF-2026-06-21.md","100644","1b77d9fb6ed1fc807648995a04cf72db87530b33","unchanged_by_isolation","1b77d9fb6ed1fc807648995a04cf72db87530b33",,"","1b77d9fb6ed1fc807648995a04cf72db87530b33","","docs_CN/NOVOVM-AOEM/NOVOVM-AOEM-PIPELINE-14400-CORRECTNESS-REGRESSION-SIGNOFF-2026-06-21.md","D9D364083AD0AA75FBD1243BB2AF1DE88547E2A21D3DA740330A41997AD0FC13","docs_CN/NOVOVM-AOEM/NOVOVM-AOEM-PIPELINE-14400-CORRECTNESS-REGRESSION-SIGNOFF-2026-06-21.md","retain current worktree and post-isolation changes","retain_current_original_path","","False","PENDING_USER_REVIEW"
"docs_CN/NOVOVM-AOEM/NOVOVM-AOEM-PIPELINE-30MIN-ACTIVE-WINDOW-BASELINE-FREEZE-2026-06-21.md","100644","2634c8da9ef1aed69a791045689c5973adcf6820","unchanged_by_isolation","2634c8da9ef1aed69a791045689c5973adcf6820",,"","2634c8da9ef1aed69a791045689c5973adcf6820","","docs_CN/NOVOVM-AOEM/NOVOVM-AOEM-PIPELINE-30MIN-ACTIVE-WINDOW-BASELINE-FREEZE-2026-06-21.md","5A77C1DD77E42703395836AD5F8CE667BF821F3167A649F0CD28986C2E2B3E06","docs_CN/NOVOVM-AOEM/NOVOVM-AOEM-PIPELINE-30MIN-ACTIVE-WINDOW-BASELINE-FREEZE-2026-06-21.md","retain current worktree and post-isolation changes","retain_current_original_path","","False","PENDING_USER_REVIEW"
"docs_CN/NOVOVM-AOEM/NOVOVM-AOEM-PIPELINE-STRICT-ACTIVE-WINDOW-30MIN-PERFORMANCE-SIGNOFF-2026-06-21.md","100644","3b90da5087c405dcf14491eac8127a005acf919e","unchanged_by_isolation","3b90da5087c405dcf14491eac8127a005acf919e",,"","3b90da5087c405dcf14491eac8127a005acf919e","","docs_CN/NOVOVM-AOEM/NOVOVM-AOEM-PIPELINE-STRICT-ACTIVE-WINDOW-30MIN-PERFORMANCE-SIGNOFF-2026-06-21.md","4FD46FCBA23BB08FD288CFDD40D018126B5734FB83E80BC6707946A650CE1CA0","docs_CN/NOVOVM-AOEM/NOVOVM-AOEM-PIPELINE-STRICT-ACTIVE-WINDOW-30MIN-PERFORMANCE-SIGNOFF-2026-06-21.md","retain current worktree and post-isolation changes","retain_current_original_path","","False","PENDING_USER_REVIEW"
"docs_CN/NOVOVM-AOEM/NOVOVM-AOEM-PRODUCTION-CANDIDATE-SMOKE-2026-06-21.md","100644","f172c768dd75d583c2bd309c6fb799c909250efc","unchanged_by_isolation","f172c768dd75d583c2bd309c6fb799c909250efc",,"","f172c768dd75d583c2bd309c6fb799c909250efc","","docs_CN/NOVOVM-AOEM/NOVOVM-AOEM-PRODUCTION-CANDIDATE-SMOKE-2026-06-21.md","A464A6FB788EEE08A72CBEBF1CA3793EE416A6EBDA235F88365D324AFBE5E9D1","docs_CN/NOVOVM-AOEM/NOVOVM-AOEM-PRODUCTION-CANDIDATE-SMOKE-2026-06-21.md","retain current worktree and post-isolation changes","retain_current_original_path","","False","PENDING_USER_REVIEW"
"docs_CN/NOVOVM-AOEM/NOVOVM-AOEM-RUNTIME-OWNERSHIP-PHASE1-SIGNOFF-2026-06-21.md","100644","8d1ff76dd536ee338449f1e5f90525917f9c858e","unchanged_by_isolation","8d1ff76dd536ee338449f1e5f90525917f9c858e",,"","8d1ff76dd536ee338449f1e5f90525917f9c858e","","docs_CN/NOVOVM-AOEM/NOVOVM-AOEM-RUNTIME-OWNERSHIP-PHASE1-SIGNOFF-2026-06-21.md","A5D23109628055D17F6777CB0AF8BDA8D954D2F07FDB91DFB061B21747856CC5","docs_CN/NOVOVM-AOEM/NOVOVM-AOEM-RUNTIME-OWNERSHIP-PHASE1-SIGNOFF-2026-06-21.md","retain current worktree and post-isolation changes","retain_current_original_path","","False","PENDING_USER_REVIEW"
"docs_CN/NOVOVM-AOEM/NOVOVM-AOEM-RUNTIME-OWNERSHIP-PHASE3-TX-INGRESS-SHADOW-2026-06-21.md","100644","37a3e84994e94962797ef0a74873d9d76d7d4c85","unchanged_by_isolation","37a3e84994e94962797ef0a74873d9d76d7d4c85",,"","37a3e84994e94962797ef0a74873d9d76d7d4c85","","docs_CN/NOVOVM-AOEM/NOVOVM-AOEM-RUNTIME-OWNERSHIP-PHASE3-TX-INGRESS-SHADOW-2026-06-21.md","346B8D6EE06A0F46DF9BC1B739D33BBA9793354551DB3E4782EC85287B904E98","docs_CN/NOVOVM-AOEM/NOVOVM-AOEM-RUNTIME-OWNERSHIP-PHASE3-TX-INGRESS-SHADOW-2026-06-21.md","retain current worktree and post-isolation changes","retain_current_original_path","","False","PENDING_USER_REVIEW"
"docs_CN/NOVOVM-AOEM/NOVOVM-AOEM-RUNTIME-OWNERSHIP-PHASE4-SHADOW-COMPARISON-2026-06-21.md","100644","6b15a6b780c1c44044ba6517b65c2e3f860eb6c0","unchanged_by_isolation","6b15a6b780c1c44044ba6517b65c2e3f860eb6c0",,"","6b15a6b780c1c44044ba6517b65c2e3f860eb6c0","","docs_CN/NOVOVM-AOEM/NOVOVM-AOEM-RUNTIME-OWNERSHIP-PHASE4-SHADOW-COMPARISON-2026-06-21.md","804BC1E0B934F75C06BA3AB71BFDEAF1020D32F939E314F6A9FB231DE872DBF1","docs_CN/NOVOVM-AOEM/NOVOVM-AOEM-RUNTIME-OWNERSHIP-PHASE4-SHADOW-COMPARISON-2026-06-21.md","retain current worktree and post-isolation changes","retain_current_original_path","","False","PENDING_USER_REVIEW"
"docs_CN/NOVOVM-AOEM/NOVOVM-AOEM-RUNTIME-OWNERSHIP-PHASE5-PRODUCTION-CANDIDATE-2026-06-21.md","100644","929e9e9812abee638c00f6355c3145e58ab615d0","unchanged_by_isolation","929e9e9812abee638c00f6355c3145e58ab615d0",,"","929e9e9812abee638c00f6355c3145e58ab615d0","","docs_CN/NOVOVM-AOEM/NOVOVM-AOEM-RUNTIME-OWNERSHIP-PHASE5-PRODUCTION-CANDIDATE-2026-06-21.md","0EF407D918B87BC51630608C43927B51511E066BC075E01119B2DE47D3AA01B4","docs_CN/NOVOVM-AOEM/NOVOVM-AOEM-RUNTIME-OWNERSHIP-PHASE5-PRODUCTION-CANDIDATE-2026-06-21.md","retain current worktree and post-isolation changes","retain_current_original_path","","False","PENDING_USER_REVIEW"
"docs_CN/NOVOVM-ECONOMICS/NOVOVM-DUAL-TRACK-SETTLEMENT-AND-MARKET-SYSTEM-P2A-2026-04-17.md","100644","3999a8403a12afe7b2883eefaee4519d70a1988f","unchanged_by_isolation","3999a8403a12afe7b2883eefaee4519d70a1988f",,"","3999a8403a12afe7b2883eefaee4519d70a1988f","","docs_CN/NOVOVM-ECONOMICS/NOVOVM-DUAL-TRACK-SETTLEMENT-AND-MARKET-SYSTEM-P2A-2026-04-17.md","C449157A74759BEB41A8E3C4D8DE39476079C4759F7339A03E253AC6A997B8F4","docs_CN/NOVOVM-ECONOMICS/NOVOVM-DUAL-TRACK-SETTLEMENT-AND-MARKET-SYSTEM-P2A-2026-04-17.md","retain current worktree and post-isolation changes","retain_current_original_path","","False","PENDING_USER_REVIEW"
"docs_CN/NOVOVM-ECONOMICS/NOVOVM-MONETARY-ARCHITECTURE-M0-M1-M2-AND-MULTI-ASSET-PAYMENT-2026-04-17.md","100644","80aa31e97061ed7c0c543a46be36c5879604dc74","unchanged_by_isolation","80aa31e97061ed7c0c543a46be36c5879604dc74",,"","80aa31e97061ed7c0c543a46be36c5879604dc74","","docs_CN/NOVOVM-ECONOMICS/NOVOVM-MONETARY-ARCHITECTURE-M0-M1-M2-AND-MULTI-ASSET-PAYMENT-2026-04-17.md","61C2C98C0903BE2579BA7B7ED13287236237C81BCC76976C197FF6708C55773D","docs_CN/NOVOVM-ECONOMICS/NOVOVM-MONETARY-ARCHITECTURE-M0-M1-M2-AND-MULTI-ASSET-PAYMENT-2026-04-17.md","retain current worktree and post-isolation changes","retain_current_original_path","","False","PENDING_USER_REVIEW"
"docs_CN/NOVOVM-ECONOMICS/NOVOVM-UNIFIED-IDENTITY-ASSET-LIFECYCLE-AUDIT-2026-06-13.md","100644","c611704eb9de4469f0127c633f1b3adac95ca547","unchanged_by_isolation","c611704eb9de4469f0127c633f1b3adac95ca547",,"","c611704eb9de4469f0127c633f1b3adac95ca547","","docs_CN/NOVOVM-ECONOMICS/NOVOVM-UNIFIED-IDENTITY-ASSET-LIFECYCLE-AUDIT-2026-06-13.md","03FED8767FC8CAD4D3CABBCC82FEE4AE39868AFD1F626ED036E2002FA4811964","docs_CN/NOVOVM-ECONOMICS/NOVOVM-UNIFIED-IDENTITY-ASSET-LIFECYCLE-AUDIT-2026-06-13.md","retain current worktree and post-isolation changes","retain_current_original_path","","False","PENDING_USER_REVIEW"
"docs_CN/NOVOVM-ECONOMICS/README.md","100644","4c21c3e5ac6c47035a687bb7db2e536ca069f795","unchanged_by_isolation","4c21c3e5ac6c47035a687bb7db2e536ca069f795",,"","4c21c3e5ac6c47035a687bb7db2e536ca069f795","","docs_CN/NOVOVM-ECONOMICS/README.md","1F2BBEDB50B8FF4196436C561EA536126CE4C2FC83725CA989D80D1F6D7EC849","docs_CN/NOVOVM-ECONOMICS/README.md","retain current worktree and post-isolation changes","retain_current_original_path","","False","PENDING_USER_REVIEW"
"docs_CN/NOVOVM-GAP-ABC-CLOSURE-CHECKLIST-v1-2026-04-05.md","100644","37b26ff6bca7a0d2f23ceaaf38e605b90bdb4e05","unchanged_by_isolation","37b26ff6bca7a0d2f23ceaaf38e605b90bdb4e05",,"","37b26ff6bca7a0d2f23ceaaf38e605b90bdb4e05","","docs_CN/NOVOVM-GAP-ABC-CLOSURE-CHECKLIST-v1-2026-04-05.md","BD3CCC01A56CE4ECF66809F1CBA12B4C89F56BC88DE03DC828A62A4BEEAD6246","docs_CN/NOVOVM-GAP-ABC-CLOSURE-CHECKLIST-v1-2026-04-05.md","retain current worktree and post-isolation changes","retain_current_original_path","","False","PENDING_USER_REVIEW"
"docs_CN/NOVOVM-L1-L3-MULTI-NODE-PROD-MATRIX-2026-03-23.md","100644","ad7f4696215a58fdb6da94d98daee63bbe27354c","unchanged_by_isolation","ad7f4696215a58fdb6da94d98daee63bbe27354c",,"","ad7f4696215a58fdb6da94d98daee63bbe27354c","","docs_CN/NOVOVM-L1-L3-MULTI-NODE-PROD-MATRIX-2026-03-23.md","5D540B0BB19D9D0A55ED8F6C01CDC7D1A4311B815E7BABBD02D9DD572B81BB78","docs_CN/NOVOVM-L1-L3-MULTI-NODE-PROD-MATRIX-2026-03-23.md","retain current worktree and post-isolation changes","retain_current_original_path","","False","PENDING_USER_REVIEW"
"docs_CN/NOVOVM-L1-L4-ROADMAP-v1-2026-03-22.md","100644","d8fb69c775937d178c421807e3c0e671eabc3cfc","unchanged_by_isolation","d8fb69c775937d178c421807e3c0e671eabc3cfc",,"","d8fb69c775937d178c421807e3c0e671eabc3cfc","","docs_CN/NOVOVM-L1-L4-ROADMAP-v1-2026-03-22.md","6BDCBAD8D135DD9E15F4F16BC09533823D866CAE13452779D1E17F779460065A","docs_CN/NOVOVM-L1-L4-ROADMAP-v1-2026-03-22.md","retain current worktree and post-isolation changes","retain_current_original_path","","False","PENDING_USER_REVIEW"
"docs_CN/NOVOVM-L1-L4-ROLE-PROFILES-RUNBOOK-2026-03-23.md","100644","8b4472899344a8e2a8f49f844e24ec89adecfd7f","unchanged_by_isolation","8b4472899344a8e2a8f49f844e24ec89adecfd7f",,"","8b4472899344a8e2a8f49f844e24ec89adecfd7f","","docs_CN/NOVOVM-L1-L4-ROLE-PROFILES-RUNBOOK-2026-03-23.md","7E3BE9F399C5F72AC243F845140D50EEFDA2AE35E6C4B4487F6C39B7003E0950","docs_CN/NOVOVM-L1-L4-ROLE-PROFILES-RUNBOOK-2026-03-23.md","retain current worktree and post-isolation changes","retain_current_original_path","","False","PENDING_USER_REVIEW"
"docs_CN/NOVOVM-L1L4-AUTO-PAYOUT-RUNBOOK-2026-03-23.md","100644","b2db342e9ddc87f8bd49d6492d57d4429a7e4255","unchanged_by_isolation","b2db342e9ddc87f8bd49d6492d57d4429a7e4255",,"","b2db342e9ddc87f8bd49d6492d57d4429a7e4255","","docs_CN/NOVOVM-L1L4-AUTO-PAYOUT-RUNBOOK-2026-03-23.md","8E3365D1D4B936D006296DAF716034EF4F6E412FA46C6F308EEE2FAB222EBCA1","docs_CN/NOVOVM-L1L4-AUTO-PAYOUT-RUNBOOK-2026-03-23.md","retain current worktree and post-isolation changes","retain_current_original_path","","False","PENDING_USER_REVIEW"
"docs_CN/NOVOVM-L1L4-EXTERNAL-CONFIRM-RUNBOOK-2026-03-23.md","100644","57bc9661ad65dc73bbf927c471fae0cd967321f2","unchanged_by_isolation","57bc9661ad65dc73bbf927c471fae0cd967321f2",,"","57bc9661ad65dc73bbf927c471fae0cd967321f2","","docs_CN/NOVOVM-L1L4-EXTERNAL-CONFIRM-RUNBOOK-2026-03-23.md","09AFEC72232B066487EE635636AD05F96E53CA1436F2F49298478C9333312EF4","docs_CN/NOVOVM-L1L4-EXTERNAL-CONFIRM-RUNBOOK-2026-03-23.md","retain current worktree and post-isolation changes","retain_current_original_path","","False","PENDING_USER_REVIEW"
"docs_CN/NOVOVM-L1L4-PAYOUT-EXECUTE-RUNBOOK-2026-03-23.md","100644","c87be77b8962edee9a2e326b2fa4b7290a84f1b3","unchanged_by_isolation","c87be77b8962edee9a2e326b2fa4b7290a84f1b3",,"","c87be77b8962edee9a2e326b2fa4b7290a84f1b3","","docs_CN/NOVOVM-L1L4-PAYOUT-EXECUTE-RUNBOOK-2026-03-23.md","5AC3F9015055D40124E67E58440AC52338BCE26B43874742CB2B8965C388FE78","docs_CN/NOVOVM-L1L4-PAYOUT-EXECUTE-RUNBOOK-2026-03-23.md","retain current worktree and post-isolation changes","retain_current_original_path","","False","PENDING_USER_REVIEW"
"docs_CN/NOVOVM-L1L4-REAL-BROADCAST-RUNBOOK-2026-03-23.md","100644","a5cf40499639c77b804d322b751fe1c91c03100c","unchanged_by_isolation","a5cf40499639c77b804d322b751fe1c91c03100c",,"","a5cf40499639c77b804d322b751fe1c91c03100c","","docs_CN/NOVOVM-L1L4-REAL-BROADCAST-RUNBOOK-2026-03-23.md","A8C99A0979447C42509725E68B8E68FAB04E2CD85E042395C792A729AA8B454D","docs_CN/NOVOVM-L1L4-REAL-BROADCAST-RUNBOOK-2026-03-23.md","retain current worktree and post-isolation changes","retain_current_original_path","","False","PENDING_USER_REVIEW"
"docs_CN/NOVOVM-L1L4-RECONCILE-DAEMON-RUNBOOK-2026-03-23.md","100644","4efbd219256a3343bc3d0f47ee90d512c2e75b93","unchanged_by_isolation","4efbd219256a3343bc3d0f47ee90d512c2e75b93",,"","4efbd219256a3343bc3d0f47ee90d512c2e75b93","","docs_CN/NOVOVM-L1L4-RECONCILE-DAEMON-RUNBOOK-2026-03-23.md","59F7FA724C941B0159D5E11FB5B2281CC6117F73252DD56E4C8CAB711E15612F","docs_CN/NOVOVM-L1L4-RECONCILE-DAEMON-RUNBOOK-2026-03-23.md","retain current worktree and post-isolation changes","retain_current_original_path","","False","PENDING_USER_REVIEW"
"docs_CN/NOVOVM-L1L4-RECONCILE-RUNBOOK-2026-03-23.md","100644","162fee5957a084a990923d7b260c862efb4679ef","unchanged_by_isolation","162fee5957a084a990923d7b260c862efb4679ef",,"","162fee5957a084a990923d7b260c862efb4679ef","","docs_CN/NOVOVM-L1L4-RECONCILE-RUNBOOK-2026-03-23.md","9A894F51E8794C2408290336BAF8191D47650C92DF26D3E76D3A09947D4C9AAB","docs_CN/NOVOVM-L1L4-RECONCILE-RUNBOOK-2026-03-23.md","retain current worktree and post-isolation changes","retain_current_original_path","","False","PENDING_USER_REVIEW"
"docs_CN/NOVOVM-L1L4-SETTLEMENT-CYCLE-RUNBOOK-2026-03-23.md","100644","5b8aff7ab81cce40064d239579842a70fb4312a1","unchanged_by_isolation","5b8aff7ab81cce40064d239579842a70fb4312a1",,"","5b8aff7ab81cce40064d239579842a70fb4312a1","","docs_CN/NOVOVM-L1L4-SETTLEMENT-CYCLE-RUNBOOK-2026-03-23.md","24A7412F81798E7CFA41C2289955D0ABC19859011BC7E716FA14C1F47C9860E7","docs_CN/NOVOVM-L1L4-SETTLEMENT-CYCLE-RUNBOOK-2026-03-23.md","retain current worktree and post-isolation changes","retain_current_original_path","","False","PENDING_USER_REVIEW"
"docs_CN/NOVOVM-LEGACY-BIN-RETIREMENT-AUDIT-2026-04-06.md","100644","bc6543719eed66b5e9fc9ccdd8d57f329f5472ee","unchanged_by_isolation","bc6543719eed66b5e9fc9ccdd8d57f329f5472ee",,"","bc6543719eed66b5e9fc9ccdd8d57f329f5472ee","","docs_CN/NOVOVM-LEGACY-BIN-RETIREMENT-AUDIT-2026-04-06.md","CDB41F23079F01E224526D0F7DC894324BE670A8BB5B809B82B0E7429B288D83","docs_CN/NOVOVM-LEGACY-BIN-RETIREMENT-AUDIT-2026-04-06.md","retain current worktree and post-isolation changes","retain_current_original_path","","False","PENDING_USER_REVIEW"
"docs_CN/NOVOVM-MAINLINE-STATUS-GAP-2026-03-22.md","100644","641a91c397b84a119bc38b2ee096cee90cf87319","unchanged_by_isolation","641a91c397b84a119bc38b2ee096cee90cf87319",,"","641a91c397b84a119bc38b2ee096cee90cf87319","","docs_CN/NOVOVM-MAINLINE-STATUS-GAP-2026-03-22.md","5A00A8C7906FEE28AF935E2F5F4140D9FBE22D99DF3822248076EF8C7AAFBA74","docs_CN/NOVOVM-MAINLINE-STATUS-GAP-2026-03-22.md","retain current worktree and post-isolation changes","retain_current_original_path","","False","PENDING_USER_REVIEW"
"docs_CN/NOVOVM-NETWORK/NOVORUDP-CROSS-MACHINE-30MIN-SIGNOFF-2026-06-20.md","100644","7bb259f367c3b270ae7d9b4d264f21345588197c","unchanged_by_isolation","7bb259f367c3b270ae7d9b4d264f21345588197c",,"","7bb259f367c3b270ae7d9b4d264f21345588197c","","docs_CN/NOVOVM-NETWORK/NOVORUDP-CROSS-MACHINE-30MIN-SIGNOFF-2026-06-20.md","8F5A27F0EEDD34CA6ED1E63308055477BCF18E530CBACD66748F8A8A039AC24B","docs_CN/NOVOVM-NETWORK/NOVORUDP-CROSS-MACHINE-30MIN-SIGNOFF-2026-06-20.md","retain current worktree and post-isolation changes","retain_current_original_path","","False","PENDING_USER_REVIEW"
"docs_CN/NOVOVM-NETWORK/NOVORUDP-MONOTONIC-SHRINK-REPAIR-GATE-MINI-VALIDATION-2026-06-26.md","100644","3356d0aa60d41371d472a0745330911b45a63baf","unchanged_by_isolation","3356d0aa60d41371d472a0745330911b45a63baf",,"","3356d0aa60d41371d472a0745330911b45a63baf","","docs_CN/NOVOVM-NETWORK/NOVORUDP-MONOTONIC-SHRINK-REPAIR-GATE-MINI-VALIDATION-2026-06-26.md","DEBA388343B8E0C68A4B2FDBDA322CE0D9338A82A93E40021B6FA35B6EBAD74E","docs_CN/NOVOVM-NETWORK/NOVORUDP-MONOTONIC-SHRINK-REPAIR-GATE-MINI-VALIDATION-2026-06-26.md","retain current worktree and post-isolation changes","retain_current_original_path","","False","PENDING_USER_REVIEW"
"docs_CN/NOVOVM-NETWORK/NOVORUDP-PRODUCTION-FULL-ASYNC-MINI-SIGNOFF-2026-06-25.md","100644","db0a5a76f2e1a6901652ebe83f694e4ef4089ea5","unchanged_by_isolation","db0a5a76f2e1a6901652ebe83f694e4ef4089ea5",,"","db0a5a76f2e1a6901652ebe83f694e4ef4089ea5","","docs_CN/NOVOVM-NETWORK/NOVORUDP-PRODUCTION-FULL-ASYNC-MINI-SIGNOFF-2026-06-25.md","2C55510A9B4D96516662026E6DFAAB086CCDA0CAA11D93081428780B8D6E11AB","docs_CN/NOVOVM-NETWORK/NOVORUDP-PRODUCTION-FULL-ASYNC-MINI-SIGNOFF-2026-06-25.md","retain current worktree and post-isolation changes","retain_current_original_path","","False","PENDING_USER_REVIEW"
"docs_CN/NOVOVM-NETWORK/NOVORUDP-REPAIR-DUPLICATE-SUPPRESSION-MINI-VALIDATION-2026-06-25.md","100644","bd5d545d28c6b8f6779c618aec0336dec4204936","unchanged_by_isolation","bd5d545d28c6b8f6779c618aec0336dec4204936",,"","bd5d545d28c6b8f6779c618aec0336dec4204936","","docs_CN/NOVOVM-NETWORK/NOVORUDP-REPAIR-DUPLICATE-SUPPRESSION-MINI-VALIDATION-2026-06-25.md","987CC669E0D8FD5E62EBF9B81084F443617B0C61E42F55E6BB7350CC71D3E65D","docs_CN/NOVOVM-NETWORK/NOVORUDP-REPAIR-DUPLICATE-SUPPRESSION-MINI-VALIDATION-2026-06-25.md","retain current worktree and post-isolation changes","retain_current_original_path","","False","PENDING_USER_REVIEW"
"docs_CN/NOVOVM-NETWORK/NOVOVM-ACCOUNT-PROTOCOL-CUTA-KEYALGO-IMPLEMENTATION-CHECKLIST-2026-04-20.md","100644","32313e7e6f021c9355e1c2b1a384325409efb6b3","unchanged_by_isolation","32313e7e6f021c9355e1c2b1a384325409efb6b3",,"","32313e7e6f021c9355e1c2b1a384325409efb6b3","","docs_CN/NOVOVM-NETWORK/NOVOVM-ACCOUNT-PROTOCOL-CUTA-KEYALGO-IMPLEMENTATION-CHECKLIST-2026-04-20.md","0E377E4619705C046F925B219122FF4BF5008F7B77EC9AEAE75F6E1FFE624575","docs_CN/NOVOVM-NETWORK/NOVOVM-ACCOUNT-PROTOCOL-CUTA-KEYALGO-IMPLEMENTATION-CHECKLIST-2026-04-20.md","retain current worktree and post-isolation changes","retain_current_original_path","","False","PENDING_USER_REVIEW"
"docs_CN/NOVOVM-NETWORK/NOVOVM-ACCOUNT-PROTOCOL-CUTA-KEYALGO-SEAL-2026-04-20.md","100644","f49805fd5c344b2d56a4bee7745e5ec1431f2381","unchanged_by_isolation","f49805fd5c344b2d56a4bee7745e5ec1431f2381",,"","f49805fd5c344b2d56a4bee7745e5ec1431f2381","","docs_CN/NOVOVM-NETWORK/NOVOVM-ACCOUNT-PROTOCOL-CUTA-KEYALGO-SEAL-2026-04-20.md","A7FC0F571F74561A94F833D5E81F3194078604D4CA3D725BAC9DD23429ABAFB0","docs_CN/NOVOVM-NETWORK/NOVOVM-ACCOUNT-PROTOCOL-CUTA-KEYALGO-SEAL-2026-04-20.md","retain current worktree and post-isolation changes","retain_current_original_path","","False","PENDING_USER_REVIEW"
"docs_CN/NOVOVM-NETWORK/NOVOVM-ACCOUNT-PROTOCOL-CUTB-TRIGGER-CHECKLIST-2026-04-20.md","100644","7b414b0ca7b68ba04fd022730c683d7f7ed4ad77","unchanged_by_isolation","7b414b0ca7b68ba04fd022730c683d7f7ed4ad77",,"","7b414b0ca7b68ba04fd022730c683d7f7ed4ad77","","docs_CN/NOVOVM-NETWORK/NOVOVM-ACCOUNT-PROTOCOL-CUTB-TRIGGER-CHECKLIST-2026-04-20.md","D795C7D34EF5D285FCE33CDA79612CD492C0141835FAACAAC96AEA50E2F1F4C4","docs_CN/NOVOVM-NETWORK/NOVOVM-ACCOUNT-PROTOCOL-CUTB-TRIGGER-CHECKLIST-2026-04-20.md","retain current worktree and post-isolation changes","retain_current_original_path","","False","PENDING_USER_REVIEW"
"docs_CN/NOVOVM-NETWORK/NOVOVM-ACCOUNT-PROTOCOL-CUTC-EXECUTIONPOLICY-IMPLEMENTATION-CHECKLIST-2026-04-20.md","100644","22e8c06e7d034aef94c9f76cdf1839edec63da0a","unchanged_by_isolation","22e8c06e7d034aef94c9f76cdf1839edec63da0a",,"","22e8c06e7d034aef94c9f76cdf1839edec63da0a","","docs_CN/NOVOVM-NETWORK/NOVOVM-ACCOUNT-PROTOCOL-CUTC-EXECUTIONPOLICY-IMPLEMENTATION-CHECKLIST-2026-04-20.md","585D3AC329A0F80CB972E24C729761956EBEC7759401B8CEC2CA70AF9D1E07C4","docs_CN/NOVOVM-NETWORK/NOVOVM-ACCOUNT-PROTOCOL-CUTC-EXECUTIONPOLICY-IMPLEMENTATION-CHECKLIST-2026-04-20.md","retain current worktree and post-isolation changes","retain_current_original_path","","False","PENDING_USER_REVIEW"
"docs_CN/NOVOVM-NETWORK/NOVOVM-ACCOUNT-PROTOCOL-CUTC-EXECUTIONPOLICY-SEAL-2026-04-20.md","100644","a46ad51fdaed286bb616a56833bb9bfd6893a06b","unchanged_by_isolation","a46ad51fdaed286bb616a56833bb9bfd6893a06b",,"","a46ad51fdaed286bb616a56833bb9bfd6893a06b","","docs_CN/NOVOVM-NETWORK/NOVOVM-ACCOUNT-PROTOCOL-CUTC-EXECUTIONPOLICY-SEAL-2026-04-20.md","0A7975BBFC90812640D99C732CA485E144435B2E0FD5723CA417C9A894DF3325","docs_CN/NOVOVM-NETWORK/NOVOVM-ACCOUNT-PROTOCOL-CUTC-EXECUTIONPOLICY-SEAL-2026-04-20.md","retain current worktree and post-isolation changes","retain_current_original_path","","False","PENDING_USER_REVIEW"
"docs_CN/NOVOVM-NETWORK/NOVOVM-ACCOUNT-PROTOCOL-KEYALGO-ACCOUNTMODE-EXECUTIONPOLICY-LAYERING-2026-04-20.md","100644","288205edc06f2106e3260601b4444cbc3f4323a5","unchanged_by_isolation","288205edc06f2106e3260601b4444cbc3f4323a5",,"","288205edc06f2106e3260601b4444cbc3f4323a5","","docs_CN/NOVOVM-NETWORK/NOVOVM-ACCOUNT-PROTOCOL-KEYALGO-ACCOUNTMODE-EXECUTIONPOLICY-LAYERING-2026-04-20.md","9F3879AACD8933C5B81E537DE671784012DC6B09524772C003041FD1E1A31D86","docs_CN/NOVOVM-NETWORK/NOVOVM-ACCOUNT-PROTOCOL-KEYALGO-ACCOUNTMODE-EXECUTIONPOLICY-LAYERING-2026-04-20.md","retain current worktree and post-isolation changes","retain_current_original_path","","False","PENDING_USER_REVIEW"
"docs_CN/NOVOVM-NETWORK/NOVOVM-ACCOUNT-PROTOCOL-PHASE2-IMPLEMENTATION-CHECKLIST-2026-04-20.md","100644","14147bae0f38f1662fe530e06961c16adb98875c","unchanged_by_isolation","14147bae0f38f1662fe530e06961c16adb98875c",,"","14147bae0f38f1662fe530e06961c16adb98875c","","docs_CN/NOVOVM-NETWORK/NOVOVM-ACCOUNT-PROTOCOL-PHASE2-IMPLEMENTATION-CHECKLIST-2026-04-20.md","22ADABA8302E1059EA3B61683A8A097830F6FED18A55FF5DF9B1CAFA959E10AF","docs_CN/NOVOVM-NETWORK/NOVOVM-ACCOUNT-PROTOCOL-PHASE2-IMPLEMENTATION-CHECKLIST-2026-04-20.md","retain current worktree and post-isolation changes","retain_current_original_path","","False","PENDING_USER_REVIEW"
"docs_CN/NOVOVM-NETWORK/NOVOVM-ACCOUNT-PROTOCOL-PHASE3-CUT1-SEAL-2026-04-20.md","100644","d229214bb9adc6f53d9534f0810de76d3082e24a","unchanged_by_isolation","d229214bb9adc6f53d9534f0810de76d3082e24a",,"","d229214bb9adc6f53d9534f0810de76d3082e24a","","docs_CN/NOVOVM-NETWORK/NOVOVM-ACCOUNT-PROTOCOL-PHASE3-CUT1-SEAL-2026-04-20.md","8E8D495B0F50E8F7910B9772B0ACFB5E28F710C12DB7D0984B3DCAD4BB107FE0","docs_CN/NOVOVM-NETWORK/NOVOVM-ACCOUNT-PROTOCOL-PHASE3-CUT1-SEAL-2026-04-20.md","retain current worktree and post-isolation changes","retain_current_original_path","","False","PENDING_USER_REVIEW"
"docs_CN/NOVOVM-NETWORK/NOVOVM-ACCOUNT-PROTOCOL-PHASE3-CUT2-SEAL-2026-04-20.md","100644","02f129a8ee3934c137c69ec7598436dbd211181c","unchanged_by_isolation","02f129a8ee3934c137c69ec7598436dbd211181c",,"","02f129a8ee3934c137c69ec7598436dbd211181c","","docs_CN/NOVOVM-NETWORK/NOVOVM-ACCOUNT-PROTOCOL-PHASE3-CUT2-SEAL-2026-04-20.md","E704B7B03F98382A68CD2CE95E44520F8A804021936CCD96A127424AAC62BFC2","docs_CN/NOVOVM-NETWORK/NOVOVM-ACCOUNT-PROTOCOL-PHASE3-CUT2-SEAL-2026-04-20.md","retain current worktree and post-isolation changes","retain_current_original_path","","False","PENDING_USER_REVIEW"
"docs_CN/NOVOVM-NETWORK/NOVOVM-ACCOUNT-PROTOCOL-PHASE3-IMPLEMENTATION-CHECKLIST-2026-04-20.md","100644","d2ebfb6714a0941504f5488e15142a5ce52e5331","unchanged_by_isolation","d2ebfb6714a0941504f5488e15142a5ce52e5331",,"","d2ebfb6714a0941504f5488e15142a5ce52e5331","","docs_CN/NOVOVM-NETWORK/NOVOVM-ACCOUNT-PROTOCOL-PHASE3-IMPLEMENTATION-CHECKLIST-2026-04-20.md","476BFC68367DAA4073C106A5C6BEC0D2D6A06789B33386BF9597002475B1CBBD","docs_CN/NOVOVM-NETWORK/NOVOVM-ACCOUNT-PROTOCOL-PHASE3-IMPLEMENTATION-CHECKLIST-2026-04-20.md","retain current worktree and post-isolation changes","retain_current_original_path","","False","PENDING_USER_REVIEW"
"docs_CN/NOVOVM-NETWORK/NOVOVM-ACCOUNT-PROTOCOL-PHASE4-FAILURE-MODES-2026-04-20.md","100644","4ba5679ca2b3977bc19c4bf1679677a6610711f6","unchanged_by_isolation","4ba5679ca2b3977bc19c4bf1679677a6610711f6",,"","4ba5679ca2b3977bc19c4bf1679677a6610711f6","","docs_CN/NOVOVM-NETWORK/NOVOVM-ACCOUNT-PROTOCOL-PHASE4-FAILURE-MODES-2026-04-20.md","6F5D3F42CC6C180043D82B5844FB38FE90DD6F709CBCB532254C5A9CE6897A2B","docs_CN/NOVOVM-NETWORK/NOVOVM-ACCOUNT-PROTOCOL-PHASE4-FAILURE-MODES-2026-04-20.md","retain current worktree and post-isolation changes","retain_current_original_path","","False","PENDING_USER_REVIEW"
"docs_CN/NOVOVM-NETWORK/NOVOVM-ACCOUNT-PROTOCOL-PHASE4-MAPPED-ASSET-CONSTRAINT-DRAFT-2026-04-20.md","100644","43509b86af5689a783ef8c51d5a9be24bb5f78f5","unchanged_by_isolation","43509b86af5689a783ef8c51d5a9be24bb5f78f5",,"","43509b86af5689a783ef8c51d5a9be24bb5f78f5","","docs_CN/NOVOVM-NETWORK/NOVOVM-ACCOUNT-PROTOCOL-PHASE4-MAPPED-ASSET-CONSTRAINT-DRAFT-2026-04-20.md","2D1B43DE6D306F41570D7B8B60DDC441033A59CC51E64F6F6D4911B139F793F4","docs_CN/NOVOVM-NETWORK/NOVOVM-ACCOUNT-PROTOCOL-PHASE4-MAPPED-ASSET-CONSTRAINT-DRAFT-2026-04-20.md","retain current worktree and post-isolation changes","retain_current_original_path","","False","PENDING_USER_REVIEW"
"docs_CN/NOVOVM-NETWORK/NOVOVM-ACCOUNT-PROTOCOL-PHASE4-MVP-SLICE-TEMPLATE-2026-04-21.md","100644","8991a970f9b9d2c0761e2b41f4c52d9becee5590","unchanged_by_isolation","8991a970f9b9d2c0761e2b41f4c52d9becee5590",,"","8991a970f9b9d2c0761e2b41f4c52d9becee5590","","docs_CN/NOVOVM-NETWORK/NOVOVM-ACCOUNT-PROTOCOL-PHASE4-MVP-SLICE-TEMPLATE-2026-04-21.md","51B9AFFF1DE971BEC58477A3676FFFBDB788EE3569B73CEAED8223FAE2EAFDA1","docs_CN/NOVOVM-NETWORK/NOVOVM-ACCOUNT-PROTOCOL-PHASE4-MVP-SLICE-TEMPLATE-2026-04-21.md","retain current worktree and post-isolation changes","retain_current_original_path","","False","PENDING_USER_REVIEW"
"docs_CN/NOVOVM-NETWORK/NOVOVM-ACCOUNT-PROTOCOL-PHASE4-TRIGGER-CHECKLIST-2026-04-20.md","100644","f630c75ad0a55363a4f39200a9b9bfeef76e6d2c","unchanged_by_isolation","f630c75ad0a55363a4f39200a9b9bfeef76e6d2c",,"","f630c75ad0a55363a4f39200a9b9bfeef76e6d2c","","docs_CN/NOVOVM-NETWORK/NOVOVM-ACCOUNT-PROTOCOL-PHASE4-TRIGGER-CHECKLIST-2026-04-20.md","62F03907EF5C0CDD0D4993F3750B2330997174F7045E35D4874BE3ACF0A4C48D","docs_CN/NOVOVM-NETWORK/NOVOVM-ACCOUNT-PROTOCOL-PHASE4-TRIGGER-CHECKLIST-2026-04-20.md","retain current worktree and post-isolation changes","retain_current_original_path","","False","PENDING_USER_REVIEW"
"docs_CN/NOVOVM-NETWORK/NOVOVM-ACCOUNT-PROTOCOL-STRUCTURAL-CHANGE-PR-GATE-2026-04-21.md","100644","ea7bf7bfa1d13981404d3c65ed551b413937f5f6","unchanged_by_isolation","ea7bf7bfa1d13981404d3c65ed551b413937f5f6",,"","ea7bf7bfa1d13981404d3c65ed551b413937f5f6","","docs_CN/NOVOVM-NETWORK/NOVOVM-ACCOUNT-PROTOCOL-STRUCTURAL-CHANGE-PR-GATE-2026-04-21.md","F949C45D8BD0850633126625D9FCD4F6C24E0BCEBD23D59875D520E407C6A12A","docs_CN/NOVOVM-NETWORK/NOVOVM-ACCOUNT-PROTOCOL-STRUCTURAL-CHANGE-PR-GATE-2026-04-21.md","retain current worktree and post-isolation changes","retain_current_original_path","","False","PENDING_USER_REVIEW"
"docs_CN/NOVOVM-NETWORK/NOVOVM-ACCOUNT-PROTOCOL-v1-2026-04-20.md","100644","fe8a4873d2c1faea6813821835b56baa8c284e6d","unchanged_by_isolation","fe8a4873d2c1faea6813821835b56baa8c284e6d",,"","fe8a4873d2c1faea6813821835b56baa8c284e6d","","docs_CN/NOVOVM-NETWORK/NOVOVM-ACCOUNT-PROTOCOL-v1-2026-04-20.md","30B9175142E14601FBA4F93EA5D3A32255577893F7C5420580F4186536D8D703","docs_CN/NOVOVM-NETWORK/NOVOVM-ACCOUNT-PROTOCOL-v1-2026-04-20.md","retain current worktree and post-isolation changes","retain_current_original_path","","False","PENDING_USER_REVIEW"
"docs_CN/NOVOVM-NETWORK/NOVOVM-ACCOUNT-PROTOCOL-v1-MIN-TO-v1-EVOLUTION-ROADMAP-2026-04-20.md","100644","b2f354707690d10fef2add2b4cdc7716d01b56c7","unchanged_by_isolation","b2f354707690d10fef2add2b4cdc7716d01b56c7",,"","b2f354707690d10fef2add2b4cdc7716d01b56c7","","docs_CN/NOVOVM-NETWORK/NOVOVM-ACCOUNT-PROTOCOL-v1-MIN-TO-v1-EVOLUTION-ROADMAP-2026-04-20.md","F51918CA5B79C532084F6642325780095370ECD2C515566DF4FC5A8F3EC708AD","docs_CN/NOVOVM-NETWORK/NOVOVM-ACCOUNT-PROTOCOL-v1-MIN-TO-v1-EVOLUTION-ROADMAP-2026-04-20.md","retain current worktree and post-isolation changes","retain_current_original_path","","False","PENDING_USER_REVIEW"
"docs_CN/NOVOVM-NETWORK/NOVOVM-AOEM-RUNTIME-OWNERSHIP-REFACTOR-2026-06-21.md","100644","94f188608e80bc96a28c2608043cf24c107c62d9","unchanged_by_isolation","94f188608e80bc96a28c2608043cf24c107c62d9",,"","94f188608e80bc96a28c2608043cf24c107c62d9","","docs_CN/NOVOVM-NETWORK/NOVOVM-AOEM-RUNTIME-OWNERSHIP-REFACTOR-2026-06-21.md","A97935CC1AA3EF1B6FD9DE3A522E921BC4449588745CC31C61EA48043713421D","docs_CN/NOVOVM-NETWORK/NOVOVM-AOEM-RUNTIME-OWNERSHIP-REFACTOR-2026-06-21.md","retain current worktree and post-isolation changes","retain_current_original_path","","False","PENDING_USER_REVIEW"
"docs_CN/NOVOVM-NETWORK/NOVOVM-CLEARING-METRICS-RUN-PHASE-TEMPLATE-2026-04-18.md","100644","420a05b87aeb1feb6d9e85158f92d10fbb75ae70","unchanged_by_isolation","420a05b87aeb1feb6d9e85158f92d10fbb75ae70",,"","420a05b87aeb1feb6d9e85158f92d10fbb75ae70","","docs_CN/NOVOVM-NETWORK/NOVOVM-CLEARING-METRICS-RUN-PHASE-TEMPLATE-2026-04-18.md","86B8521443999AF53DCCF4277D1A5333760454EAD03DBC153D808852D4AE0950","docs_CN/NOVOVM-NETWORK/NOVOVM-CLEARING-METRICS-RUN-PHASE-TEMPLATE-2026-04-18.md","retain current worktree and post-isolation changes","retain_current_original_path","","False","PENDING_USER_REVIEW"
"docs_CN/NOVOVM-NETWORK/NOVOVM-CLEARING-ROUTER-P2A-SEAL-2026-04-17.md","100644","6049b5546129e3968d4a46c53d28565d59026d86","unchanged_by_isolation","6049b5546129e3968d4a46c53d28565d59026d86",,"","6049b5546129e3968d4a46c53d28565d59026d86","","docs_CN/NOVOVM-NETWORK/NOVOVM-CLEARING-ROUTER-P2A-SEAL-2026-04-17.md","48D9CD40815676E18521D6E7C75FEFFF936F494367B016B0359CDFEC40E176EA","docs_CN/NOVOVM-NETWORK/NOVOVM-CLEARING-ROUTER-P2A-SEAL-2026-04-17.md","retain current worktree and post-isolation changes","retain_current_original_path","","False","PENDING_USER_REVIEW"
"docs_CN/NOVOVM-NETWORK/NOVOVM-CORE-PLUGIN-EXTERNAL-LAYER-MAP-2026-04-17.md","100644","6c9a28e824162944ceb8fc89018e0926aa42735c","unchanged_by_isolation","6c9a28e824162944ceb8fc89018e0926aa42735c",,"","6c9a28e824162944ceb8fc89018e0926aa42735c","","docs_CN/NOVOVM-NETWORK/NOVOVM-CORE-PLUGIN-EXTERNAL-LAYER-MAP-2026-04-17.md","C4BF94BEED47B42B8956A6A1F34384983DEB3D360DAC32D0D0CC343598AC1339","docs_CN/NOVOVM-NETWORK/NOVOVM-CORE-PLUGIN-EXTERNAL-LAYER-MAP-2026-04-17.md","retain current worktree and post-isolation changes","retain_current_original_path","","False","PENDING_USER_REVIEW"
"docs_CN/NOVOVM-NETWORK/NOVOVM-CURRENT-SYSTEM-ARCHITECTURE-2026-04-19.md","100644","bb79f3535a133630285640b34a56e00c25554aed","unchanged_by_isolation","bb79f3535a133630285640b34a56e00c25554aed",,"","bb79f3535a133630285640b34a56e00c25554aed","","docs_CN/NOVOVM-NETWORK/NOVOVM-CURRENT-SYSTEM-ARCHITECTURE-2026-04-19.md","F13A75F9206F5247FF739A079BB6D078F42E4BE385410D041C2BEB9A62477E96","docs_CN/NOVOVM-NETWORK/NOVOVM-CURRENT-SYSTEM-ARCHITECTURE-2026-04-19.md","retain current worktree and post-isolation changes","retain_current_original_path","","False","PENDING_USER_REVIEW"
"docs_CN/NOVOVM-NETWORK/NOVOVM-EVM-NIGHTLY-SOAK-SOP-2026-04-17.md","100644","520a17fb4451f32d842567595115c86e0e5c1b61","unchanged_by_isolation","520a17fb4451f32d842567595115c86e0e5c1b61",,"","520a17fb4451f32d842567595115c86e0e5c1b61","","docs_CN/NOVOVM-NETWORK/NOVOVM-EVM-NIGHTLY-SOAK-SOP-2026-04-17.md","8D46904999FB7B8AE45AE63C36D9AAC3F896B95027C252696B57088A58296A2B","docs_CN/NOVOVM-NETWORK/NOVOVM-EVM-NIGHTLY-SOAK-SOP-2026-04-17.md","retain current worktree and post-isolation changes","retain_current_original_path","","False","PENDING_USER_REVIEW"
"docs_CN/NOVOVM-NETWORK/NOVOVM-FULL-MODE-MINIMAL-BOOTSTRAP-TEMPLATE-2026-04-18.md","100644","28e9d641989f967b5fa508a4948b578b0a370763","unchanged_by_isolation","28e9d641989f967b5fa508a4948b578b0a370763",,"","28e9d641989f967b5fa508a4948b578b0a370763","","docs_CN/NOVOVM-NETWORK/NOVOVM-FULL-MODE-MINIMAL-BOOTSTRAP-TEMPLATE-2026-04-18.md","6A8DA0054FE012A57A0128B5F237BA603D44FD3BA0E3654C52CC6D74C70888F0","docs_CN/NOVOVM-NETWORK/NOVOVM-FULL-MODE-MINIMAL-BOOTSTRAP-TEMPLATE-2026-04-18.md","retain current worktree and post-isolation changes","retain_current_original_path","","False","PENDING_USER_REVIEW"
"docs_CN/NOVOVM-NETWORK/NOVOVM-GOVERNANCE-MLDSA87-EXTERNAL-VOTE-SEAL-2026-04-18.md","100644","5ffde153e2f0e0175eae4c6a715c84a9258aa296","unchanged_by_isolation","5ffde153e2f0e0175eae4c6a715c84a9258aa296",,"","5ffde153e2f0e0175eae4c6a715c84a9258aa296","","docs_CN/NOVOVM-NETWORK/NOVOVM-GOVERNANCE-MLDSA87-EXTERNAL-VOTE-SEAL-2026-04-18.md","72ABD7ED98001D5AFF97D7BA4FDD0C042B063FA5650E4C0B5115A9AD9C39CE02","docs_CN/NOVOVM-NETWORK/NOVOVM-GOVERNANCE-MLDSA87-EXTERNAL-VOTE-SEAL-2026-04-18.md","retain current worktree and post-isolation changes","retain_current_original_path","","False","PENDING_USER_REVIEW"
"docs_CN/NOVOVM-NETWORK/NOVOVM-GOVERNANCE-USER-SURFACE-SEAL-2026-04-18.md","100644","e49badb8d173f06c30beddf81c1d3f188a76450d","unchanged_by_isolation","e49badb8d173f06c30beddf81c1d3f188a76450d",,"","e49badb8d173f06c30beddf81c1d3f188a76450d","","docs_CN/NOVOVM-NETWORK/NOVOVM-GOVERNANCE-USER-SURFACE-SEAL-2026-04-18.md","8484A5E6DEB787D88925713608AC3A182BD6AFDE5640D2BF5AFDC404E0D36E20","docs_CN/NOVOVM-NETWORK/NOVOVM-GOVERNANCE-USER-SURFACE-SEAL-2026-04-18.md","retain current worktree and post-isolation changes","retain_current_original_path","","False","PENDING_USER_REVIEW"
"docs_CN/NOVOVM-NETWORK/NOVOVM-NATIVE-ECONOMIC-USER-SURFACE-SEAL-2026-04-18.md","100644","2139fe0cc589201e1c2e5dca5ebb846ef4674dfe","unchanged_by_isolation","2139fe0cc589201e1c2e5dca5ebb846ef4674dfe",,"","2139fe0cc589201e1c2e5dca5ebb846ef4674dfe","","docs_CN/NOVOVM-NETWORK/NOVOVM-NATIVE-ECONOMIC-USER-SURFACE-SEAL-2026-04-18.md","ABB19F141185E58187FAD3C9FBA0C0FF0D2BB7B6F79D31DFCBBAC1D4C60AA95D","docs_CN/NOVOVM-NETWORK/NOVOVM-NATIVE-ECONOMIC-USER-SURFACE-SEAL-2026-04-18.md","retain current worktree and post-isolation changes","retain_current_original_path","","False","PENDING_USER_REVIEW"
"docs_CN/NOVOVM-NETWORK/NOVOVM-NATIVE-EXECUTION-PIPELINE-LIFECYCLE-SIGNOFF-2026-06-14.md","100644","b0b9874142ef820e2a8896a0a1d3fa45f7fe2f51","unchanged_by_isolation","b0b9874142ef820e2a8896a0a1d3fa45f7fe2f51",,"","b0b9874142ef820e2a8896a0a1d3fa45f7fe2f51","","docs_CN/NOVOVM-NETWORK/NOVOVM-NATIVE-EXECUTION-PIPELINE-LIFECYCLE-SIGNOFF-2026-06-14.md","33825A7334AF175AEEAC62C9238912309086FED5FC63566C3E73FD2E367EBA6D","docs_CN/NOVOVM-NETWORK/NOVOVM-NATIVE-EXECUTION-PIPELINE-LIFECYCLE-SIGNOFF-2026-06-14.md","retain current worktree and post-isolation changes","retain_current_original_path","","False","PENDING_USER_REVIEW"
"docs_CN/NOVOVM-NETWORK/NOVOVM-NATIVE-EXECUTION-PIPELINE-PRODUCTION-SOAK-V1-2026-06-14.md","100644","98187d4b9aa07cf769340d516fb50d3442ebabdc","unchanged_by_isolation","98187d4b9aa07cf769340d516fb50d3442ebabdc",,"","98187d4b9aa07cf769340d516fb50d3442ebabdc","","docs_CN/NOVOVM-NETWORK/NOVOVM-NATIVE-EXECUTION-PIPELINE-PRODUCTION-SOAK-V1-2026-06-14.md","4D9BC929743034A5122B9218F7DB825371C362AFB1D8312B9C6DAE68BBB389B2","docs_CN/NOVOVM-NETWORK/NOVOVM-NATIVE-EXECUTION-PIPELINE-PRODUCTION-SOAK-V1-2026-06-14.md","retain current worktree and post-isolation changes","retain_current_original_path","","False","PENDING_USER_REVIEW"
"docs_CN/NOVOVM-NETWORK/NOVOVM-NATIVE-PAYMENT-AND-TREASURY-P1-SEAL-2026-04-17.md","100644","38ff667ea7c6222cd47ee3b233176677dd0ce22b","unchanged_by_isolation","38ff667ea7c6222cd47ee3b233176677dd0ce22b",,"","38ff667ea7c6222cd47ee3b233176677dd0ce22b","","docs_CN/NOVOVM-NETWORK/NOVOVM-NATIVE-PAYMENT-AND-TREASURY-P1-SEAL-2026-04-17.md","3DF1E9B684FE33322B14FD0E72B376FA02B3BC9800B1EEFA9A6712C75727BF27","docs_CN/NOVOVM-NETWORK/NOVOVM-NATIVE-PAYMENT-AND-TREASURY-P1-SEAL-2026-04-17.md","retain current worktree and post-isolation changes","retain_current_original_path","","False","PENDING_USER_REVIEW"
"docs_CN/NOVOVM-NETWORK/NOVOVM-NATIVE-TX-AND-EXECUTION-INTERFACE-DESIGN-2026-04-17.md","100644","91639feebef268690c26344d43bf880af8e70673","unchanged_by_isolation","91639feebef268690c26344d43bf880af8e70673",,"","91639feebef268690c26344d43bf880af8e70673","","docs_CN/NOVOVM-NETWORK/NOVOVM-NATIVE-TX-AND-EXECUTION-INTERFACE-DESIGN-2026-04-17.md","04A6A93505B00B2F33C61CBC9A85A020AAF03F2AF8D2869D51432A2E9FA9F52B","docs_CN/NOVOVM-NETWORK/NOVOVM-NATIVE-TX-AND-EXECUTION-INTERFACE-DESIGN-2026-04-17.md","retain current worktree and post-isolation changes","retain_current_original_path","","False","PENDING_USER_REVIEW"
"docs_CN/NOVOVM-NETWORK/NOVOVM-NETWORK-AI-BEHAVIOR-SPEC-2026-04-08.md","100644","f54c48941bc87e364739c54a405a19b5fe006c16","unchanged_by_isolation","f54c48941bc87e364739c54a405a19b5fe006c16",,"","f54c48941bc87e364739c54a405a19b5fe006c16","","docs_CN/NOVOVM-NETWORK/NOVOVM-NETWORK-AI-BEHAVIOR-SPEC-2026-04-08.md","2868ED8B536B52B035A70E4025478A9A9AF97D5406FA75237A71AD604A655273","docs_CN/NOVOVM-NETWORK/NOVOVM-NETWORK-AI-BEHAVIOR-SPEC-2026-04-08.md","retain current worktree and post-isolation changes","retain_current_original_path","","False","PENDING_USER_REVIEW"
"docs_CN/NOVOVM-NETWORK/NOVOVM-NETWORK-CURRENT-STATE-BOUNDARY-2026-06-18.md","100644","d2ef05e3cb2ce76f79b02d05788a1afa824cb65e","unchanged_by_isolation","d2ef05e3cb2ce76f79b02d05788a1afa824cb65e",,"","d2ef05e3cb2ce76f79b02d05788a1afa824cb65e","","docs_CN/NOVOVM-NETWORK/NOVOVM-NETWORK-CURRENT-STATE-BOUNDARY-2026-06-18.md","B132DE3443ACE2B9057BA281755A0A8FC62757C716784EF96036D8E8F5FCBA81","docs_CN/NOVOVM-NETWORK/NOVOVM-NETWORK-CURRENT-STATE-BOUNDARY-2026-06-18.md","retain current worktree and post-isolation changes","retain_current_original_path","","False","PENDING_USER_REVIEW"
"docs_CN/NOVOVM-NETWORK/NOVOVM-NETWORK-LAYER-RESPONSIBILITY-MATRIX-2026-04-11.md","100644","dff56764ddbc2fe57ac64738603d0e2dad7fc995","unchanged_by_isolation","dff56764ddbc2fe57ac64738603d0e2dad7fc995",,"","dff56764ddbc2fe57ac64738603d0e2dad7fc995","","docs_CN/NOVOVM-NETWORK/NOVOVM-NETWORK-LAYER-RESPONSIBILITY-MATRIX-2026-04-11.md","8B8262C0DCE444734C1F79ED286C12CDE6CDFB9AF03B1A5F84C99B834C4FA24B","docs_CN/NOVOVM-NETWORK/NOVOVM-NETWORK-LAYER-RESPONSIBILITY-MATRIX-2026-04-11.md","retain current worktree and post-isolation changes","retain_current_original_path","","False","PENDING_USER_REVIEW"
"docs_CN/NOVOVM-NETWORK/NOVOVM-NETWORK-MODULE-LAYER-MAP-2026-04-11.md","100644","65e0bb293ed90a9149ce1e2540d7f4e98150a749","unchanged_by_isolation","65e0bb293ed90a9149ce1e2540d7f4e98150a749",,"","65e0bb293ed90a9149ce1e2540d7f4e98150a749","","docs_CN/NOVOVM-NETWORK/NOVOVM-NETWORK-MODULE-LAYER-MAP-2026-04-11.md","386CA1CAB38763CDFACAAF44B0EC10B2DAFDA36120CEDF2F295EAFCDF8A66CCE","docs_CN/NOVOVM-NETWORK/NOVOVM-NETWORK-MODULE-LAYER-MAP-2026-04-11.md","retain current worktree and post-isolation changes","retain_current_original_path","","False","PENDING_USER_REVIEW"
"docs_CN/NOVOVM-NETWORK/NOVOVM-NETWORK-PHASE-A-VALIDATION-2026-04-08.md","100644","15efe8d50628614311178ff8e9f51d36284ff1b2","unchanged_by_isolation","15efe8d50628614311178ff8e9f51d36284ff1b2",,"","15efe8d50628614311178ff8e9f51d36284ff1b2","","docs_CN/NOVOVM-NETWORK/NOVOVM-NETWORK-PHASE-A-VALIDATION-2026-04-08.md","C3CDCA0B868D71666D7D55AD479170711F1792E39FD23FB36ECB8387967BFB44","docs_CN/NOVOVM-NETWORK/NOVOVM-NETWORK-PHASE-A-VALIDATION-2026-04-08.md","retain current worktree and post-isolation changes","retain_current_original_path","","False","PENDING_USER_REVIEW"
"docs_CN/NOVOVM-NETWORK/NOVOVM-NETWORK-PHASE-B-CANDIDATE-AVAILABILITY-2026-04-08.md","100644","052d1f74efcb764dc669f816ba5b8421b5994caf","unchanged_by_isolation","052d1f74efcb764dc669f816ba5b8421b5994caf",,"","052d1f74efcb764dc669f816ba5b8421b5994caf","","docs_CN/NOVOVM-NETWORK/NOVOVM-NETWORK-PHASE-B-CANDIDATE-AVAILABILITY-2026-04-08.md","A508D12883EF8A6EA7C94C6E57D125E8ABF33CD68C42A343490B21CE92CDA7C5","docs_CN/NOVOVM-NETWORK/NOVOVM-NETWORK-PHASE-B-CANDIDATE-AVAILABILITY-2026-04-08.md","retain current worktree and post-isolation changes","retain_current_original_path","","False","PENDING_USER_REVIEW"
"docs_CN/NOVOVM-NETWORK/NOVOVM-NETWORK-PHASE-B-IMPLEMENTATION-LAYOUT-2026-04-08.md","100644","65a2cd42187c0e589b4aa38bef569b1c95230ed3","unchanged_by_isolation","65a2cd42187c0e589b4aa38bef569b1c95230ed3",,"","65a2cd42187c0e589b4aa38bef569b1c95230ed3","","docs_CN/NOVOVM-NETWORK/NOVOVM-NETWORK-PHASE-B-IMPLEMENTATION-LAYOUT-2026-04-08.md","97F37647034A0CE227E5B17F1F5546274291DC8F33888F6BB08EAF4E854D206D","docs_CN/NOVOVM-NETWORK/NOVOVM-NETWORK-PHASE-B-IMPLEMENTATION-LAYOUT-2026-04-08.md","retain current worktree and post-isolation changes","retain_current_original_path","","False","PENDING_USER_REVIEW"
"docs_CN/NOVOVM-NETWORK/NOVOVM-NETWORK-PHASE-E-CANDIDATE-EVALUATION-2026-04-09.md","100644","1a4f8cedb2110a2e221c16f12361a1540fb29b3c","unchanged_by_isolation","1a4f8cedb2110a2e221c16f12361a1540fb29b3c",,"","1a4f8cedb2110a2e221c16f12361a1540fb29b3c","","docs_CN/NOVOVM-NETWORK/NOVOVM-NETWORK-PHASE-E-CANDIDATE-EVALUATION-2026-04-09.md","6B7E79044B13FB0EE0BB75C16DCE618FFBD08FB0A732C2C8D0954005EA08039A","docs_CN/NOVOVM-NETWORK/NOVOVM-NETWORK-PHASE-E-CANDIDATE-EVALUATION-2026-04-09.md","retain current worktree and post-isolation changes","retain_current_original_path","","False","PENDING_USER_REVIEW"
"docs_CN/NOVOVM-NETWORK/NOVOVM-NETWORK-PROD-SINGLE-MAINLINE-STRICT-2026-04-11.md","100644","b68ef5fe6d9b873067cd469581b145c96f6c02a7","unchanged_by_isolation","b68ef5fe6d9b873067cd469581b145c96f6c02a7",,"","b68ef5fe6d9b873067cd469581b145c96f6c02a7","","docs_CN/NOVOVM-NETWORK/NOVOVM-NETWORK-PROD-SINGLE-MAINLINE-STRICT-2026-04-11.md","67811929A4F1C241FA21468D0860EC3BA93EA258F685B39B083EC367EB653B8D","docs_CN/NOVOVM-NETWORK/NOVOVM-NETWORK-PROD-SINGLE-MAINLINE-STRICT-2026-04-11.md","retain current worktree and post-isolation changes","retain_current_original_path","","False","PENDING_USER_REVIEW"
"docs_CN/NOVOVM-NETWORK/NOVOVM-NETWORK-PRODUCTION-OVERLAY-AUDIT-2026-07-03.md","100644","b851bd6c4e853cdc5c77438e06451f4d867cb951","unchanged_by_isolation","b851bd6c4e853cdc5c77438e06451f4d867cb951",,"","b851bd6c4e853cdc5c77438e06451f4d867cb951","","docs_CN/NOVOVM-NETWORK/NOVOVM-NETWORK-PRODUCTION-OVERLAY-AUDIT-2026-07-03.md","994DB7440AD15E25B8D9AF65E9E3A9DFE5D9D1082CE25AB53249216B21DDFD0C","docs_CN/NOVOVM-NETWORK/NOVOVM-NETWORK-PRODUCTION-OVERLAY-AUDIT-2026-07-03.md","retain current worktree and post-isolation changes","retain_current_original_path","","False","PENDING_USER_REVIEW"
"docs_CN/NOVOVM-NETWORK/NOVOVM-NETWORK-RFC-0-MAINLINE-DECISION-2026-04-08.md","100644","fbcb5014e89fbd941ac564c88f9a840fb542c3c0","unchanged_by_isolation","fbcb5014e89fbd941ac564c88f9a840fb542c3c0",,"","fbcb5014e89fbd941ac564c88f9a840fb542c3c0","","docs_CN/NOVOVM-NETWORK/NOVOVM-NETWORK-RFC-0-MAINLINE-DECISION-2026-04-08.md","AA8B5A7F91C16AF9CD964BD6DC4A3A4800073231540CE7E8C4AB71F32707791F","docs_CN/NOVOVM-NETWORK/NOVOVM-NETWORK-RFC-0-MAINLINE-DECISION-2026-04-08.md","retain current worktree and post-isolation changes","retain_current_original_path","","False","PENDING_USER_REVIEW"
"docs_CN/NOVOVM-NETWORK/NOVOVM-NETWORK-UNIFIED-SCHEDULER-ARCHITECTURE-2026-04-11.md","100644","d785e44cea5f58b38875bcd10560e4e2f0712ed1","unchanged_by_isolation","d785e44cea5f58b38875bcd10560e4e2f0712ed1",,"","d785e44cea5f58b38875bcd10560e4e2f0712ed1","","docs_CN/NOVOVM-NETWORK/NOVOVM-NETWORK-UNIFIED-SCHEDULER-ARCHITECTURE-2026-04-11.md","94C0D7B8EA876B28F313E574D5C15CB2E4DFDBE939A03BE17131A8A481287EA5","docs_CN/NOVOVM-NETWORK/NOVOVM-NETWORK-UNIFIED-SCHEDULER-ARCHITECTURE-2026-04-11.md","retain current worktree and post-isolation changes","retain_current_original_path","","False","PENDING_USER_REVIEW"
"docs_CN/NOVOVM-NETWORK/NOVOVM-NODE-ENTRY-INVENTORY-2026-04-11.md","100644","43ec1346d9f4bbfe07cdd525c20bbfdaab17f5a0","unchanged_by_isolation","43ec1346d9f4bbfe07cdd525c20bbfdaab17f5a0",,"","43ec1346d9f4bbfe07cdd525c20bbfdaab17f5a0","","docs_CN/NOVOVM-NETWORK/NOVOVM-NODE-ENTRY-INVENTORY-2026-04-11.md","4A29C5357B93334703DEDC59550D0FF21904045D11B301E43F79DAAAD815977E","docs_CN/NOVOVM-NETWORK/NOVOVM-NODE-ENTRY-INVENTORY-2026-04-11.md","retain current worktree and post-isolation changes","retain_current_original_path","","False","PENDING_USER_REVIEW"
"docs_CN/NOVOVM-NETWORK/NOVOVM-OBSERVABILITY-P2D-SEAL-2026-04-18.md","100644","9fbba8ccf8cd9c2cc3841e01b8feeb8bd21af9f5","unchanged_by_isolation","9fbba8ccf8cd9c2cc3841e01b8feeb8bd21af9f5",,"","9fbba8ccf8cd9c2cc3841e01b8feeb8bd21af9f5","","docs_CN/NOVOVM-NETWORK/NOVOVM-OBSERVABILITY-P2D-SEAL-2026-04-18.md","EC0F6DF2BB3B224345C3D266CD3E374D9DCA37A1FF0B0F59169C37A2B5BD7776","docs_CN/NOVOVM-NETWORK/NOVOVM-OBSERVABILITY-P2D-SEAL-2026-04-18.md","retain current worktree and post-isolation changes","retain_current_original_path","","False","PENDING_USER_REVIEW"
"docs_CN/NOVOVM-NETWORK/NOVOVM-P3-FEATURE-GATE-DECISION-THRESHOLDS-2026-04-18.md","100644","ec49cafb57b17d67a37b1d5017b60fcb459ea347","unchanged_by_isolation","ec49cafb57b17d67a37b1d5017b60fcb459ea347",,"","ec49cafb57b17d67a37b1d5017b60fcb459ea347","","docs_CN/NOVOVM-NETWORK/NOVOVM-P3-FEATURE-GATE-DECISION-THRESHOLDS-2026-04-18.md","E0DAF6CDC3AAB11642D0C1AA90FB6829A708EDA0CC19E2CEADAB23BFF051E1E6","docs_CN/NOVOVM-NETWORK/NOVOVM-P3-FEATURE-GATE-DECISION-THRESHOLDS-2026-04-18.md","retain current worktree and post-isolation changes","retain_current_original_path","","False","PENDING_USER_REVIEW"
"docs_CN/NOVOVM-NETWORK/NOVOVM-P3-GATE-DRYRUN-RESULT-2026-04-18.md","100644","b26b1aeda7ce8e32c98cbc0774f75856633dd740","unchanged_by_isolation","b26b1aeda7ce8e32c98cbc0774f75856633dd740",,"","b26b1aeda7ce8e32c98cbc0774f75856633dd740","","docs_CN/NOVOVM-NETWORK/NOVOVM-P3-GATE-DRYRUN-RESULT-2026-04-18.md","1074A61754ACE517908895384761CCB0321B376331C75077AC2AFBAF3CA717CB","docs_CN/NOVOVM-NETWORK/NOVOVM-P3-GATE-DRYRUN-RESULT-2026-04-18.md","retain current worktree and post-isolation changes","retain_current_original_path","","False","PENDING_USER_REVIEW"
"docs_CN/NOVOVM-NETWORK/NOVOVM-P3A-GATE-WEEKLY-RUN-WINDOW-TEMPLATE-2026-04-18.md","100644","695bcd7105dd65eebf12e8ffa6997baf09271dd5","unchanged_by_isolation","695bcd7105dd65eebf12e8ffa6997baf09271dd5",,"","695bcd7105dd65eebf12e8ffa6997baf09271dd5","","docs_CN/NOVOVM-NETWORK/NOVOVM-P3A-GATE-WEEKLY-RUN-WINDOW-TEMPLATE-2026-04-18.md","ABB812C2FE7FF138AA6DE84CDA27543B3939E1364F2D4EE617E10E9C3FE502A1","docs_CN/NOVOVM-NETWORK/NOVOVM-P3A-GATE-WEEKLY-RUN-WINDOW-TEMPLATE-2026-04-18.md","retain current worktree and post-isolation changes","retain_current_original_path","","False","PENDING_USER_REVIEW"
"docs_CN/NOVOVM-NETWORK/NOVOVM-SCHEDULER-HARD-LOCK-REGRESSION-MATRIX-2026-04-11.md","100644","b825a057f7608261c7c4eae58d3f5db65f453796","unchanged_by_isolation","b825a057f7608261c7c4eae58d3f5db65f453796",,"","b825a057f7608261c7c4eae58d3f5db65f453796","","docs_CN/NOVOVM-NETWORK/NOVOVM-SCHEDULER-HARD-LOCK-REGRESSION-MATRIX-2026-04-11.md","78CB635F59D274A2B77250A74A13F9D1A48185AEFCD8891B79A452B6C19C466B","docs_CN/NOVOVM-NETWORK/NOVOVM-SCHEDULER-HARD-LOCK-REGRESSION-MATRIX-2026-04-11.md","retain current worktree and post-isolation changes","retain_current_original_path","","False","PENDING_USER_REVIEW"
"docs_CN/NOVOVM-NETWORK/NOVOVM-TREASURY-POLICY-P2C-CONSTRAINED-STRATEGY-SEAL-2026-04-18.md","100644","00e7cf89afeb6971c90005a348fc740db078b458","unchanged_by_isolation","00e7cf89afeb6971c90005a348fc740db078b458",,"","00e7cf89afeb6971c90005a348fc740db078b458","","docs_CN/NOVOVM-NETWORK/NOVOVM-TREASURY-POLICY-P2C-CONSTRAINED-STRATEGY-SEAL-2026-04-18.md","0BB57841858205D2A1D4DAA96098412B818B147310226156F7AE0E9154398BC0","docs_CN/NOVOVM-NETWORK/NOVOVM-TREASURY-POLICY-P2C-CONSTRAINED-STRATEGY-SEAL-2026-04-18.md","retain current worktree and post-isolation changes","retain_current_original_path","","False","PENDING_USER_REVIEW"
"docs_CN/NOVOVM-NETWORK/NOVOVM-TREASURY-POLICY-P2C-OVERVIEW-SEAL-DRAFT-2026-04-18.md","100644","eaa06ad4c35969fb72443637d3e11c00b30cc745","unchanged_by_isolation","eaa06ad4c35969fb72443637d3e11c00b30cc745",,"","eaa06ad4c35969fb72443637d3e11c00b30cc745","","docs_CN/NOVOVM-NETWORK/NOVOVM-TREASURY-POLICY-P2C-OVERVIEW-SEAL-DRAFT-2026-04-18.md","F6C5D443C73D3B15F00907463623019960AD91D8DB80C2A737C4C12C3334BA51","docs_CN/NOVOVM-NETWORK/NOVOVM-TREASURY-POLICY-P2C-OVERVIEW-SEAL-DRAFT-2026-04-18.md","retain current worktree and post-isolation changes","retain_current_original_path","","False","PENDING_USER_REVIEW"
"docs_CN/NOVOVM-NETWORK/NOVOVM-TREASURY-POLICY-P2C-SEAL-2026-04-18.md","100644","bed641490264af252cbffc78beb26d8d4541562e","unchanged_by_isolation","bed641490264af252cbffc78beb26d8d4541562e",,"","bed641490264af252cbffc78beb26d8d4541562e","","docs_CN/NOVOVM-NETWORK/NOVOVM-TREASURY-POLICY-P2C-SEAL-2026-04-18.md","B9EA7410EC792EF41DDF834DBDFA76CC60BBA0370056AD910E8E9BA002E26B74","docs_CN/NOVOVM-NETWORK/NOVOVM-TREASURY-POLICY-P2C-SEAL-2026-04-18.md","retain current worktree and post-isolation changes","retain_current_original_path","","False","PENDING_USER_REVIEW"
"docs_CN/NOVOVM-NETWORK/NOVOVM-TREASURY-POLICY-P2C-STAGE2-SEAL-2026-04-18.md","100644","90e33327961fc831a6a57fa0030a462b1789f0de","unchanged_by_isolation","90e33327961fc831a6a57fa0030a462b1789f0de",,"","90e33327961fc831a6a57fa0030a462b1789f0de","","docs_CN/NOVOVM-NETWORK/NOVOVM-TREASURY-POLICY-P2C-STAGE2-SEAL-2026-04-18.md","AC402B68701B9ABBED91A14ED707892823E0EADA2FF430A59EE2D74E964400A1","docs_CN/NOVOVM-NETWORK/NOVOVM-TREASURY-POLICY-P2C-STAGE2-SEAL-2026-04-18.md","retain current worktree and post-isolation changes","retain_current_original_path","","False","PENDING_USER_REVIEW"
"docs_CN/NOVOVM-NODE-GRAY-ROLLOUT-CONTROLLER-RUNBOOK-2026-04-03.md","100644","8eab92f31f6150406cd0109df2e21f90162a2ce4","unchanged_by_isolation","8eab92f31f6150406cd0109df2e21f90162a2ce4",,"","8eab92f31f6150406cd0109df2e21f90162a2ce4","","docs_CN/NOVOVM-NODE-GRAY-ROLLOUT-CONTROLLER-RUNBOOK-2026-04-03.md","1B7EAEDD74B4E5EFED67E8204180D0B09BE8001709E430A850EE7922F0AC9431","docs_CN/NOVOVM-NODE-GRAY-ROLLOUT-CONTROLLER-RUNBOOK-2026-04-03.md","retain current worktree and post-isolation changes","retain_current_original_path","","False","PENDING_USER_REVIEW"
"docs_CN/NOVOVM-NODE-LIFECYCLE-UPGRADE-ROLLBACK-RUNBOOK-2026-04-03.md","100644","c5564429986335f5dbe0265a4e709c2ff8d4bf3e","unchanged_by_isolation","c5564429986335f5dbe0265a4e709c2ff8d4bf3e",,"","c5564429986335f5dbe0265a4e709c2ff8d4bf3e","","docs_CN/NOVOVM-NODE-LIFECYCLE-UPGRADE-ROLLBACK-RUNBOOK-2026-04-03.md","F9D5B87B19CDAD5137F377AE2B664EAF2B608D298A125AF961034E4FD0528567","docs_CN/NOVOVM-NODE-LIFECYCLE-UPGRADE-ROLLBACK-RUNBOOK-2026-04-03.md","retain current worktree and post-isolation changes","retain_current_original_path","","False","PENDING_USER_REVIEW"
"docs_CN/NOVOVM-NODE-ROLLOUT-CONTROL-PLANE-RUNBOOK-2026-04-04.md","100644","11103fb138ea4bc5c47121eb3c4b84e019756704","unchanged_by_isolation","11103fb138ea4bc5c47121eb3c4b84e019756704",,"","11103fb138ea4bc5c47121eb3c4b84e019756704","","docs_CN/NOVOVM-NODE-ROLLOUT-CONTROL-PLANE-RUNBOOK-2026-04-04.md","EE25DF01DF5125E82EFEF10776E748CA5805A1BE6F06D34B4C3F3ED9847F14E7","docs_CN/NOVOVM-NODE-ROLLOUT-CONTROL-PLANE-RUNBOOK-2026-04-04.md","retain current worktree and post-isolation changes","retain_current_original_path","","False","PENDING_USER_REVIEW"
"docs_CN/NOVOVM-PHASE2-A-LIFECYCLE-FULL-RUST-SHELL-TASKLIST-2026-04-07.md","100644","71a85a34b5881ee03b37dd92c1ab1d84e7f6cf23","unchanged_by_isolation","71a85a34b5881ee03b37dd92c1ab1d84e7f6cf23",,"","71a85a34b5881ee03b37dd92c1ab1d84e7f6cf23","","docs_CN/NOVOVM-PHASE2-A-LIFECYCLE-FULL-RUST-SHELL-TASKLIST-2026-04-07.md","CFD45174CBDEF5DDAD270B3B014160C6D1AFE0615E6A67160C3371DFEB11BB25","docs_CN/NOVOVM-PHASE2-A-LIFECYCLE-FULL-RUST-SHELL-TASKLIST-2026-04-07.md","retain current worktree and post-isolation changes","retain_current_original_path","","False","PENDING_USER_REVIEW"
"docs_CN/NOVOVM-PHASE2-B-ROLLOUT-FULL-RUST-SHELL-TASKLIST-2026-04-07.md","100644","a620a11212facc4c8000718647af89a3cd50d8ea","unchanged_by_isolation","a620a11212facc4c8000718647af89a3cd50d8ea",,"","a620a11212facc4c8000718647af89a3cd50d8ea","","docs_CN/NOVOVM-PHASE2-B-ROLLOUT-FULL-RUST-SHELL-TASKLIST-2026-04-07.md","49E2DD30C7A77FC663F6E1CFBD6507976314B86396E5C79080EE795E6C3D9E86","docs_CN/NOVOVM-PHASE2-B-ROLLOUT-FULL-RUST-SHELL-TASKLIST-2026-04-07.md","retain current worktree and post-isolation changes","retain_current_original_path","","False","PENDING_USER_REVIEW"
"docs_CN/NOVOVM-PHASE2-C-DAEMON-FULL-RUST-SHELL-TASKLIST-2026-04-07.md","100644","3400f37e7487df3927756721b0775e63169c3541","unchanged_by_isolation","3400f37e7487df3927756721b0775e63169c3541",,"","3400f37e7487df3927756721b0775e63169c3541","","docs_CN/NOVOVM-PHASE2-C-DAEMON-FULL-RUST-SHELL-TASKLIST-2026-04-07.md","0947EB0830FF55DA9C46E210E16CDD33865325252D1BC679C67D7E36818784CD","docs_CN/NOVOVM-PHASE2-C-DAEMON-FULL-RUST-SHELL-TASKLIST-2026-04-07.md","retain current worktree and post-isolation changes","retain_current_original_path","","False","PENDING_USER_REVIEW"
"docs_CN/NOVOVM-POWERSHELL-ENTRY-EXTERNAL-CONFIRMATION-CHECKLIST-2026-04-08.md","100644","99db90df5178dd4c36d78cb5a017e8bd9e0ebb30","unchanged_by_isolation","99db90df5178dd4c36d78cb5a017e8bd9e0ebb30",,"","99db90df5178dd4c36d78cb5a017e8bd9e0ebb30","","docs_CN/NOVOVM-POWERSHELL-ENTRY-EXTERNAL-CONFIRMATION-CHECKLIST-2026-04-08.md","12328BE1AFC6DBB9E176A41459F9DAEAD34DE18D3F07CF1D65B5452950E3223C","docs_CN/NOVOVM-POWERSHELL-ENTRY-EXTERNAL-CONFIRMATION-CHECKLIST-2026-04-08.md","retain current worktree and post-isolation changes","retain_current_original_path","","False","PENDING_USER_REVIEW"
"docs_CN/NOVOVM-POWERSHELL-MAINLINE-ENTRY-REMOVAL-AUDIT-2026-04-08.md","100644","7d7bb6f983a18835ac118e8330011bbf9a5715b3","unchanged_by_isolation","7d7bb6f983a18835ac118e8330011bbf9a5715b3",,"","7d7bb6f983a18835ac118e8330011bbf9a5715b3","","docs_CN/NOVOVM-POWERSHELL-MAINLINE-ENTRY-REMOVAL-AUDIT-2026-04-08.md","92E2EEE45B70B366933D6656043AFC577C568FC26C72C094D130AC6E34AB98D5","docs_CN/NOVOVM-POWERSHELL-MAINLINE-ENTRY-REMOVAL-AUDIT-2026-04-08.md","retain current worktree and post-isolation changes","retain_current_original_path","","False","PENDING_USER_REVIEW"
"docs_CN/NOVOVM-PS1-INVENTORY-AND-MIGRATION-CUTLIST-2026-04-06.md","100644","a2d057c21fc52937e76fd742f1f766085f80cba1","unchanged_by_isolation","a2d057c21fc52937e76fd742f1f766085f80cba1",,"","a2d057c21fc52937e76fd742f1f766085f80cba1","","docs_CN/NOVOVM-PS1-INVENTORY-AND-MIGRATION-CUTLIST-2026-04-06.md","92918FB10DCF7DD0A1AE0F030E3020A43DA5555E18FBF1D47AC9C12C48BFADA0","docs_CN/NOVOVM-PS1-INVENTORY-AND-MIGRATION-CUTLIST-2026-04-06.md","retain current worktree and post-isolation changes","retain_current_original_path","","False","PENDING_USER_REVIEW"
"docs_CN/NOVOVM-RUST-MIGRATION-FINAL-CLOSURE-2026-04-07.md","100644","8fbc8e0b8ed492cf5baa99245a51febf16ec2798","unchanged_by_isolation","8fbc8e0b8ed492cf5baa99245a51febf16ec2798",,"","8fbc8e0b8ed492cf5baa99245a51febf16ec2798","","docs_CN/NOVOVM-RUST-MIGRATION-FINAL-CLOSURE-2026-04-07.md","A6C661549EC5798D74A0EA577D8A4C0F33C9F17AF9999CDCEF37A770A47CB299","docs_CN/NOVOVM-RUST-MIGRATION-FINAL-CLOSURE-2026-04-07.md","retain current worktree and post-isolation changes","retain_current_original_path","","False","PENDING_USER_REVIEW"
"docs_CN/NOVOVM-RUST-MIGRATION-SEAL-PLAN-2026-04-05.md","100644","ffd9160b9523b09e588156489c3f874b0e79a7a7","unchanged_by_isolation","ffd9160b9523b09e588156489c3f874b0e79a7a7",,"","ffd9160b9523b09e588156489c3f874b0e79a7a7","","docs_CN/NOVOVM-RUST-MIGRATION-SEAL-PLAN-2026-04-05.md","07283D6D6C31AB6F909AFF256673D2DE595948DC4C2850AC6B51768192E67AB7","docs_CN/NOVOVM-RUST-MIGRATION-SEAL-PLAN-2026-04-05.md","retain current worktree and post-isolation changes","retain_current_original_path","","False","PENDING_USER_REVIEW"
"docs_CN/NOVOVM-SECURITY-REVIEW-RESPONSE-2026-04-08.md","100644","723e88c7891e274ee1a59e7fc63be0e23107f1b0","unchanged_by_isolation","723e88c7891e274ee1a59e7fc63be0e23107f1b0",,"","723e88c7891e274ee1a59e7fc63be0e23107f1b0","","docs_CN/NOVOVM-SECURITY-REVIEW-RESPONSE-2026-04-08.md","E8A6A376C77FF1036953D33439A9893F0C2EC3A45487843EB7929F7D8B32F001","docs_CN/NOVOVM-SECURITY-REVIEW-RESPONSE-2026-04-08.md","retain current worktree and post-isolation changes","retain_current_original_path","","False","PENDING_USER_REVIEW"
"docs_CN/NOVOVM-STATE-REPLICA-DRILL-TEMPLATE-2026-04-04.md","100644","8ba85262eccaadcf28b81209a5dd8d89c3915849","unchanged_by_isolation","8ba85262eccaadcf28b81209a5dd8d89c3915849",,"","8ba85262eccaadcf28b81209a5dd8d89c3915849","","docs_CN/NOVOVM-STATE-REPLICA-DRILL-TEMPLATE-2026-04-04.md","35966CD6E35353A9A7F511F5ABEEC7E4415E5C8037AF4F9EB4B457786B2D741E","docs_CN/NOVOVM-STATE-REPLICA-DRILL-TEMPLATE-2026-04-04.md","retain current worktree and post-isolation changes","retain_current_original_path","","False","PENDING_USER_REVIEW"
"docs_CN/NOVOVM-UA-PROD-OPS-CMDS-2026-03-23.md","100644","86fef8da3fcff00d91babbe049bde99975053938","unchanged_by_isolation","86fef8da3fcff00d91babbe049bde99975053938",,"","86fef8da3fcff00d91babbe049bde99975053938","","docs_CN/NOVOVM-UA-PROD-OPS-CMDS-2026-03-23.md","9577F0C69A06E28468740126554BD7B735E83542B98EA2406CE16BA8961E3CF8","docs_CN/NOVOVM-UA-PROD-OPS-CMDS-2026-03-23.md","retain current worktree and post-isolation changes","retain_current_original_path","","False","PENDING_USER_REVIEW"
"docs_CN/NOVOVM-UNIFIED-ENTRYPOINT-AND-RUNBOOK-2026-03-22.md","100644","dfd411ab9f180d2560bb49ff1f883e03467e1fa6","unchanged_by_isolation","dfd411ab9f180d2560bb49ff1f883e03467e1fa6",,"","dfd411ab9f180d2560bb49ff1f883e03467e1fa6","","docs_CN/NOVOVM-UNIFIED-ENTRYPOINT-AND-RUNBOOK-2026-03-22.md","107FC37BDA28FFCFC5D87878A171A234DEDFCD8F0E88CE6A0327CC60EDA3D81B","docs_CN/NOVOVM-UNIFIED-ENTRYPOINT-AND-RUNBOOK-2026-03-22.md","retain current worktree and post-isolation changes","retain_current_original_path","","False","PENDING_USER_REVIEW"
"docs_CN/NOVOVM-UNIFIED-POLICY-CORE-SEAL-AUDIT-2026-04-07.md","100644","6102ef322899c7e7f3dfe59042cc5ed8d40bd8fc","unchanged_by_isolation","6102ef322899c7e7f3dfe59042cc5ed8d40bd8fc",,"","6102ef322899c7e7f3dfe59042cc5ed8d40bd8fc","","docs_CN/NOVOVM-UNIFIED-POLICY-CORE-SEAL-AUDIT-2026-04-07.md","6242F23BFFB640631F1CDF5F81A7CFC6FF7D14146777A09FDDD8A9FA0B1BA019","docs_CN/NOVOVM-UNIFIED-POLICY-CORE-SEAL-AUDIT-2026-04-07.md","retain current worktree and post-isolation changes","retain_current_original_path","","False","PENDING_USER_REVIEW"
"docs_CN/Old Design/跨链参考/ATOMIC_TRANSACTION_GAS_CONSENSUS_EXPLANATION.md","100644","42c0025b68bba1f3ba5a503c1b4e21fabaf5a0e9","unchanged_by_isolation","42c0025b68bba1f3ba5a503c1b4e21fabaf5a0e9",,"","42c0025b68bba1f3ba5a503c1b4e21fabaf5a0e9","","docs_CN/Old Design/跨链参考/ATOMIC_TRANSACTION_GAS_CONSENSUS_EXPLANATION.md","253FA478243C571428099036ACE70F53FD5E3F0AA7265085671E2277C2143A29","docs_CN/Old Design/跨链参考/ATOMIC_TRANSACTION_GAS_CONSENSUS_EXPLANATION.md","retain current worktree and post-isolation changes","retain_current_original_path","","False","PENDING_USER_REVIEW"
"docs_CN/Old Design/跨链参考/CROSS-CHAIN-ARCHITECTURE.md","100644","6f0d30d25b64c6c9ee88ee7a0b5bc992b30aac17","unchanged_by_isolation","6f0d30d25b64c6c9ee88ee7a0b5bc992b30aac17",,"","6f0d30d25b64c6c9ee88ee7a0b5bc992b30aac17","","docs_CN/Old Design/跨链参考/CROSS-CHAIN-ARCHITECTURE.md","68EB677F8B242A1F177108CC4AEB625C582720C4DE25351A98454CBAF6B67147","docs_CN/Old Design/跨链参考/CROSS-CHAIN-ARCHITECTURE.md","retain current worktree and post-isolation changes","retain_current_original_path","","False","PENDING_USER_REVIEW"
"docs_CN/Old Design/跨链参考/L1-CROSS-CHAIN-COMPLETION-REPORT.md","100644","0689f62e56c2fcd3b0ea3f6cf9ca15fb2553fb93","unchanged_by_isolation","0689f62e56c2fcd3b0ea3f6cf9ca15fb2553fb93",,"","0689f62e56c2fcd3b0ea3f6cf9ca15fb2553fb93","","docs_CN/Old Design/跨链参考/L1-CROSS-CHAIN-COMPLETION-REPORT.md","464CBC113D1354C360920C64994F973C560931F01322CED1E819C2048E354013","docs_CN/Old Design/跨链参考/L1-CROSS-CHAIN-COMPLETION-REPORT.md","retain current worktree and post-isolation changes","retain_current_original_path","","False","PENDING_USER_REVIEW"
"docs_CN/Old Design/跨链参考/PROJECT-QA.md","100644","00f261e7cc6aa1abdf95e76e6c132f8164335e75","unchanged_by_isolation","00f261e7cc6aa1abdf95e76e6c132f8164335e75",,"","00f261e7cc6aa1abdf95e76e6c132f8164335e75","","docs_CN/Old Design/跨链参考/PROJECT-QA.md","B789FD8A77087006523F23EF5856A9313C68D73143030C0E25497BE93F1370E6","docs_CN/Old Design/跨链参考/PROJECT-QA.md","retain current worktree and post-isolation changes","retain_current_original_path","","False","PENDING_USER_REVIEW"
"docs_CN/Old Design/域名注册/L3.5-DOMAIN-ON-CHAIN-INTEGRATION.md","100644","c6c231c1a2f567140115210be1d8468d94a86ad1","unchanged_by_isolation","c6c231c1a2f567140115210be1d8468d94a86ad1",,"","c6c231c1a2f567140115210be1d8468d94a86ad1","","docs_CN/Old Design/域名注册/L3.5-DOMAIN-ON-CHAIN-INTEGRATION.md","6D4744F41C56470C8220A7A8908558126D409AF6DE6DBF7D17648DEC783C6E06","docs_CN/Old Design/域名注册/L3.5-DOMAIN-ON-CHAIN-INTEGRATION.md","retain current worktree and post-isolation changes","retain_current_original_path","","False","PENDING_USER_REVIEW"
"docs_CN/Old Design/原生智能合约/UNIVERSAL-CONTRACT-GUIDE.md","100644","7cf863ab96cb2ffb6e004fe480da7b8497fe0af0","unchanged_by_isolation","7cf863ab96cb2ffb6e004fe480da7b8497fe0af0",,"","7cf863ab96cb2ffb6e004fe480da7b8497fe0af0","","docs_CN/Old Design/原生智能合约/UNIVERSAL-CONTRACT-GUIDE.md","FDF7E1382AC91C18E1BC8380709C1BB1A74DFE279539F1CD2A00CEDC6343DBD3","docs_CN/Old Design/原生智能合约/UNIVERSAL-CONTRACT-GUIDE.md","retain current worktree and post-isolation changes","retain_current_original_path","","False","PENDING_USER_REVIEW"
"docs_CN/Old Design/DAPP/DAPP-ECOSYSTEM-GAP-ANALYSIS.md","100644","9687611d41dece578fccef698269a11b7a450b00","unchanged_by_isolation","9687611d41dece578fccef698269a11b7a450b00",,"","9687611d41dece578fccef698269a11b7a450b00","","docs_CN/Old Design/DAPP/DAPP-ECOSYSTEM-GAP-ANALYSIS.md","191C7063968E58F619C6AABDF10B83F44A8D05F65E6EF398290D761E1E6F3EBE","docs_CN/Old Design/DAPP/DAPP-ECOSYSTEM-GAP-ANALYSIS.md","retain current worktree and post-isolation changes","retain_current_original_path","","False","PENDING_USER_REVIEW"
"docs_CN/Old Design/PROJECT-CURRENT-STATUS-AUTHORITATIVE.md","100644","db071aafc74ee9820657099c1cdb6adb9d00816d","unchanged_by_isolation","db071aafc74ee9820657099c1cdb6adb9d00816d",,"","db071aafc74ee9820657099c1cdb6adb9d00816d","","docs_CN/Old Design/PROJECT-CURRENT-STATUS-AUTHORITATIVE.md","EAC2AFE15D1F1647B091364F3DF5D4D90B7793507C5F9D82AFD970E5F76ED154","docs_CN/Old Design/PROJECT-CURRENT-STATUS-AUTHORITATIVE.md","retain current worktree and post-isolation changes","retain_current_original_path","","False","PENDING_USER_REVIEW"
"docs_CN/Old Design/Q&A/第一次客观评估superVM.md","100644","ae59f5dc11058af62cdaed0b5e36126f37bd2f1b","unchanged_by_isolation","ae59f5dc11058af62cdaed0b5e36126f37bd2f1b",,"","ae59f5dc11058af62cdaed0b5e36126f37bd2f1b","","docs_CN/Old Design/Q&A/第一次客观评估superVM.md","1C455BD42E03915E61BD69EEA49E1C83A22C4EFFF996D9D915AA8D069AAAD758","docs_CN/Old Design/Q&A/第一次客观评估superVM.md","retain current worktree and post-isolation changes","retain_current_original_path","","False","PENDING_USER_REVIEW"
"docs_CN/Old Design/Q&A/第一次问是否业界最强.md","100644","588bfdb4a497379764c0597f495f802db47aa804","unchanged_by_isolation","588bfdb4a497379764c0597f495f802db47aa804",,"","588bfdb4a497379764c0597f495f802db47aa804","","docs_CN/Old Design/Q&A/第一次问是否业界最强.md","29CF8B7D6A7D631F47A9166548CCFF44FF91EA8146AB4E0BCF20E160D578A281","docs_CN/Old Design/Q&A/第一次问是否业界最强.md","retain current worktree and post-isolation changes","retain_current_original_path","","False","PENDING_USER_REVIEW"
"docs_CN/Old Design/Q&A/关于合规和翻墙.md","100644","110376c3ca429b8d840890e5d5f0cdf8cdb0a359","unchanged_by_isolation","110376c3ca429b8d840890e5d5f0cdf8cdb0a359",,"","110376c3ca429b8d840890e5d5f0cdf8cdb0a359","","docs_CN/Old Design/Q&A/关于合规和翻墙.md","737A91E79A6E37B5CE723DF8FAAA389C3A60EF3C1A1615CDAE3796914C5F194A","docs_CN/Old Design/Q&A/关于合规和翻墙.md","retain current worktree and post-isolation changes","retain_current_original_path","","False","PENDING_USER_REVIEW"
"docs_CN/Old Design/Q&A/关于内核对GPU和CPU的适配.md","100644","28f33402ea0520f88730bf10f393e1592b92020b","unchanged_by_isolation","28f33402ea0520f88730bf10f393e1592b92020b",,"","28f33402ea0520f88730bf10f393e1592b92020b","","docs_CN/Old Design/Q&A/关于内核对GPU和CPU的适配.md","5257006BE07F2FC075355BF85401D92328B277C02B4092C75D774D24C891F388","docs_CN/Old Design/Q&A/关于内核对GPU和CPU的适配.md","retain current worktree and post-isolation changes","retain_current_original_path","","False","PENDING_USER_REVIEW"
"docs_CN/Old Design/Q&A/跨链桥与多链统一架构的核心区别.md","100644","54d8af3df6aeb223012751f43ddb3580a0f5b51e","unchanged_by_isolation","54d8af3df6aeb223012751f43ddb3580a0f5b51e",,"","54d8af3df6aeb223012751f43ddb3580a0f5b51e","","docs_CN/Old Design/Q&A/跨链桥与多链统一架构的核心区别.md","CDE9C731041282C92EB7A8155943BA57A31F7526ED80DBF1319F5A2BE3C13AC8","docs_CN/Old Design/Q&A/跨链桥与多链统一架构的核心区别.md","retain current worktree and post-isolation changes","retain_current_original_path","","False","PENDING_USER_REVIEW"
"docs_CN/Old Design/Q&A/企业级生产型分布式存储解决方案.md","100644","94388bb0494e786a150163b7047bbca65d31a4a7","unchanged_by_isolation","94388bb0494e786a150163b7047bbca65d31a4a7",,"","94388bb0494e786a150163b7047bbca65d31a4a7","","docs_CN/Old Design/Q&A/企业级生产型分布式存储解决方案.md","AA37A1AEBFF2A948528577E1F82301A458217E94A59899F30586A0A1FAB9EC11","docs_CN/Old Design/Q&A/企业级生产型分布式存储解决方案.md","retain current worktree and post-isolation changes","retain_current_original_path","","False","PENDING_USER_REVIEW"
"docs_CN/Old Design/Q&A/去中心化聊天的实现示例.md","100644","20660fe86fab4e7fa8d191016ecb6cd030995dc1","unchanged_by_isolation","20660fe86fab4e7fa8d191016ecb6cd030995dc1",,"","20660fe86fab4e7fa8d191016ecb6cd030995dc1","","docs_CN/Old Design/Q&A/去中心化聊天的实现示例.md","7245832E0AA28F6D70F16A5788AEE150FFEC7A40D6C9AB93BC42A089A20E02D9","docs_CN/Old Design/Q&A/去中心化聊天的实现示例.md","retain current worktree and post-isolation changes","retain_current_original_path","","False","PENDING_USER_REVIEW"
"docs_CN/Old Design/Q&A/数据库存储开发结果.md","100644","9777cc44b89ef90022ea64c1c1adf9f258ed92f7","unchanged_by_isolation","9777cc44b89ef90022ea64c1c1adf9f258ed92f7",,"","9777cc44b89ef90022ea64c1c1adf9f258ed92f7","","docs_CN/Old Design/Q&A/数据库存储开发结果.md","538FA74AC63FBD6069CFB1F921C34F5587BE3DB40F508D499BBC9A1E0A750603","docs_CN/Old Design/Q&A/数据库存储开发结果.md","retain current worktree and post-isolation changes","retain_current_original_path","","False","PENDING_USER_REVIEW"
"docs_CN/Old Design/Q&A/双内核异构计算架构.md","100644","d8ce062c76febe6d33c089e40a8cdc128609ec45","unchanged_by_isolation","d8ce062c76febe6d33c089e40a8cdc128609ec45",,"","d8ce062c76febe6d33c089e40a8cdc128609ec45","","docs_CN/Old Design/Q&A/双内核异构计算架构.md","2C50AECCE2F855CF7DB1B0FBB0E49A809C6C50A01E7E6DD7C35EE9F1762BC10E","docs_CN/Old Design/Q&A/双内核异构计算架构.md","retain current worktree and post-isolation changes","retain_current_original_path","","False","PENDING_USER_REVIEW"
"docs_CN/Old Design/Q&A/挖矿说明.md","100644","8b36c1593585bbf1124e711a30f5334814fe7e00","unchanged_by_isolation","8b36c1593585bbf1124e711a30f5334814fe7e00",,"","8b36c1593585bbf1124e711a30f5334814fe7e00","","docs_CN/Old Design/Q&A/挖矿说明.md","DFC9D6E05DE2C3CBBD9B67750162C0B89EAEB7BB3F920757ADBE8356BF15F0AF","docs_CN/Old Design/Q&A/挖矿说明.md","retain current worktree and post-isolation changes","retain_current_original_path","","False","PENDING_USER_REVIEW"
"docs_CN/Old Design/Q&A/野心1-superVM多练统一架构设计构想.md","100644","9ffba4a627cd13ec9782d72db241868921fd464e","unchanged_by_isolation","9ffba4a627cd13ec9782d72db241868921fd464e",,"","9ffba4a627cd13ec9782d72db241868921fd464e","","docs_CN/Old Design/Q&A/野心1-superVM多练统一架构设计构想.md","D0851252F0CA96688E645BE50F6E9CAA3EF943905A7D0716CEF9DA6CB34ACF83","docs_CN/Old Design/Q&A/野心1-superVM多练统一架构设计构想.md","retain current worktree and post-isolation changes","retain_current_original_path","","False","PENDING_USER_REVIEW"
"docs_CN/Old Design/Q&A/野心1的升级.md","100644","cf92d3b7c1d31886debf8512c2c27e7d3ec07637","unchanged_by_isolation","cf92d3b7c1d31886debf8512c2c27e7d3ec07637",,"","cf92d3b7c1d31886debf8512c2c27e7d3ec07637","","docs_CN/Old Design/Q&A/野心1的升级.md","347EAA1300C3181D7753490DD63CBCFFAC7EAF3B32B48CE0AE2AAA02CCFE2298","docs_CN/Old Design/Q&A/野心1的升级.md","retain current worktree and post-isolation changes","retain_current_original_path","","False","PENDING_USER_REVIEW"
"docs_CN/Old Design/Q&A/野心1的升级3.md","100644","6a08a4594378077f80c23105b897ed412f2bd864","unchanged_by_isolation","6a08a4594378077f80c23105b897ed412f2bd864",,"","6a08a4594378077f80c23105b897ed412f2bd864","","docs_CN/Old Design/Q&A/野心1的升级3.md","D2825007C932F1618F763CB0493B608DE9545AC66DAD08934B0B4736303B0460","docs_CN/Old Design/Q&A/野心1的升级3.md","retain current worktree and post-isolation changes","retain_current_original_path","","False","PENDING_USER_REVIEW"
"docs_CN/Old Design/Q&A/野心1的升级4.md","100644","a9ae671b5bcc90136da884352f4a2f1487ab142b","unchanged_by_isolation","a9ae671b5bcc90136da884352f4a2f1487ab142b",,"","a9ae671b5bcc90136da884352f4a2f1487ab142b","","docs_CN/Old Design/Q&A/野心1的升级4.md","42F63B23A335A915EA9DEE280E97FD7F6554826AF45BD3572A6F39E246354F71","docs_CN/Old Design/Q&A/野心1的升级4.md","retain current worktree and post-isolation changes","retain_current_original_path","","False","PENDING_USER_REVIEW"
"docs_CN/Old Design/Q&A/野心2-去中心化文件存储和浏览器.md","100644","7cc16bbd76cce11ac395253645b81adc320c7905","unchanged_by_isolation","7cc16bbd76cce11ac395253645b81adc320c7905",,"","7cc16bbd76cce11ac395253645b81adc320c7905","","docs_CN/Old Design/Q&A/野心2-去中心化文件存储和浏览器.md","A61975D400FC92E37495208372F12FC99F18D7027F8794EEAF8FB9FEE641AF6B","docs_CN/Old Design/Q&A/野心2-去中心化文件存储和浏览器.md","retain current worktree and post-isolation changes","retain_current_original_path","","False","PENDING_USER_REVIEW"
"docs_CN/Old Design/Q&A/野心统一区块链.md","100644","dd1265429fa41b92e78e4027af35a8f1197962f3","unchanged_by_isolation","dd1265429fa41b92e78e4027af35a8f1197962f3",,"","dd1265429fa41b92e78e4027af35a8f1197962f3","","docs_CN/Old Design/Q&A/野心统一区块链.md","C35D4C022EF2233E7D40B01FCB24B52E049C2FB86414B8D816E8C86A567EF0B0","docs_CN/Old Design/Q&A/野心统一区块链.md","retain current worktree and post-isolation changes","retain_current_original_path","","False","PENDING_USER_REVIEW"
"docs_CN/Old Design/Q&A/野心统一区块链2.md","100644","d4254a8b2cdf1482f14db6aee38a54d1bc74e127","unchanged_by_isolation","d4254a8b2cdf1482f14db6aee38a54d1bc74e127",,"","d4254a8b2cdf1482f14db6aee38a54d1bc74e127","","docs_CN/Old Design/Q&A/野心统一区块链2.md","98F01080F81BA524AF0FB00945A20B5C9FE1BD078CE2DE841892FD9EA93F37AC","docs_CN/Old Design/Q&A/野心统一区块链2.md","retain current worktree and post-isolation changes","retain_current_original_path","","False","PENDING_USER_REVIEW"
"docs_CN/Old Design/Q&A/野心统一区块链3.md","100644","0fbd83eb794f9f5b63b38f0399998a26f08de457","unchanged_by_isolation","0fbd83eb794f9f5b63b38f0399998a26f08de457",,"","0fbd83eb794f9f5b63b38f0399998a26f08de457","","docs_CN/Old Design/Q&A/野心统一区块链3.md","8E24C7F23CC1B08521A8357340D2038DCCC38BD27E7FAF50064056A4D8375DE5","docs_CN/Old Design/Q&A/野心统一区块链3.md","retain current worktree and post-isolation changes","retain_current_original_path","","False","PENDING_USER_REVIEW"
"docs_CN/Old Design/Q&A/野心统一区块链4.md","100644","1debf3f2cf78c8550fe08ed12d6a8adc91b916d6","unchanged_by_isolation","1debf3f2cf78c8550fe08ed12d6a8adc91b916d6",,"","1debf3f2cf78c8550fe08ed12d6a8adc91b916d6","","docs_CN/Old Design/Q&A/野心统一区块链4.md","1142A70BAB6EACF5C301CD2FBE047D86149B0EAF27E1B65A7CEA423F766B803A","docs_CN/Old Design/Q&A/野心统一区块链4.md","retain current worktree and post-isolation changes","retain_current_original_path","","False","PENDING_USER_REVIEW"
"docs_CN/Old Design/Q&A/野心统一区块链5.md","100644","2c5965d8086d3747efbd60bd39e0b493d644360e","unchanged_by_isolation","2c5965d8086d3747efbd60bd39e0b493d644360e",,"","2c5965d8086d3747efbd60bd39e0b493d644360e","","docs_CN/Old Design/Q&A/野心统一区块链5.md","9E67080A1B42981B56708AC8E10FCF7634FD918E087AB64400278A80A0AF2C20","docs_CN/Old Design/Q&A/野心统一区块链5.md","retain current worktree and post-isolation changes","retain_current_original_path","","False","PENDING_USER_REVIEW"
"docs_CN/Old Design/Q&A/与操作系统OS的区别.md","100644","19880c9a7a82ca2c3fd598eb54dc0c45278816be","unchanged_by_isolation","19880c9a7a82ca2c3fd598eb54dc0c45278816be",,"","19880c9a7a82ca2c3fd598eb54dc0c45278816be","","docs_CN/Old Design/Q&A/与操作系统OS的区别.md","A1499EE7A6851846097B8EC041F2BAE1F052FFB1D07B489853239DEEC5676AFF","docs_CN/Old Design/Q&A/与操作系统OS的区别.md","retain current worktree and post-isolation changes","retain_current_original_path","","False","PENDING_USER_REVIEW"
"docs_CN/Old Design/Q&A/A-受限网络下的可用性设计.md","100644","c6b6cbae89286034fa2e837d197ee2a44a0c7bf4","unchanged_by_isolation","c6b6cbae89286034fa2e837d197ee2a44a0c7bf4",,"","c6b6cbae89286034fa2e837d197ee2a44a0c7bf4","","docs_CN/Old Design/Q&A/A-受限网络下的可用性设计.md","601FFD382B531BB87F62A861425BF3D36358E8576405C3E1E6C527DFECCF9FE7","docs_CN/Old Design/Q&A/A-受限网络下的可用性设计.md","retain current worktree and post-isolation changes","retain_current_original_path","","False","PENDING_USER_REVIEW"
"docs_CN/Old Design/Q&A/A-四层网络硬件部署与算力调度.md","100644","0098ed24276d4bdc78609b961fd5763c087c400b","unchanged_by_isolation","0098ed24276d4bdc78609b961fd5763c087c400b",,"","0098ed24276d4bdc78609b961fd5763c087c400b","","docs_CN/Old Design/Q&A/A-四层网络硬件部署与算力调度.md","866544292749F1135373828D57AEFA05575DDA0B85A69F75D35DD60B41C20B8B","docs_CN/Old Design/Q&A/A-四层网络硬件部署与算力调度.md","retain current worktree and post-isolation changes","retain_current_original_path","","False","PENDING_USER_REVIEW"
"docs_CN/Old Design/Q&A/A-性能配置策略.md","100644","44ebc0142ad6ee717025c64f29824182e0f0f433","unchanged_by_isolation","44ebc0142ad6ee717025c64f29824182e0f0f433",,"","44ebc0142ad6ee717025c64f29824182e0f0f433","","docs_CN/Old Design/Q&A/A-性能配置策略.md","14BC548F841D2E6B7035FD2D002C4FDA5A04CCF48B367BD1A9C58CDE1F546BA6","docs_CN/Old Design/Q&A/A-性能配置策略.md","retain current worktree and post-isolation changes","retain_current_original_path","","False","PENDING_USER_REVIEW"
"docs_CN/Old Design/Q&A/A-智能分布式存储与性能优化.md","100644","6345180a0f15bfeb9ed8b6b0f2e38e5a11ec911c","unchanged_by_isolation","6345180a0f15bfeb9ed8b6b0f2e38e5a11ec911c",,"","6345180a0f15bfeb9ed8b6b0f2e38e5a11ec911c","","docs_CN/Old Design/Q&A/A-智能分布式存储与性能优化.md","2E9A02E3C868FA1A9BD2B2B58E6B53DE70C6432E79A4B1E423F6771EE951DAFE","docs_CN/Old Design/Q&A/A-智能分布式存储与性能优化.md","retain current worktree and post-isolation changes","retain_current_original_path","","False","PENDING_USER_REVIEW"
"docs_CN/Old Design/Q&A/L4 节点升级为全员参与的路由网络.md","100644","6996a29a424e6921ba9f16949c936fb32ed6720e","unchanged_by_isolation","6996a29a424e6921ba9f16949c936fb32ed6720e",,"","6996a29a424e6921ba9f16949c936fb32ed6720e","","docs_CN/Old Design/Q&A/L4 节点升级为全员参与的路由网络.md","4AAD0AC44FF01289FF0A9F0959A1FD47AFC7A5D15B5B50A21BA3BA0FA07DFF3A","docs_CN/Old Design/Q&A/L4 节点升级为全员参与的路由网络.md","retain current worktree and post-isolation changes","retain_current_original_path","","False","PENDING_USER_REVIEW"
"docs_CN/Old Design/Q&A/Solidity验证器 vs SuperVM 的关系.md","100644","df4fafd173f63ebd2ab007eb5bed5eb9a2a2ffe0","unchanged_by_isolation","df4fafd173f63ebd2ab007eb5bed5eb9a2a2ffe0",,"","df4fafd173f63ebd2ab007eb5bed5eb9a2a2ffe0","","docs_CN/Old Design/Q&A/Solidity验证器 vs SuperVM 的关系.md","5433E3EAFA19763B39E351560D637310BD06AE5575C7429291ABA8A1256F9D92","docs_CN/Old Design/Q&A/Solidity验证器 vs SuperVM 的关系.md","retain current worktree and post-isolation changes","retain_current_original_path","","False","PENDING_USER_REVIEW"
"docs_CN/Old Design/Q&A/SuperVM 与数据库的关系.md","100644","92e4ad47feee167c4a2dfebb21aaaf21646cc25f","unchanged_by_isolation","92e4ad47feee167c4a2dfebb21aaaf21646cc25f",,"","92e4ad47feee167c4a2dfebb21aaaf21646cc25f","","docs_CN/Old Design/Q&A/SuperVM 与数据库的关系.md","497C5F8B18831F29868141C9975F68A6D6C6908693F3409DE4497D3D11061D47","docs_CN/Old Design/Q&A/SuperVM 与数据库的关系.md","retain current worktree and post-isolation changes","retain_current_original_path","","False","PENDING_USER_REVIEW"
"docs_CN/Old Design/Q&A/superVM内核部分的技术水平.md","100644","79a063edf487c5abf022f9919e9022518a63d5bb","unchanged_by_isolation","79a063edf487c5abf022f9919e9022518a63d5bb",,"","79a063edf487c5abf022f9919e9022518a63d5bb","","docs_CN/Old Design/Q&A/superVM内核部分的技术水平.md","18C6090168888B7DA8A9240531D9A88FF92051449DE383A8B59B69D2770A4ED7","docs_CN/Old Design/Q&A/superVM内核部分的技术水平.md","retain current worktree and post-isolation changes","retain_current_original_path","","False","PENDING_USER_REVIEW"
"docs_CN/Old Design/Q&A/SuperVM与数据库的关系.md","100644","c82e140f6090ba641c8b1c557245f1d67a893e17","unchanged_by_isolation","c82e140f6090ba641c8b1c557245f1d67a893e17",,"","c82e140f6090ba641c8b1c557245f1d67a893e17","","docs_CN/Old Design/Q&A/SuperVM与数据库的关系.md","041993741654D01EACB5E70143566ECBABBDDBD26282A49657A1223E1F03418B","docs_CN/Old Design/Q&A/SuperVM与数据库的关系.md","retain current worktree and post-isolation changes","retain_current_original_path","","False","PENDING_USER_REVIEW"
"docs_CN/Old Design/Q&A/ZK验证器系统的主要用途.md","100644","aed715b0244a5f9d635d0f309e7e80cc6e0d1181","unchanged_by_isolation","aed715b0244a5f9d635d0f309e7e80cc6e0d1181",,"","aed715b0244a5f9d635d0f309e7e80cc6e0d1181","","docs_CN/Old Design/Q&A/ZK验证器系统的主要用途.md","FE2402E61A851210C3A6985C323919B3A45992224FBDE1FE65D0F33A30895E72","docs_CN/Old Design/Q&A/ZK验证器系统的主要用途.md","retain current worktree and post-isolation changes","retain_current_original_path","","False","PENDING_USER_REVIEW"
"docs_CN/SuperVM白皮书(中文速览版).pdf","100644","ef2f98513a03a654790f68083be397555740924a","unchanged_by_isolation","ef2f98513a03a654790f68083be397555740924a",,"","ef2f98513a03a654790f68083be397555740924a","","docs_CN/SuperVM白皮书(中文速览版).pdf","5A43C7EFB8ED7C5D0A197AE8E37E0E289AD07CBA2E7251E033041F58D0568705","docs_CN/SuperVM白皮书(中文速览版).pdf","retain current worktree and post-isolation changes","retain_current_original_path","","False","PENDING_USER_REVIEW"
"docs_CN/SVM2026-AOEM-MIGRATION/SVM2026-AOEM-MIGRATION-ARCH-2026-03-03.md","100644","bb09664d201998847c1059f7886625d34c45cbb4","unchanged_by_isolation","bb09664d201998847c1059f7886625d34c45cbb4",,"","bb09664d201998847c1059f7886625d34c45cbb4","","docs_CN/SVM2026-AOEM-MIGRATION/SVM2026-AOEM-MIGRATION-ARCH-2026-03-03.md","0ECF32515F9EE29597A1731A78FE91450D76680E3FD8B66BA2C3CB360FE973C0","docs_CN/SVM2026-AOEM-MIGRATION/SVM2026-AOEM-MIGRATION-ARCH-2026-03-03.md","retain current worktree and post-isolation changes","retain_current_original_path","","False","PENDING_USER_REVIEW"
"docs_CN/SVM2026-AOEM-MIGRATION/SVM2026-AOEM-MIGRATION-CHECKLIST-2026-03-03.md","100644","916ac70e5af6aa7187e0d51ed3e4847f88308935","unchanged_by_isolation","916ac70e5af6aa7187e0d51ed3e4847f88308935",,"","916ac70e5af6aa7187e0d51ed3e4847f88308935","","docs_CN/SVM2026-AOEM-MIGRATION/SVM2026-AOEM-MIGRATION-CHECKLIST-2026-03-03.md","73D92DB8E2CA84E7B4FC9DCC02F4ED6A475A618DE23E0BEF9E55D37FDE7411E6","docs_CN/SVM2026-AOEM-MIGRATION/SVM2026-AOEM-MIGRATION-CHECKLIST-2026-03-03.md","retain current worktree and post-isolation changes","retain_current_original_path","","False","PENDING_USER_REVIEW"
"docs_CN/SVM2026-AOEM-MIGRATION/SVM2026-AOEM-MIGRATION-DESIGN-2026-03-03.md","100644","8c76211d6925a24ddb1d7c180976d0d90ab6bb67","unchanged_by_isolation","8c76211d6925a24ddb1d7c180976d0d90ab6bb67",,"","8c76211d6925a24ddb1d7c180976d0d90ab6bb67","","docs_CN/SVM2026-AOEM-MIGRATION/SVM2026-AOEM-MIGRATION-DESIGN-2026-03-03.md","DD5C71ED7AF96AB99FAB6D3881E84DB5AD1C9C46C64591F994023E303659B62C","docs_CN/SVM2026-AOEM-MIGRATION/SVM2026-AOEM-MIGRATION-DESIGN-2026-03-03.md","retain current worktree and post-isolation changes","retain_current_original_path","","False","PENDING_USER_REVIEW"
"docs_CN/SVM2026-AOEM-MIGRATION/SVM2026-AOEM-MIGRATION-PHASE2-TEMPLATE-2026-03-03.md","100644","efae78f00d99f859fd15d1a745b427f671babe5a","unchanged_by_isolation","efae78f00d99f859fd15d1a745b427f671babe5a",,"","efae78f00d99f859fd15d1a745b427f671babe5a","","docs_CN/SVM2026-AOEM-MIGRATION/SVM2026-AOEM-MIGRATION-PHASE2-TEMPLATE-2026-03-03.md","6FE4F33445572A809CDEC2F88FDF2D19FA06188F1E02D91B3B3286ABFF8DF038","docs_CN/SVM2026-AOEM-MIGRATION/SVM2026-AOEM-MIGRATION-PHASE2-TEMPLATE-2026-03-03.md","retain current worktree and post-isolation changes","retain_current_original_path","","False","PENDING_USER_REVIEW"
"docs_CN/SVM2026-AOEM-MIGRATION/SVM2026-AOEM-MIGRATION-PLAN-2026-03-03.md","100644","cd7cd9357eb67ff872099387e1ee9c113280bb1d","unchanged_by_isolation","cd7cd9357eb67ff872099387e1ee9c113280bb1d",,"","cd7cd9357eb67ff872099387e1ee9c113280bb1d","","docs_CN/SVM2026-AOEM-MIGRATION/SVM2026-AOEM-MIGRATION-PLAN-2026-03-03.md","E204691C995B137FB00455663DE2864DFD659C1775B0B2317CB84731F0790215","docs_CN/SVM2026-AOEM-MIGRATION/SVM2026-AOEM-MIGRATION-PLAN-2026-03-03.md","retain current worktree and post-isolation changes","retain_current_original_path","","False","PENDING_USER_REVIEW"
"docs_CN/SVM2026-AOEM-MIGRATION/SVM2026-AOEM-MIGRATION-VALIDATION-2026-03-03.md","100644","3a4b167c2352fea92703ce63172c9f509b89f76c","unchanged_by_isolation","3a4b167c2352fea92703ce63172c9f509b89f76c",,"","3a4b167c2352fea92703ce63172c9f509b89f76c","","docs_CN/SVM2026-AOEM-MIGRATION/SVM2026-AOEM-MIGRATION-VALIDATION-2026-03-03.md","31C56E0C71D9588FDEF47383834F0D2FB8C708310E33C1F9274CA632AE85CFB2","docs_CN/SVM2026-AOEM-MIGRATION/SVM2026-AOEM-MIGRATION-VALIDATION-2026-03-03.md","retain current worktree and post-isolation changes","retain_current_original_path","","False","PENDING_USER_REVIEW"
"docs_CN/SVM2026-MIGRATION/NOVOVM-ADAPTER-COMPATIBILITY-MATRIX-2026-03-04.md","100644","ed9fb311bdc1dd2b858fbd7a3a8e5eaaad961b92","unchanged_by_isolation","ed9fb311bdc1dd2b858fbd7a3a8e5eaaad961b92",,"","ed9fb311bdc1dd2b858fbd7a3a8e5eaaad961b92","","docs_CN/SVM2026-MIGRATION/NOVOVM-ADAPTER-COMPATIBILITY-MATRIX-2026-03-04.md","220AA102A3AE29186F29717D31FA507575F2880478183CE3730B0BF1B29560F2","docs_CN/SVM2026-MIGRATION/NOVOVM-ADAPTER-COMPATIBILITY-MATRIX-2026-03-04.md","retain current worktree and post-isolation changes","retain_current_original_path","","False","PENDING_USER_REVIEW"
"docs_CN/SVM2026-MIGRATION/NOVOVM-CAPABILITY-MIGRATION-LEDGER-2026-03-03.md","100644","84857132a664c65822c3257e54b0df3b80011ba2","unchanged_by_isolation","84857132a664c65822c3257e54b0df3b80011ba2",,"","84857132a664c65822c3257e54b0df3b80011ba2","","docs_CN/SVM2026-MIGRATION/NOVOVM-CAPABILITY-MIGRATION-LEDGER-2026-03-03.md","26961F5B0B1075581542A8445C0B0769863A5647A77E1D661AA0275918B01E0E","docs_CN/SVM2026-MIGRATION/NOVOVM-CAPABILITY-MIGRATION-LEDGER-2026-03-03.md","retain current worktree and post-isolation changes","retain_current_original_path","","False","PENDING_USER_REVIEW"
"docs_CN/SVM2026-MIGRATION/NOVOVM-CAPABILITY-MIGRATION-LEDGER-AUTO-2026-03-03.md","100644","1a604fc5fd067a52b5e486f48e74c6a51a0ae6ca","unchanged_by_isolation","1a604fc5fd067a52b5e486f48e74c6a51a0ae6ca",,"","1a604fc5fd067a52b5e486f48e74c6a51a0ae6ca","","docs_CN/SVM2026-MIGRATION/NOVOVM-CAPABILITY-MIGRATION-LEDGER-AUTO-2026-03-03.md","75DAADC14E5E1A27685C225C8703FF8B11EA556A1CB53EB3AA4543DD058E7A05","docs_CN/SVM2026-MIGRATION/NOVOVM-CAPABILITY-MIGRATION-LEDGER-AUTO-2026-03-03.md","retain current worktree and post-isolation changes","retain_current_original_path","","False","PENDING_USER_REVIEW"
"docs_CN/SVM2026-MIGRATION/NOVOVM-CAPABILITY-MIGRATION-LEDGER-AUTO-2026-03-04.md","100644","f51f1c1bcbdbf460743be26ab5f9f7dcf618af79","unchanged_by_isolation","f51f1c1bcbdbf460743be26ab5f9f7dcf618af79",,"","f51f1c1bcbdbf460743be26ab5f9f7dcf618af79","","docs_CN/SVM2026-MIGRATION/NOVOVM-CAPABILITY-MIGRATION-LEDGER-AUTO-2026-03-04.md","EA465F154CF97AAAE509063BB406DB5766E5F552C4826902D9DC00FDCE1822DA","docs_CN/SVM2026-MIGRATION/NOVOVM-CAPABILITY-MIGRATION-LEDGER-AUTO-2026-03-04.md","retain current worktree and post-isolation changes","retain_current_original_path","","False","PENDING_USER_REVIEW"
"docs_CN/SVM2026-MIGRATION/NOVOVM-CAPABILITY-MIGRATION-LEDGER-TEMPLATE-2026-03-03.md","100644","9cb0ebda2a34f64ac9c8b6b47a879b7403cdd4df","unchanged_by_isolation","9cb0ebda2a34f64ac9c8b6b47a879b7403cdd4df",,"","9cb0ebda2a34f64ac9c8b6b47a879b7403cdd4df","","docs_CN/SVM2026-MIGRATION/NOVOVM-CAPABILITY-MIGRATION-LEDGER-TEMPLATE-2026-03-03.md","AADB3C6B1DE4A228E5DB17F5E6E61A5941F3F3C07F69BB3974AC744555B8E39F","docs_CN/SVM2026-MIGRATION/NOVOVM-CAPABILITY-MIGRATION-LEDGER-TEMPLATE-2026-03-03.md","retain current worktree and post-isolation changes","retain_current_original_path","","False","PENDING_USER_REVIEW"
"docs_CN/SVM2026-MIGRATION/NOVOVM-ECONOMIC-OPS-RUNBOOK-2026-03-13.md","100644","76ff9ecb11e87c2fa0d7b73b2e6f9f7371b1ec56","unchanged_by_isolation","76ff9ecb11e87c2fa0d7b73b2e6f9f7371b1ec56",,"","76ff9ecb11e87c2fa0d7b73b2e6f9f7371b1ec56","","docs_CN/SVM2026-MIGRATION/NOVOVM-ECONOMIC-OPS-RUNBOOK-2026-03-13.md","2087F15C49D79D8361807E61421A459673B77372FAE2E586305780B4DB4D04EA","docs_CN/SVM2026-MIGRATION/NOVOVM-ECONOMIC-OPS-RUNBOOK-2026-03-13.md","retain current worktree and post-isolation changes","retain_current_original_path","","False","PENDING_USER_REVIEW"
"docs_CN/SVM2026-MIGRATION/NOVOVM-FUNCTION-CATALOG-2026-03-03.md","100644","f5c0089a1228567a9c5a4555225914d851973d0d","unchanged_by_isolation","f5c0089a1228567a9c5a4555225914d851973d0d",,"","f5c0089a1228567a9c5a4555225914d851973d0d","","docs_CN/SVM2026-MIGRATION/NOVOVM-FUNCTION-CATALOG-2026-03-03.md","7811664E86B775C9E8E03D087FF554781389EBDFDB101CAC4A8C68AE2DA574C7","docs_CN/SVM2026-MIGRATION/NOVOVM-FUNCTION-CATALOG-2026-03-03.md","retain current worktree and post-isolation changes","retain_current_original_path","","False","PENDING_USER_REVIEW"
"docs_CN/SVM2026-MIGRATION/NOVOVM-GA-CLOSURE-REPORT-DRAFT-2026-03-13.md","100644","af933f94782f17d23a7736ef4da3450341fac766","unchanged_by_isolation","af933f94782f17d23a7736ef4da3450341fac766",,"","af933f94782f17d23a7736ef4da3450341fac766","","docs_CN/SVM2026-MIGRATION/NOVOVM-GA-CLOSURE-REPORT-DRAFT-2026-03-13.md","79D93EC94E1B6D1CF02A953D5E770509A0C02DEE19868C00D0B2184838BB91F6","docs_CN/SVM2026-MIGRATION/NOVOVM-GA-CLOSURE-REPORT-DRAFT-2026-03-13.md","retain current worktree and post-isolation changes","retain_current_original_path","","False","PENDING_USER_REVIEW"
"docs_CN/SVM2026-MIGRATION/NOVOVM-MIGRATION-MASTER-PLAN-2026-03-03.md","100644","7743b464490265abd0aa6677f3c1996f769ea1a1","unchanged_by_isolation","7743b464490265abd0aa6677f3c1996f769ea1a1",,"","7743b464490265abd0aa6677f3c1996f769ea1a1","","docs_CN/SVM2026-MIGRATION/NOVOVM-MIGRATION-MASTER-PLAN-2026-03-03.md","7CE4ABDD579D36AE2EBDEAA1FB631FCFC62B3D253F9AE0409885A6AF11BF7380","docs_CN/SVM2026-MIGRATION/NOVOVM-MIGRATION-MASTER-PLAN-2026-03-03.md","retain current worktree and post-isolation changes","retain_current_original_path","","False","PENDING_USER_REVIEW"
"docs_CN/SVM2026-MIGRATION/NOVOVM-MVP-MAINNET-GAP-AUDIT-2026-03-04.md","100644","156c2a7b9e399b45a76dd3265b105b27f05b8a22","unchanged_by_isolation","156c2a7b9e399b45a76dd3265b105b27f05b8a22",,"","156c2a7b9e399b45a76dd3265b105b27f05b8a22","","docs_CN/SVM2026-MIGRATION/NOVOVM-MVP-MAINNET-GAP-AUDIT-2026-03-04.md","F320B5C5247C2E1B3CF4F76E4799C335C18F9B4EA7DD02DEB0D36C7878CE1765","docs_CN/SVM2026-MIGRATION/NOVOVM-MVP-MAINNET-GAP-AUDIT-2026-03-04.md","retain current worktree and post-isolation changes","retain_current_original_path","","False","PENDING_USER_REVIEW"
"docs_CN/SVM2026-MIGRATION/NOVOVM-OPEN-BUSINESS-SURFACE-CLOSURE-CHECKLIST-2026-03-13.md","100644","0874d46092e79b586931894c585f075a53f91426","unchanged_by_isolation","0874d46092e79b586931894c585f075a53f91426",,"","0874d46092e79b586931894c585f075a53f91426","","docs_CN/SVM2026-MIGRATION/NOVOVM-OPEN-BUSINESS-SURFACE-CLOSURE-CHECKLIST-2026-03-13.md","07BF18DBED91F6D2B64469F91A2BADAE813F6C5DFCA2E1CC70FD14D9C182E4E9","docs_CN/SVM2026-MIGRATION/NOVOVM-OPEN-BUSINESS-SURFACE-CLOSURE-CHECKLIST-2026-03-13.md","retain current worktree and post-isolation changes","retain_current_original_path","","False","PENDING_USER_REVIEW"
"docs_CN/SVM2026-MIGRATION/NOVOVM-PANORAMA-ARCH-2026-03-03.md","100644","6cefe285196d78f6882787870f927c561c69b051","unchanged_by_isolation","6cefe285196d78f6882787870f927c561c69b051",,"","6cefe285196d78f6882787870f927c561c69b051","","docs_CN/SVM2026-MIGRATION/NOVOVM-PANORAMA-ARCH-2026-03-03.md","45EE6CBFE8B0CCF3E81E1BBB5733A73C34DD1CB77E434D827FF45875342B7FA7","docs_CN/SVM2026-MIGRATION/NOVOVM-PANORAMA-ARCH-2026-03-03.md","retain current worktree and post-isolation changes","retain_current_original_path","","False","PENDING_USER_REVIEW"
"docs_CN/SVM2026-MIGRATION/NOVOVM-RELEASE-RC-RUNBOOK-2026-03-05.md","100644","c8f689981e0ffeea0c27b5a02fb25d00d08affaa","unchanged_by_isolation","c8f689981e0ffeea0c27b5a02fb25d00d08affaa",,"","c8f689981e0ffeea0c27b5a02fb25d00d08affaa","","docs_CN/SVM2026-MIGRATION/NOVOVM-RELEASE-RC-RUNBOOK-2026-03-05.md","BFF4856DD51B19F76F8638B623144F3925301EA15524EA59E5B8A74641C06C7B","docs_CN/SVM2026-MIGRATION/NOVOVM-RELEASE-RC-RUNBOOK-2026-03-05.md","retain current worktree and post-isolation changes","retain_current_original_path","","False","PENDING_USER_REVIEW"
"docs_CN/SVM2026-MIGRATION/NOVOVM-SVM2026-AUDIT-2026-03-03.md","100644","ddd25993ed31df2daadc7f6130d647e74590a70f","unchanged_by_isolation","ddd25993ed31df2daadc7f6130d647e74590a70f",,"","ddd25993ed31df2daadc7f6130d647e74590a70f","","docs_CN/SVM2026-MIGRATION/NOVOVM-SVM2026-AUDIT-2026-03-03.md","1C1099042348F3D4297542DEEDF52A5F2650054E05B90525755D05222F562A98","docs_CN/SVM2026-MIGRATION/NOVOVM-SVM2026-AUDIT-2026-03-03.md","retain current worktree and post-isolation changes","retain_current_original_path","","False","PENDING_USER_REVIEW"
"docs_CN/SVM2026-MIGRATION/NOVOVM-THIRD-PARTY-AUDIT-HANDOFF-PACK-2026-03-13.md","100644","0d74c949e36e5dba3871135a234bda6c3cf038ba","unchanged_by_isolation","0d74c949e36e5dba3871135a234bda6c3cf038ba",,"","0d74c949e36e5dba3871135a234bda6c3cf038ba","","docs_CN/SVM2026-MIGRATION/NOVOVM-THIRD-PARTY-AUDIT-HANDOFF-PACK-2026-03-13.md","5366931C9A627CCAAFD155C51A9E9E7A160E657AC3D12284F1B9B227EECA0AF0","docs_CN/SVM2026-MIGRATION/NOVOVM-THIRD-PARTY-AUDIT-HANDOFF-PACK-2026-03-13.md","retain current worktree and post-isolation changes","retain_current_original_path","","False","PENDING_USER_REVIEW"
"docs_CN/SVM2026-MIGRATION/NOVOVM-THIRD-PARTY-AUDIT-INTAKE-REGISTER-2026-03-13.md","100644","221d5d81945bf254d11bfba5eb11398e3053e2f5","unchanged_by_isolation","221d5d81945bf254d11bfba5eb11398e3053e2f5",,"","221d5d81945bf254d11bfba5eb11398e3053e2f5","","docs_CN/SVM2026-MIGRATION/NOVOVM-THIRD-PARTY-AUDIT-INTAKE-REGISTER-2026-03-13.md","A06E545D8BE5E2B377307E83BC0346F0300F27FFD14B3E05ABDB98B93BA71F95","docs_CN/SVM2026-MIGRATION/NOVOVM-THIRD-PARTY-AUDIT-INTAKE-REGISTER-2026-03-13.md","retain current worktree and post-isolation changes","retain_current_original_path","","False","PENDING_USER_REVIEW"
"docs_CN/SVM2026-MIGRATION/NOVOVM-THIRD-PARTY-AUDIT-REPORT-TEMPLATE-2026-03-13.md","100644","85e20cb6845278d62f0c5242f63f2973bb11dd93","unchanged_by_isolation","85e20cb6845278d62f0c5242f63f2973bb11dd93",,"","85e20cb6845278d62f0c5242f63f2973bb11dd93","","docs_CN/SVM2026-MIGRATION/NOVOVM-THIRD-PARTY-AUDIT-REPORT-TEMPLATE-2026-03-13.md","15F5A6620E84CF8C10DCC54D33A1943E5016413102700B82F9F1E24D74AFC81A","docs_CN/SVM2026-MIGRATION/NOVOVM-THIRD-PARTY-AUDIT-REPORT-TEMPLATE-2026-03-13.md","retain current worktree and post-isolation changes","retain_current_original_path","","False","PENDING_USER_REVIEW"
"docs_CN/SVM2026-MIGRATION/NOVOVM-THIRD-PARTY-AUDIT-REQUEST-DRAFT-2026-03-13.md","100644","c6a7fe60dd572d02ac73523dfb8e9732d38c6e4a","unchanged_by_isolation","c6a7fe60dd572d02ac73523dfb8e9732d38c6e4a",,"","c6a7fe60dd572d02ac73523dfb8e9732d38c6e4a","","docs_CN/SVM2026-MIGRATION/NOVOVM-THIRD-PARTY-AUDIT-REQUEST-DRAFT-2026-03-13.md","25380613413509D5DC16289DF9CC4265474DACCAAD5F6FD25109758A962556FD","docs_CN/SVM2026-MIGRATION/NOVOVM-THIRD-PARTY-AUDIT-REQUEST-DRAFT-2026-03-13.md","retain current worktree and post-isolation changes","retain_current_original_path","","False","PENDING_USER_REVIEW"
"docs_CN/SVM2026-MIGRATION/NOVOVM-THIRD-PARTY-AUDIT-REQUEST-TEMPLATE-2026-03-13.md","100644","16c989ec158277b762f6e349ac4786e95c756c9b","unchanged_by_isolation","16c989ec158277b762f6e349ac4786e95c756c9b",,"","16c989ec158277b762f6e349ac4786e95c756c9b","","docs_CN/SVM2026-MIGRATION/NOVOVM-THIRD-PARTY-AUDIT-REQUEST-TEMPLATE-2026-03-13.md","4338E0BDB2B6FA4BF7A310A5C2949B49DC69D4C58EA8A9512503A08C36FA7822","docs_CN/SVM2026-MIGRATION/NOVOVM-THIRD-PARTY-AUDIT-REQUEST-TEMPLATE-2026-03-13.md","retain current worktree and post-isolation changes","retain_current_original_path","","False","PENDING_USER_REVIEW"
"docs_CN/SVM2026-MIGRATION/NOVOVM-VULNERABILITY-RESPONSE-POLICY-2026-03-13.md","100644","c2df95ee358f0f8a651c0a043d590b50f25e798e","unchanged_by_isolation","c2df95ee358f0f8a651c0a043d590b50f25e798e",,"","c2df95ee358f0f8a651c0a043d590b50f25e798e","","docs_CN/SVM2026-MIGRATION/NOVOVM-VULNERABILITY-RESPONSE-POLICY-2026-03-13.md","9186F49EBC9F57A6032C1B14DB25DCD1F496F7A2195D8633F7F8DEA184482C5C","docs_CN/SVM2026-MIGRATION/NOVOVM-VULNERABILITY-RESPONSE-POLICY-2026-03-13.md","retain current worktree and post-isolation changes","retain_current_original_path","","False","PENDING_USER_REVIEW"
"docs_CN/SVM2026-MIGRATION/NOVOVM-WEB30-ECONOMIC-CALIBRATION-2026-03-13.md","100644","05381186dea9e495afad3ef11e0fc900ebfe8153","unchanged_by_isolation","05381186dea9e495afad3ef11e0fc900ebfe8153",,"","05381186dea9e495afad3ef11e0fc900ebfe8153","","docs_CN/SVM2026-MIGRATION/NOVOVM-WEB30-ECONOMIC-CALIBRATION-2026-03-13.md","55A55158B198CAEEE99264788F8F52944010ADB3DFFAD0A5186F7D528AE97080","docs_CN/SVM2026-MIGRATION/NOVOVM-WEB30-ECONOMIC-CALIBRATION-2026-03-13.md","retain current worktree and post-isolation changes","retain_current_original_path","","False","PENDING_USER_REVIEW"
"docs_CN/SVM2026-MIGRATION/README.md","100644","c8e1d02e653617690e1d3c9a740419ba4504ca00","unchanged_by_isolation","c8e1d02e653617690e1d3c9a740419ba4504ca00",,"","c8e1d02e653617690e1d3c9a740419ba4504ca00","","docs_CN/SVM2026-MIGRATION/README.md","1D441C2E58777DC60B5C817DC86FE21B3DAE7288EFE1B8F71E9376EF95C8D83B","docs_CN/SVM2026-MIGRATION/README.md","retain current worktree and post-isolation changes","retain_current_original_path","","False","PENDING_USER_REVIEW"
"docs_CN/SVM2026-MIGRATION/SVM2026-LAYER-STATUS-VERIFIED-2026-03-03.md","100644","d83dadb51348b59d8041d02e22555d3e196e768a","unchanged_by_isolation","d83dadb51348b59d8041d02e22555d3e196e768a",,"","d83dadb51348b59d8041d02e22555d3e196e768a","","docs_CN/SVM2026-MIGRATION/SVM2026-LAYER-STATUS-VERIFIED-2026-03-03.md","E28FBAF3DA62D60F309AAFE42A519A4B49F40FEDBAA1044CCE7F2735A2B30E9B","docs_CN/SVM2026-MIGRATION/SVM2026-LAYER-STATUS-VERIFIED-2026-03-03.md","retain current worktree and post-isolation changes","retain_current_original_path","","False","PENDING_USER_REVIEW"
"docs_CN/UNIFIEDACCOUNT/NOVOVM-UNIFIED-ACCOUNT-AUDIT-SNAPSHOT-2026-03-06.md","100644","1f3a289e00d5f80d3a5765f9cba2bfe3198e9d66","unchanged_by_isolation","1f3a289e00d5f80d3a5765f9cba2bfe3198e9d66",,"","1f3a289e00d5f80d3a5765f9cba2bfe3198e9d66","","docs_CN/UNIFIEDACCOUNT/NOVOVM-UNIFIED-ACCOUNT-AUDIT-SNAPSHOT-2026-03-06.md","E4FE2A0EEB8B2981B6EAA9D4BC7085CCDBAB34AD0F5730A67C4195126C64A45C","docs_CN/UNIFIEDACCOUNT/NOVOVM-UNIFIED-ACCOUNT-AUDIT-SNAPSHOT-2026-03-06.md","retain current worktree and post-isolation changes","retain_current_original_path","","False","PENDING_USER_REVIEW"
"docs_CN/UNIFIEDACCOUNT/NOVOVM-UNIFIED-ACCOUNT-GATE-MATRIX-v1-2026-03-06.md","100644","ac397da46b79cb41d1f78aaa77bc7e8b6116be35","unchanged_by_isolation","ac397da46b79cb41d1f78aaa77bc7e8b6116be35",,"","ac397da46b79cb41d1f78aaa77bc7e8b6116be35","","docs_CN/UNIFIEDACCOUNT/NOVOVM-UNIFIED-ACCOUNT-GATE-MATRIX-v1-2026-03-06.md","C6ACA3AC3EE8A2778F2DAE76ABB82376B168750F22DF1815A3B9E0DC13B3A807","docs_CN/UNIFIEDACCOUNT/NOVOVM-UNIFIED-ACCOUNT-GATE-MATRIX-v1-2026-03-06.md","retain current worktree and post-isolation changes","retain_current_original_path","","False","PENDING_USER_REVIEW"
"docs_CN/UNIFIEDACCOUNT/NOVOVM-UNIFIED-ACCOUNT-LAYER-WIRING-v1-2026-03-07.md","100644","46db530c7ff9e081c7f8f4ce96aeaa32ec8a5900","unchanged_by_isolation","46db530c7ff9e081c7f8f4ce96aeaa32ec8a5900",,"","46db530c7ff9e081c7f8f4ce96aeaa32ec8a5900","","docs_CN/UNIFIEDACCOUNT/NOVOVM-UNIFIED-ACCOUNT-LAYER-WIRING-v1-2026-03-07.md","2F6A18BF5FC113EDA0A2DBCC927A0AF22C2EDFE8D64C1080EBDAD7FFAAB46497","docs_CN/UNIFIEDACCOUNT/NOVOVM-UNIFIED-ACCOUNT-LAYER-WIRING-v1-2026-03-07.md","retain current worktree and post-isolation changes","retain_current_original_path","","False","PENDING_USER_REVIEW"
"docs_CN/UNIFIEDACCOUNT/NOVOVM-UNIFIED-ACCOUNT-MIGRATION-LEDGER-2026-03-06.md","100644","dcfee285f4d6dfff0e820e8bc94b9df95737ccc7","unchanged_by_isolation","dcfee285f4d6dfff0e820e8bc94b9df95737ccc7",,"","dcfee285f4d6dfff0e820e8bc94b9df95737ccc7","","docs_CN/UNIFIEDACCOUNT/NOVOVM-UNIFIED-ACCOUNT-MIGRATION-LEDGER-2026-03-06.md","57211C408B68F4D96168DF3D20E581D283050C39A9910FDBF96392B4579BCB1F","docs_CN/UNIFIEDACCOUNT/NOVOVM-UNIFIED-ACCOUNT-MIGRATION-LEDGER-2026-03-06.md","retain current worktree and post-isolation changes","retain_current_original_path","","False","PENDING_USER_REVIEW"
"docs_CN/UNIFIEDACCOUNT/NOVOVM-UNIFIED-ACCOUNT-MIGRATION-PLAN-AND-IMPLEMENTATION-STEPS-2026-03-06.md","100644","7e498fe21a6425e2125748a5628a691821b66d80","unchanged_by_isolation","7e498fe21a6425e2125748a5628a691821b66d80",,"","7e498fe21a6425e2125748a5628a691821b66d80","","docs_CN/UNIFIEDACCOUNT/NOVOVM-UNIFIED-ACCOUNT-MIGRATION-PLAN-AND-IMPLEMENTATION-STEPS-2026-03-06.md","0498BB4B5506C0CD073BC3569DB2D4FEF72E7A2986E537336B744A2DD993C570","docs_CN/UNIFIEDACCOUNT/NOVOVM-UNIFIED-ACCOUNT-MIGRATION-PLAN-AND-IMPLEMENTATION-STEPS-2026-03-06.md","retain current worktree and post-isolation changes","retain_current_original_path","","False","PENDING_USER_REVIEW"
"docs_CN/UNIFIEDACCOUNT/NOVOVM-UNIFIED-ACCOUNT-SPEC-v1-2026-03-06.md","100644","1603be0ac0f60818952401f5743160d43c961bdb","unchanged_by_isolation","1603be0ac0f60818952401f5743160d43c961bdb",,"","1603be0ac0f60818952401f5743160d43c961bdb","","docs_CN/UNIFIEDACCOUNT/NOVOVM-UNIFIED-ACCOUNT-SPEC-v1-2026-03-06.md","1779FDF127BC5B7BA1C2B7B14750C2894F8DA4C18F28EACEECA3C8431A598992","docs_CN/UNIFIEDACCOUNT/NOVOVM-UNIFIED-ACCOUNT-SPEC-v1-2026-03-06.md","retain current worktree and post-isolation changes","retain_current_original_path","","False","PENDING_USER_REVIEW"
"docs_CN/UNIFIEDACCOUNT/NOVOVM-UNIFIED-ACCOUNT-U2-U3-U4-FROZEN-DELIVERABLES-2026-03-13.md","100644","30642cfc8d38045dcb7c0256c9462a83a0488d81","unchanged_by_isolation","30642cfc8d38045dcb7c0256c9462a83a0488d81",,"","30642cfc8d38045dcb7c0256c9462a83a0488d81","","docs_CN/UNIFIEDACCOUNT/NOVOVM-UNIFIED-ACCOUNT-U2-U3-U4-FROZEN-DELIVERABLES-2026-03-13.md","015D5FB84C676FAD087F5C70A18B27FB6C92744CC46A0E3C8198DCA80BCF4241","docs_CN/UNIFIEDACCOUNT/NOVOVM-UNIFIED-ACCOUNT-U2-U3-U4-FROZEN-DELIVERABLES-2026-03-13.md","retain current worktree and post-isolation changes","retain_current_original_path","","False","PENDING_USER_REVIEW"
"docs_CN/UNIFIEDACCOUNT/README.md","100644","64db504a07b31ff3a6981737a63526fb4d93283a","unchanged_by_isolation","64db504a07b31ff3a6981737a63526fb4d93283a",,"","64db504a07b31ff3a6981737a63526fb4d93283a","","docs_CN/UNIFIEDACCOUNT/README.md","B2976AA293E100DF3D84ED3E2E511D335339CEF0EF1C8E4CFBB222F3C5568F2D","docs_CN/UNIFIEDACCOUNT/README.md","retain current worktree and post-isolation changes","retain_current_original_path","","False","PENDING_USER_REVIEW"
"docs_CN/UNIFIEDACCOUNT/SVM2026-REFERENCE-2026-03-07-v2/contracts-web30-DELIVERY-REPORT.md","100644","47c0622c7d34ede3fbfff6a8ade4b6f78e56e840","unchanged_by_isolation","47c0622c7d34ede3fbfff6a8ade4b6f78e56e840",,"","47c0622c7d34ede3fbfff6a8ade4b6f78e56e840","","docs_CN/UNIFIEDACCOUNT/SVM2026-REFERENCE-2026-03-07-v2/contracts-web30-DELIVERY-REPORT.md","12F544605434F8975DA1B0255C0C490F1B85440C832109D468DA093D9A4297E9","docs_CN/UNIFIEDACCOUNT/SVM2026-REFERENCE-2026-03-07-v2/contracts-web30-DELIVERY-REPORT.md","retain current worktree and post-isolation changes","retain_current_original_path","","False","PENDING_USER_REVIEW"
"docs_CN/UNIFIEDACCOUNT/SVM2026-REFERENCE-2026-03-07-v2/contracts-web30-IMPLEMENTATION.md","100644","420064a3a7491508f54099a27f123248d5a69179","unchanged_by_isolation","420064a3a7491508f54099a27f123248d5a69179",,"","420064a3a7491508f54099a27f123248d5a69179","","docs_CN/UNIFIEDACCOUNT/SVM2026-REFERENCE-2026-03-07-v2/contracts-web30-IMPLEMENTATION.md","C18287F2065603F4517A25D9E7DFA5A8B5392964A6DF2289587EA00719DD84F1","docs_CN/UNIFIEDACCOUNT/SVM2026-REFERENCE-2026-03-07-v2/contracts-web30-IMPLEMENTATION.md","retain current worktree and post-isolation changes","retain_current_original_path","","False","PENDING_USER_REVIEW"
"docs_CN/UNIFIEDACCOUNT/SVM2026-REFERENCE-2026-03-07-v2/contracts-web30-README.md","100644","505f65953fcce0a6df0193109215ffb5158deff8","unchanged_by_isolation","505f65953fcce0a6df0193109215ffb5158deff8",,"","505f65953fcce0a6df0193109215ffb5158deff8","","docs_CN/UNIFIEDACCOUNT/SVM2026-REFERENCE-2026-03-07-v2/contracts-web30-README.md","851AFCB7ADC7940AD83CA91074A470E670E96DCCC8F2A9AEADE012E7D42124FB","docs_CN/UNIFIEDACCOUNT/SVM2026-REFERENCE-2026-03-07-v2/contracts-web30-README.md","retain current worktree and post-isolation changes","retain_current_original_path","","False","PENDING_USER_REVIEW"
"docs_CN/UNIFIEDACCOUNT/SVM2026-REFERENCE-2026-03-07-v2/contracts-web30-sdk-README.md","100644","0b0fe8e0bbdf81e5498c46d558bd770bf47e57f1","unchanged_by_isolation","0b0fe8e0bbdf81e5498c46d558bd770bf47e57f1",,"","0b0fe8e0bbdf81e5498c46d558bd770bf47e57f1","","docs_CN/UNIFIEDACCOUNT/SVM2026-REFERENCE-2026-03-07-v2/contracts-web30-sdk-README.md","BEEC8CC9D8E7A3D2882F577DF3A33F550ADBD0D7AC2F8A447905B42431EE73E5","docs_CN/UNIFIEDACCOUNT/SVM2026-REFERENCE-2026-03-07-v2/contracts-web30-sdk-README.md","retain current worktree and post-isolation changes","retain_current_original_path","","False","PENDING_USER_REVIEW"
"docs_CN/UNIFIEDACCOUNT/SVM2026-REFERENCE-2026-03-07-v2/docs-01-L1-CROSS-CHAIN-COMPLETION-REPORT.md","100644","0689f62e56c2fcd3b0ea3f6cf9ca15fb2553fb93","unchanged_by_isolation","0689f62e56c2fcd3b0ea3f6cf9ca15fb2553fb93",,"","0689f62e56c2fcd3b0ea3f6cf9ca15fb2553fb93","","docs_CN/UNIFIEDACCOUNT/SVM2026-REFERENCE-2026-03-07-v2/docs-01-L1-CROSS-CHAIN-COMPLETION-REPORT.md","464CBC113D1354C360920C64994F973C560931F01322CED1E819C2048E354013","docs_CN/UNIFIEDACCOUNT/SVM2026-REFERENCE-2026-03-07-v2/docs-01-L1-CROSS-CHAIN-COMPLETION-REPORT.md","retain current worktree and post-isolation changes","retain_current_original_path","","False","PENDING_USER_REVIEW"
"docs_CN/UNIFIEDACCOUNT/SVM2026-REFERENCE-2026-03-07-v2/docs-CROSS-CHAIN-ARCHITECTURE.md","100644","6f0d30d25b64c6c9ee88ee7a0b5bc992b30aac17","unchanged_by_isolation","6f0d30d25b64c6c9ee88ee7a0b5bc992b30aac17",,"","6f0d30d25b64c6c9ee88ee7a0b5bc992b30aac17","","docs_CN/UNIFIEDACCOUNT/SVM2026-REFERENCE-2026-03-07-v2/docs-CROSS-CHAIN-ARCHITECTURE.md","68EB677F8B242A1F177108CC4AEB625C582720C4DE25351A98454CBAF6B67147","docs_CN/UNIFIEDACCOUNT/SVM2026-REFERENCE-2026-03-07-v2/docs-CROSS-CHAIN-ARCHITECTURE.md","retain current worktree and post-isolation changes","retain_current_original_path","","False","PENDING_USER_REVIEW"
"docs_CN/UNIFIEDACCOUNT/SVM2026-REFERENCE-2026-03-07-v2/INDEX.md","100644","48318a6534e4b0c2fead688e6fc456f822723f01","unchanged_by_isolation","48318a6534e4b0c2fead688e6fc456f822723f01",,"","48318a6534e4b0c2fead688e6fc456f822723f01","","docs_CN/UNIFIEDACCOUNT/SVM2026-REFERENCE-2026-03-07-v2/INDEX.md","81A5A90A6425572891331A2BF216E7EBB6453182CDBF93AD6AC9B1C804F94C8C","docs_CN/UNIFIEDACCOUNT/SVM2026-REFERENCE-2026-03-07-v2/INDEX.md","retain current worktree and post-isolation changes","retain_current_original_path","","False","PENDING_USER_REVIEW"
"docs_CN/UNIFIEDACCOUNT/SVM2026-REFERENCE-2026-03-07-v2/standards-WEB3005-IDENTITY-REPUTATION-STANDARD.md","100644","47b8d84512df98f6b9d04f630b6013d9ac30527e","unchanged_by_isolation","47b8d84512df98f6b9d04f630b6013d9ac30527e",,"","47b8d84512df98f6b9d04f630b6013d9ac30527e","","docs_CN/UNIFIEDACCOUNT/SVM2026-REFERENCE-2026-03-07-v2/standards-WEB3005-IDENTITY-REPUTATION-STANDARD.md","779F67CFBC059CABB5B66468F32ABAAA81E9E05A318C9BD7248FE6A700520A35","docs_CN/UNIFIEDACCOUNT/SVM2026-REFERENCE-2026-03-07-v2/standards-WEB3005-IDENTITY-REPUTATION-STANDARD.md","retain current worktree and post-isolation changes","retain_current_original_path","","False","PENDING_USER_REVIEW"
"docs_CN/UNIFIEDACCOUNT/SVM2026-UNIFIEDACCOUNT-CODE-AUDIT-2026-03-07.md","100644","f84091a3bc765c9b629862e5ddeb9b05c5a7bcf8","unchanged_by_isolation","f84091a3bc765c9b629862e5ddeb9b05c5a7bcf8",,"","f84091a3bc765c9b629862e5ddeb9b05c5a7bcf8","","docs_CN/UNIFIEDACCOUNT/SVM2026-UNIFIEDACCOUNT-CODE-AUDIT-2026-03-07.md","72A309EE98290A71278414809DF80C641A8027D2F3DCE8C6C585B80CA8D15296","docs_CN/UNIFIEDACCOUNT/SVM2026-UNIFIEDACCOUNT-CODE-AUDIT-2026-03-07.md","retain current worktree and post-isolation changes","retain_current_original_path","","False","PENDING_USER_REVIEW"
"docs_CN/WEB30-PROTOCOL/NOVOVM-WEB30-STANDARDS-F10-F13-MAPPING-2026-03-07.md","100644","8cd1f5c6fea5db7ca283852d30c5e1aa4be25c98","unchanged_by_isolation","8cd1f5c6fea5db7ca283852d30c5e1aa4be25c98",,"","8cd1f5c6fea5db7ca283852d30c5e1aa4be25c98","","docs_CN/WEB30-PROTOCOL/NOVOVM-WEB30-STANDARDS-F10-F13-MAPPING-2026-03-07.md","007862C7FAB9C647F39DDB60801B58CF0A99D8D4725E3E2DBE941D0E1EAE26E2","docs_CN/WEB30-PROTOCOL/NOVOVM-WEB30-STANDARDS-F10-F13-MAPPING-2026-03-07.md","retain current worktree and post-isolation changes","retain_current_original_path","","False","PENDING_USER_REVIEW"
"docs_CN/WEB30-PROTOCOL/README.md","100644","550701f50b041463003a586889a008160e9900ff","unchanged_by_isolation","550701f50b041463003a586889a008160e9900ff",,"","550701f50b041463003a586889a008160e9900ff","","docs_CN/WEB30-PROTOCOL/README.md","9CB93E234F72965BFB1703C62A275A0C4208EBD1521E22298E1274618F2BF61A","docs_CN/WEB30-PROTOCOL/README.md","retain current worktree and post-isolation changes","retain_current_original_path","","False","PENDING_USER_REVIEW"
"docs_CN/WEB30-PROTOCOL/SVM2026-REFERENCE/DELIVERY-REPORT.md","100644","135bf5846aa79cd9cba569c56f53b3ccbf4de980","unchanged_by_isolation","135bf5846aa79cd9cba569c56f53b3ccbf4de980",,"","135bf5846aa79cd9cba569c56f53b3ccbf4de980","","docs_CN/WEB30-PROTOCOL/SVM2026-REFERENCE/DELIVERY-REPORT.md","12F544605434F8975DA1B0255C0C490F1B85440C832109D468DA093D9A4297E9","docs_CN/WEB30-PROTOCOL/SVM2026-REFERENCE/DELIVERY-REPORT.md","retain current worktree and post-isolation changes","retain_current_original_path","","False","PENDING_USER_REVIEW"
"docs_CN/WEB30-PROTOCOL/SVM2026-REFERENCE/IMPLEMENTATION.md","100644","3b41016019fbe5984704b9c9a929c84b0055cf20","unchanged_by_isolation","3b41016019fbe5984704b9c9a929c84b0055cf20",,"","3b41016019fbe5984704b9c9a929c84b0055cf20","","docs_CN/WEB30-PROTOCOL/SVM2026-REFERENCE/IMPLEMENTATION.md","C18287F2065603F4517A25D9E7DFA5A8B5392964A6DF2289587EA00719DD84F1","docs_CN/WEB30-PROTOCOL/SVM2026-REFERENCE/IMPLEMENTATION.md","retain current worktree and post-isolation changes","retain_current_original_path","","False","PENDING_USER_REVIEW"
"docs_CN/WEB30-PROTOCOL/SVM2026-REFERENCE/INDEX.md","100644","34d029c728b6b527d8aa6ecc5ebfa01662c3d3d2","unchanged_by_isolation","34d029c728b6b527d8aa6ecc5ebfa01662c3d3d2",,"","34d029c728b6b527d8aa6ecc5ebfa01662c3d3d2","","docs_CN/WEB30-PROTOCOL/SVM2026-REFERENCE/INDEX.md","BBC725B77EFBD99A367681ACB670D49ADE1B0A0A35EF64A3DD2723D1D5EE65AF","docs_CN/WEB30-PROTOCOL/SVM2026-REFERENCE/INDEX.md","retain current worktree and post-isolation changes","retain_current_original_path","","False","PENDING_USER_REVIEW"
"docs_CN/WEB30-PROTOCOL/SVM2026-REFERENCE/QUICKSTART.md","100644","7b62d4d7ee03b20e0a726f74a4ee4bbd36fe378f","unchanged_by_isolation","7b62d4d7ee03b20e0a726f74a4ee4bbd36fe378f",,"","7b62d4d7ee03b20e0a726f74a4ee4bbd36fe378f","","docs_CN/WEB30-PROTOCOL/SVM2026-REFERENCE/QUICKSTART.md","26F5952A948F74CA65D1F432FA7269300E18D334E1355D467E5F5BDABD25B95C","docs_CN/WEB30-PROTOCOL/SVM2026-REFERENCE/QUICKSTART.md","retain current worktree and post-isolation changes","retain_current_original_path","","False","PENDING_USER_REVIEW"
"docs_CN/WEB30-PROTOCOL/SVM2026-REFERENCE/README.md","100644","04071e9053387e50945c516704702a8cd3fe29f9","unchanged_by_isolation","04071e9053387e50945c516704702a8cd3fe29f9",,"","04071e9053387e50945c516704702a8cd3fe29f9","","docs_CN/WEB30-PROTOCOL/SVM2026-REFERENCE/README.md","386B350FD2C768D0BD41D921E505FF24150A9CAE8FBBFE87C1A6A7FB88C3C3BA","docs_CN/WEB30-PROTOCOL/SVM2026-REFERENCE/README.md","retain current worktree and post-isolation changes","retain_current_original_path","","False","PENDING_USER_REVIEW"
"docs_CN/WEB30-PROTOCOL/SVM2026-REFERENCE/STANDARDS-INDEX.md","100644","d77d9291a3b65e48cc2e77a6f8fc188f2dedac24","unchanged_by_isolation","d77d9291a3b65e48cc2e77a6f8fc188f2dedac24",,"","d77d9291a3b65e48cc2e77a6f8fc188f2dedac24","","docs_CN/WEB30-PROTOCOL/SVM2026-REFERENCE/STANDARDS-INDEX.md","A2B3B77D935F146CB18DF204F05FB53D8EE074B35A6F5C37023B57BBD20C628E","docs_CN/WEB30-PROTOCOL/SVM2026-REFERENCE/STANDARDS-INDEX.md","retain current worktree and post-isolation changes","retain_current_original_path","","False","PENDING_USER_REVIEW"
"docs_CN/WEB30-PROTOCOL/SVM2026-REFERENCE/standards/WEB30-TOKEN-STANDARD.md","100644","9a9c16974568bdac03ea7c516583d4920fc12208","unchanged_by_isolation","9a9c16974568bdac03ea7c516583d4920fc12208",,"","9a9c16974568bdac03ea7c516583d4920fc12208","","docs_CN/WEB30-PROTOCOL/SVM2026-REFERENCE/standards/WEB30-TOKEN-STANDARD.md","8E33353B2B64BD8B82A131A014688458F9133624D685A9FD68DFD6C0FDD0568E","docs_CN/WEB30-PROTOCOL/SVM2026-REFERENCE/standards/WEB30-TOKEN-STANDARD.md","retain current worktree and post-isolation changes","retain_current_original_path","","False","PENDING_USER_REVIEW"
"docs_CN/WEB30-PROTOCOL/SVM2026-REFERENCE/standards/WEB3001-NFT-STANDARD.md","100644","f2d7665e44c3c684e88de51fd1e7ab4b64b9c242","unchanged_by_isolation","f2d7665e44c3c684e88de51fd1e7ab4b64b9c242",,"","f2d7665e44c3c684e88de51fd1e7ab4b64b9c242","","docs_CN/WEB30-PROTOCOL/SVM2026-REFERENCE/standards/WEB3001-NFT-STANDARD.md","EAE1552ED5D713224C5D6C1012FCE8E03F44F77B0434F585CA56EF970A7B0F9B","docs_CN/WEB30-PROTOCOL/SVM2026-REFERENCE/standards/WEB3001-NFT-STANDARD.md","retain current worktree and post-isolation changes","retain_current_original_path","","False","PENDING_USER_REVIEW"
"docs_CN/WEB30-PROTOCOL/SVM2026-REFERENCE/standards/WEB3002-MULTI-TOKEN-STANDARD.md","100644","19bacf69397378afa825bbc9821f7cfd9e684dc1","unchanged_by_isolation","19bacf69397378afa825bbc9821f7cfd9e684dc1",,"","19bacf69397378afa825bbc9821f7cfd9e684dc1","","docs_CN/WEB30-PROTOCOL/SVM2026-REFERENCE/standards/WEB3002-MULTI-TOKEN-STANDARD.md","76FBE34CE41D39A2F4BEB521232A8D59601C8EB48424ED9222839CF0FE3B9C32","docs_CN/WEB30-PROTOCOL/SVM2026-REFERENCE/standards/WEB3002-MULTI-TOKEN-STANDARD.md","retain current worktree and post-isolation changes","retain_current_original_path","","False","PENDING_USER_REVIEW"
"docs_CN/WEB30-PROTOCOL/SVM2026-REFERENCE/standards/WEB3003-DAO-GOVERNANCE-STANDARD.md","100644","8add241475b21998694755acce328af3500799f0","unchanged_by_isolation","8add241475b21998694755acce328af3500799f0",,"","8add241475b21998694755acce328af3500799f0","","docs_CN/WEB30-PROTOCOL/SVM2026-REFERENCE/standards/WEB3003-DAO-GOVERNANCE-STANDARD.md","F4BF8EE57B96D92F70A5FF8CD9E3978433C3EB7B1B3CC823A4020E853650CBA8","docs_CN/WEB30-PROTOCOL/SVM2026-REFERENCE/standards/WEB3003-DAO-GOVERNANCE-STANDARD.md","retain current worktree and post-isolation changes","retain_current_original_path","","False","PENDING_USER_REVIEW"
"docs_CN/WEB30-PROTOCOL/SVM2026-REFERENCE/standards/WEB3004-DEFI-PROTOCOL-STANDARD.md","100644","bc84953d79de9425109cfebad0c50de87994b34c","unchanged_by_isolation","bc84953d79de9425109cfebad0c50de87994b34c",,"","bc84953d79de9425109cfebad0c50de87994b34c","","docs_CN/WEB30-PROTOCOL/SVM2026-REFERENCE/standards/WEB3004-DEFI-PROTOCOL-STANDARD.md","0ED71D3FB1FF49B14E613600CEAEB5A224916CF5C632D9752515516F114443C9","docs_CN/WEB30-PROTOCOL/SVM2026-REFERENCE/standards/WEB3004-DEFI-PROTOCOL-STANDARD.md","retain current worktree and post-isolation changes","retain_current_original_path","","False","PENDING_USER_REVIEW"
"docs_CN/WEB30-PROTOCOL/SVM2026-REFERENCE/standards/WEB3005-IDENTITY-REPUTATION-STANDARD.md","100644","fe9958b302af5daf118ae724d62f4efcddbc3509","unchanged_by_isolation","fe9958b302af5daf118ae724d62f4efcddbc3509",,"","fe9958b302af5daf118ae724d62f4efcddbc3509","","docs_CN/WEB30-PROTOCOL/SVM2026-REFERENCE/standards/WEB3005-IDENTITY-REPUTATION-STANDARD.md","779F67CFBC059CABB5B66468F32ABAAA81E9E05A318C9BD7248FE6A700520A35","docs_CN/WEB30-PROTOCOL/SVM2026-REFERENCE/standards/WEB3005-IDENTITY-REPUTATION-STANDARD.md","retain current worktree and post-isolation changes","retain_current_original_path","","False","PENDING_USER_REVIEW"
"docs_CN/WEB30-PROTOCOL/SVM2026-REFERENCE/standards/WEB3006-DECENTRALIZED-STORAGE-STANDARD.md","100644","396981c24bf85a83d45d3e95950e99480bcc8241","unchanged_by_isolation","396981c24bf85a83d45d3e95950e99480bcc8241",,"","396981c24bf85a83d45d3e95950e99480bcc8241","","docs_CN/WEB30-PROTOCOL/SVM2026-REFERENCE/standards/WEB3006-DECENTRALIZED-STORAGE-STANDARD.md","FFFBA6762F50636309B48DFA3A2D9026718A0FFBDAEFA459C99575E500A69C88","docs_CN/WEB30-PROTOCOL/SVM2026-REFERENCE/standards/WEB3006-DECENTRALIZED-STORAGE-STANDARD.md","retain current worktree and post-isolation changes","retain_current_original_path","","False","PENDING_USER_REVIEW"
"docs_CN/WEB30-PROTOCOL/SVM2026-REFERENCE/standards/WEB3007-CROSS-CHAIN-MESSAGING-STANDARD.md","100644","c6415e6ee5489d32b27578efc81c8c5848758dc9","unchanged_by_isolation","c6415e6ee5489d32b27578efc81c8c5848758dc9",,"","c6415e6ee5489d32b27578efc81c8c5848758dc9","","docs_CN/WEB30-PROTOCOL/SVM2026-REFERENCE/standards/WEB3007-CROSS-CHAIN-MESSAGING-STANDARD.md","79023561F643453FFB7135820E618644B57D26A9D3682A9CF0617CCE34544BF1","docs_CN/WEB30-PROTOCOL/SVM2026-REFERENCE/standards/WEB3007-CROSS-CHAIN-MESSAGING-STANDARD.md","retain current worktree and post-isolation changes","retain_current_original_path","","False","PENDING_USER_REVIEW"
"docs_CN/WEB30-PROTOCOL/SVM2026-REFERENCE/standards/WEB3008-DNS-STANDARD.md","100644","98b7a42e563805942e07436155d906be5cd56a51","unchanged_by_isolation","98b7a42e563805942e07436155d906be5cd56a51",,"","98b7a42e563805942e07436155d906be5cd56a51","","docs_CN/WEB30-PROTOCOL/SVM2026-REFERENCE/standards/WEB3008-DNS-STANDARD.md","DBA7D2E31EC9298C395D639AB21B27D2AAA73868EA73A15725FE3863D91698EE","docs_CN/WEB30-PROTOCOL/SVM2026-REFERENCE/standards/WEB3008-DNS-STANDARD.md","retain current worktree and post-isolation changes","retain_current_original_path","","False","PENDING_USER_REVIEW"
"docs_CN/WEB30-PROTOCOL/SVM2026-REFERENCE/standards/WEB3009-DEX-STANDARD.md","100644","10f1b0d9d7fbaeae2f4a13a5ad63d5c458153d6e","unchanged_by_isolation","10f1b0d9d7fbaeae2f4a13a5ad63d5c458153d6e",,"","10f1b0d9d7fbaeae2f4a13a5ad63d5c458153d6e","","docs_CN/WEB30-PROTOCOL/SVM2026-REFERENCE/standards/WEB3009-DEX-STANDARD.md","C9E5AEE3639166B287FEC4BF55E6C5FE6DC79FF353D44CFECD5287CE33009745","docs_CN/WEB30-PROTOCOL/SVM2026-REFERENCE/standards/WEB3009-DEX-STANDARD.md","retain current worktree and post-isolation changes","retain_current_original_path","","False","PENDING_USER_REVIEW"
"docs_CN/WEB30-PROTOCOL/SVM2026-REFERENCE/standards/WEB3010-ORACLE-STANDARD.md","100644","44a10728433279d150dfb98cb6bdbace53a83ca4","unchanged_by_isolation","44a10728433279d150dfb98cb6bdbace53a83ca4",,"","44a10728433279d150dfb98cb6bdbace53a83ca4","","docs_CN/WEB30-PROTOCOL/SVM2026-REFERENCE/standards/WEB3010-ORACLE-STANDARD.md","FF1A18AAFCF3BA6085A1F4315695567172685DB72BE06C1D914CDA957A5C597B","docs_CN/WEB30-PROTOCOL/SVM2026-REFERENCE/standards/WEB3010-ORACLE-STANDARD.md","retain current worktree and post-isolation changes","retain_current_original_path","","False","PENDING_USER_REVIEW"
"docs_CN/WEB30-PROTOCOL/SVM2026-REFERENCE/standards/WEB3011-AI-INTERFACE-STANDARD.md","100644","6124c48d4a87ef7b4c5dad1e4ce492c643db24ec","unchanged_by_isolation","6124c48d4a87ef7b4c5dad1e4ce492c643db24ec",,"","6124c48d4a87ef7b4c5dad1e4ce492c643db24ec","","docs_CN/WEB30-PROTOCOL/SVM2026-REFERENCE/standards/WEB3011-AI-INTERFACE-STANDARD.md","831A6FF8C261A34EEF4C12009008C088B9B95B3F700AE894BC118BA22FA3D200","docs_CN/WEB30-PROTOCOL/SVM2026-REFERENCE/standards/WEB3011-AI-INTERFACE-STANDARD.md","retain current worktree and post-isolation changes","retain_current_original_path","","False","PENDING_USER_REVIEW"
"docs_CN/WEB30-PROTOCOL/SVM2026-REFERENCE/standards/WEB3012-IOT-SENSOR-STANDARD.md","100644","3f12a2909d221349460c8075405d4b68a006b38b","unchanged_by_isolation","3f12a2909d221349460c8075405d4b68a006b38b",,"","3f12a2909d221349460c8075405d4b68a006b38b","","docs_CN/WEB30-PROTOCOL/SVM2026-REFERENCE/standards/WEB3012-IOT-SENSOR-STANDARD.md","D2837B29CB5470E68D4B666645C9CAF2647663D6B7BA090634856862918A31D8","docs_CN/WEB30-PROTOCOL/SVM2026-REFERENCE/standards/WEB3012-IOT-SENSOR-STANDARD.md","retain current worktree and post-isolation changes","retain_current_original_path","","False","PENDING_USER_REVIEW"
"docs_CN/WEB30-PROTOCOL/SVM2026-REFERENCE/standards/WEB3013-DEVICE-CONTROL-STANDARD.md","100644","cbaa2311865796e7da6b26f586569078c9cdb485","unchanged_by_isolation","cbaa2311865796e7da6b26f586569078c9cdb485",,"","cbaa2311865796e7da6b26f586569078c9cdb485","","docs_CN/WEB30-PROTOCOL/SVM2026-REFERENCE/standards/WEB3013-DEVICE-CONTROL-STANDARD.md","2E830A600E3D42391719C3E0EC7271A475EF94E61F87CB9238523D3A2C136944","docs_CN/WEB30-PROTOCOL/SVM2026-REFERENCE/standards/WEB3013-DEVICE-CONTROL-STANDARD.md","retain current worktree and post-isolation changes","retain_current_original_path","","False","PENDING_USER_REVIEW"
"docs_CN/WEB30-PROTOCOL/SVM2026-REFERENCE/standards/WEB3014-DECENTRALIZED-MESSAGING-STANDARD.md","100644","bdc38edc9c50ac5964c7245acaf5091b634b098e","unchanged_by_isolation","bdc38edc9c50ac5964c7245acaf5091b634b098e",,"","bdc38edc9c50ac5964c7245acaf5091b634b098e","","docs_CN/WEB30-PROTOCOL/SVM2026-REFERENCE/standards/WEB3014-DECENTRALIZED-MESSAGING-STANDARD.md","4FC71B4562504E9CB8C151BAEC90F1C048C96252A232D2FE26F69392E730BC96","docs_CN/WEB30-PROTOCOL/SVM2026-REFERENCE/standards/WEB3014-DECENTRALIZED-MESSAGING-STANDARD.md","retain current worktree and post-isolation changes","retain_current_original_path","","False","PENDING_USER_REVIEW"
"docs_CN/WEB30-PROTOCOL/SVM2026-REFERENCE/TOKEN-IMPLEMENTATION.md","100644","26c0fd8183b20eef46e4ccdbc0db2d3c1beb09ec","unchanged_by_isolation","26c0fd8183b20eef46e4ccdbc0db2d3c1beb09ec",,"","26c0fd8183b20eef46e4ccdbc0db2d3c1beb09ec","","docs_CN/WEB30-PROTOCOL/SVM2026-REFERENCE/TOKEN-IMPLEMENTATION.md","9BC96D3358679CB40DA51B53A58BD2511AE5C63E267FD9908FF2E5EDDE6908C2","docs_CN/WEB30-PROTOCOL/SVM2026-REFERENCE/TOKEN-IMPLEMENTATION.md","retain current worktree and post-isolation changes","retain_current_original_path","","False","PENDING_USER_REVIEW"
"docs_CN/WEB30-PROTOCOL/SVM2026-REFERENCE/TOKEN-QUICKREF.md","100644","33a1e2d925bf9acf65a2c430e1c6318767e06aac","unchanged_by_isolation","33a1e2d925bf9acf65a2c430e1c6318767e06aac",,"","33a1e2d925bf9acf65a2c430e1c6318767e06aac","","docs_CN/WEB30-PROTOCOL/SVM2026-REFERENCE/TOKEN-QUICKREF.md","822F5C663E844F959E6F948FC507E247E8693D9C62FD7DB1D93D43597DA3C65C","docs_CN/WEB30-PROTOCOL/SVM2026-REFERENCE/TOKEN-QUICKREF.md","retain current worktree and post-isolation changes","retain_current_original_path","","False","PENDING_USER_REVIEW"
"docs_CN/WEB30-PROTOCOL/SVM2026-REFERENCE/TROUBLESHOOTING.md","100644","008547207058ef76bec49722339337988e1f78e9","unchanged_by_isolation","008547207058ef76bec49722339337988e1f78e9",,"","008547207058ef76bec49722339337988e1f78e9","","docs_CN/WEB30-PROTOCOL/SVM2026-REFERENCE/TROUBLESHOOTING.md","4BBB36E91F49617F525462D640C522EA3FA8E174A02E7328111703B89A25FEEA","docs_CN/WEB30-PROTOCOL/SVM2026-REFERENCE/TROUBLESHOOTING.md","retain current worktree and post-isolation changes","retain_current_original_path","","False","PENDING_USER_REVIEW"
"docs_CN/WEB30-PROTOCOL/SVM2026-REFERENCE/WEB30-README.md","100644","c9e3ce5a61df40cc6989c60acd76fb49c26c8da5","unchanged_by_isolation","c9e3ce5a61df40cc6989c60acd76fb49c26c8da5",,"","c9e3ce5a61df40cc6989c60acd76fb49c26c8da5","","docs_CN/WEB30-PROTOCOL/SVM2026-REFERENCE/WEB30-README.md","851AFCB7ADC7940AD83CA91074A470E670E96DCCC8F2A9AEADE012E7D42124FB","docs_CN/WEB30-PROTOCOL/SVM2026-REFERENCE/WEB30-README.md","retain current worktree and post-isolation changes","retain_current_original_path","","False","PENDING_USER_REVIEW"
"docs_CN/WEB30-PROTOCOL/SVM2026-REFERENCE/WEB30-SDK-README.md","100644","dce2702b8e37226ba992f67b4e1950a605eded6a","unchanged_by_isolation","dce2702b8e37226ba992f67b4e1950a605eded6a",,"","dce2702b8e37226ba992f67b4e1950a605eded6a","","docs_CN/WEB30-PROTOCOL/SVM2026-REFERENCE/WEB30-SDK-README.md","BEEC8CC9D8E7A3D2882F577DF3A33F550ADBD0D7AC2F8A447905B42431EE73E5","docs_CN/WEB30-PROTOCOL/SVM2026-REFERENCE/WEB30-SDK-README.md","retain current worktree and post-isolation changes","retain_current_original_path","","False","PENDING_USER_REVIEW"
"docs_CN/WEB30-PROTOCOL/SVM2026-REFERENCE/WEB30-SDK-TROUBLESHOOTING.md","100644","3d89b5793ae5162a0dc3eb281d825417692fb77c","unchanged_by_isolation","3d89b5793ae5162a0dc3eb281d825417692fb77c",,"","3d89b5793ae5162a0dc3eb281d825417692fb77c","","docs_CN/WEB30-PROTOCOL/SVM2026-REFERENCE/WEB30-SDK-TROUBLESHOOTING.md","9ABB27031DDE8BE3547881DE113B9F711BA372F8702BEBF31B0AB00EB601BDD1","docs_CN/WEB30-PROTOCOL/SVM2026-REFERENCE/WEB30-SDK-TROUBLESHOOTING.md","retain current worktree and post-isolation changes","retain_current_original_path","","False","PENDING_USER_REVIEW"
"docs_CN/WEB30-PROTOCOL/WEB30-PROTOCOL-MIGRATION-INDEX-2026-03-05.md","100644","030a3359faf6d846587ea7c90cab9b5d54da4c7f","unchanged_by_isolation","030a3359faf6d846587ea7c90cab9b5d54da4c7f",,"","030a3359faf6d846587ea7c90cab9b5d54da4c7f","","docs_CN/WEB30-PROTOCOL/WEB30-PROTOCOL-MIGRATION-INDEX-2026-03-05.md","D36C91C866BC2DFA759CBB2C97A02A86384057DA3D267BAC5728714A353C8BB9","docs_CN/WEB30-PROTOCOL/WEB30-PROTOCOL-MIGRATION-INDEX-2026-03-05.md","retain current worktree and post-isolation changes","retain_current_original_path","","False","PENDING_USER_REVIEW"
"docs/AOEM-FFI/AOEM-FFI-BETA08-INTEGRATION-2026-03-01.md","100644","25740d386cc1bc2ec0a13d8fc9d0f5b3db9e4d6c","unchanged_by_isolation","25740d386cc1bc2ec0a13d8fc9d0f5b3db9e4d6c",,"","25740d386cc1bc2ec0a13d8fc9d0f5b3db9e4d6c","","docs/AOEM-FFI/AOEM-FFI-BETA08-INTEGRATION-2026-03-01.md","6D2F38D3358F17777020590B2CAB88AA4A79E48E34522C18E7C76452314623F1","docs/AOEM-FFI/AOEM-FFI-BETA08-INTEGRATION-2026-03-01.md","retain current worktree and post-isolation changes","retain_current_original_path","","False","PENDING_USER_REVIEW"
"docs/AOEM-FFI/AOEM-FFI-BETA08-TPS-SEAL-2026-03-02.md","100644","432156dd8a852a5842efde000b9e2575d761faf0","unchanged_by_isolation","432156dd8a852a5842efde000b9e2575d761faf0",,"","432156dd8a852a5842efde000b9e2575d761faf0","","docs/AOEM-FFI/AOEM-FFI-BETA08-TPS-SEAL-2026-03-02.md","E1449C7A8B24454F1C469490C9E0ED9BA5679ECAAEFFE99B43376F1C90FC6911","docs/AOEM-FFI/AOEM-FFI-BETA08-TPS-SEAL-2026-03-02.md","retain current worktree and post-isolation changes","retain_current_original_path","","False","PENDING_USER_REVIEW"
"docs/AOEM-FFI/AOEM-FFI-FULLMAX-CAPABILITY-MATRIX-2026-03-12.md","100644","ef8b2930accb959f6ae23b6f3eded3e6984f9cc5","unchanged_by_isolation","ef8b2930accb959f6ae23b6f3eded3e6984f9cc5",,"","ef8b2930accb959f6ae23b6f3eded3e6984f9cc5","","docs/AOEM-FFI/AOEM-FFI-FULLMAX-CAPABILITY-MATRIX-2026-03-12.md","DD851B55D1F110DC23CB271798CAF7EFF1BC8C98074426EFDB3986138004AA42","docs/AOEM-FFI/AOEM-FFI-FULLMAX-CAPABILITY-MATRIX-2026-03-12.md","retain current worktree and post-isolation changes","retain_current_original_path","","False","PENDING_USER_REVIEW"
"docs/AOEM-FFI/AOEM-FFI-HOST-CALL-PARAMS-V1-2026-03-10.md","100644","3c6a19c6052a6180fcc1b494332072de9654b102","unchanged_by_isolation","3c6a19c6052a6180fcc1b494332072de9654b102",,"","3c6a19c6052a6180fcc1b494332072de9654b102","","docs/AOEM-FFI/AOEM-FFI-HOST-CALL-PARAMS-V1-2026-03-10.md","0519B0307D43A635A27C2B00577AAAC3A09E90FCA1EA26D72D0DD82D5497B988","docs/AOEM-FFI/AOEM-FFI-HOST-CALL-PARAMS-V1-2026-03-10.md","retain current worktree and post-isolation changes","retain_current_original_path","","False","PENDING_USER_REVIEW"
"docs/AOEM-FFI/README.md","100644","da281a53e47f9c293daaaab4c9dce91577c2b91b","unchanged_by_isolation","da281a53e47f9c293daaaab4c9dce91577c2b91b",,"","da281a53e47f9c293daaaab4c9dce91577c2b91b","","docs/AOEM-FFI/README.md","72939E37F477830159487970DF19EE8B652E1BC627397E58B70C09C02AA2903D","docs/AOEM-FFI/README.md","retain current worktree and post-isolation changes","retain_current_original_path","","False","PENDING_USER_REVIEW"
"docs/AOEM-SUPERVM-COMPUTE-NATIVE-WIRE-V1-ADOPTION-MATRIX.json","100644","b05f57d3bae56887b6bdee8c43089a01f64e1e75","unchanged_by_isolation","b05f57d3bae56887b6bdee8c43089a01f64e1e75",,"","b05f57d3bae56887b6bdee8c43089a01f64e1e75","","docs/AOEM-SUPERVM-COMPUTE-NATIVE-WIRE-V1-ADOPTION-MATRIX.json","438313E8758E902AB6BDE96A0A632B4800A726D0B0624DB6F50876DED24B3A40","docs/AOEM-SUPERVM-COMPUTE-NATIVE-WIRE-V1-ADOPTION-MATRIX.json","retain current worktree and post-isolation changes","retain_current_original_path","","False","PENDING_USER_REVIEW"
"docs/AOEM-SUPERVM-COMPUTE-NATIVE-WIRE-V1-ADOPTION-MATRIX.md","100644","d12e12dfb4899f2e758777a51f20040aeccbc52e","unchanged_by_isolation","d12e12dfb4899f2e758777a51f20040aeccbc52e",,"","d12e12dfb4899f2e758777a51f20040aeccbc52e","","docs/AOEM-SUPERVM-COMPUTE-NATIVE-WIRE-V1-ADOPTION-MATRIX.md","DC8923809BCA756F33D1D11B218B06D5021C285220CE2D2A6CC6961916788BC7","docs/AOEM-SUPERVM-COMPUTE-NATIVE-WIRE-V1-ADOPTION-MATRIX.md","retain current worktree and post-isolation changes","retain_current_original_path","","False","PENDING_USER_REVIEW"
"docs/APFL_ADAPTIVE_TRANSACTION_PATTERN_LEARNING_V0.md","100644","9724874435febb8ff8d068bfeb18f8f5f1f54157","unchanged_by_isolation","9724874435febb8ff8d068bfeb18f8f5f1f54157",,"","9724874435febb8ff8d068bfeb18f8f5f1f54157","","docs/APFL_ADAPTIVE_TRANSACTION_PATTERN_LEARNING_V0.md","71C01B67689D37A7D956ADED90069240910D5E3A5780994F4A91737AE33EB173","docs/APFL_ADAPTIVE_TRANSACTION_PATTERN_LEARNING_V0.md","retain current worktree and post-isolation changes","retain_current_original_path","","False","PENDING_USER_REVIEW"
"docs/APFL_AOEM_EXECUTION_BOUNDARY.md","100644","6778f0c1c537fb2a06307e229fa88b0007ef419c","unchanged_by_isolation","6778f0c1c537fb2a06307e229fa88b0007ef419c",,"","6778f0c1c537fb2a06307e229fa88b0007ef419c","","docs/APFL_AOEM_EXECUTION_BOUNDARY.md","63879EBE9809193419FAEC8853134A2A513DE561CDB8A3B862816071DE5AA540","docs/APFL_AOEM_EXECUTION_BOUNDARY.md","retain current worktree and post-isolation changes","retain_current_original_path","","False","PENDING_USER_REVIEW"
"docs/APFL_AOEM_FUSED_RUNTIME_EXECUTION_ENGINE_V0.md","100644","0e2c18f0988cbaa9596af0c7366cd9bc0d27f83e","unchanged_by_isolation","0e2c18f0988cbaa9596af0c7366cd9bc0d27f83e",,"","0e2c18f0988cbaa9596af0c7366cd9bc0d27f83e","","docs/APFL_AOEM_FUSED_RUNTIME_EXECUTION_ENGINE_V0.md","CEBC9C5FECA07F1F46CC42A58D446F53C844D3B5E8FB601A6C9906C1E85F2D64","docs/APFL_AOEM_FUSED_RUNTIME_EXECUTION_ENGINE_V0.md","retain current worktree and post-isolation changes","retain_current_original_path","","False","PENDING_USER_REVIEW"
"docs/APFL_AOEM_KERNEL_FUSION_SCHEDULER_V0.md","100644","4461da553173dc9c034bcc43cdf7114b0e24f3e8","unchanged_by_isolation","4461da553173dc9c034bcc43cdf7114b0e24f3e8",,"","4461da553173dc9c034bcc43cdf7114b0e24f3e8","","docs/APFL_AOEM_KERNEL_FUSION_SCHEDULER_V0.md","ADED05552102822DE699FA92F08B7475FB1BA9068ADEBD5107E35D6AA0A20D4B","docs/APFL_AOEM_KERNEL_FUSION_SCHEDULER_V0.md","retain current worktree and post-isolation changes","retain_current_original_path","","False","PENDING_USER_REVIEW"
"docs/APFL_AUTONOMOUS_STRUCTURE_EVOLUTION_COMPILER_V0.md","100644","b39db99709c0dfc710dfe9636387a580012255c0","unchanged_by_isolation","b39db99709c0dfc710dfe9636387a580012255c0",,"","b39db99709c0dfc710dfe9636387a580012255c0","","docs/APFL_AUTONOMOUS_STRUCTURE_EVOLUTION_COMPILER_V0.md","3FFCAB469E0D0EE920406E68389338DBE0466D836590D3F9F42C78919297AFE1","docs/APFL_AUTONOMOUS_STRUCTURE_EVOLUTION_COMPILER_V0.md","retain current worktree and post-isolation changes","retain_current_original_path","","False","PENDING_USER_REVIEW"
"docs/APFL_BATCH_INVARIANT_REUSE_SIMD_FUSION_V0.md","100644","88e23d31fca2e6bad1b8c2f0d345fff975c9bcc5","unchanged_by_isolation","88e23d31fca2e6bad1b8c2f0d345fff975c9bcc5",,"","88e23d31fca2e6bad1b8c2f0d345fff975c9bcc5","","docs/APFL_BATCH_INVARIANT_REUSE_SIMD_FUSION_V0.md","0709518DE06D6EAF5264A70F78B80566EB191D543937C4AD30D1CE8B3140279B","docs/APFL_BATCH_INVARIANT_REUSE_SIMD_FUSION_V0.md","retain current worktree and post-isolation changes","retain_current_original_path","","False","PENDING_USER_REVIEW"
"docs/APFL_CROSS_BATCH_INVARIANT_CACHE_EXECUTION_GRAPH_FUSION_V0.md","100644","bcb50d90fa79f90c1018c854ae892eb0d3710bb8","unchanged_by_isolation","bcb50d90fa79f90c1018c854ae892eb0d3710bb8",,"","bcb50d90fa79f90c1018c854ae892eb0d3710bb8","","docs/APFL_CROSS_BATCH_INVARIANT_CACHE_EXECUTION_GRAPH_FUSION_V0.md","0F77EEAA28E115DA3C3FC16D72227BA69BDF99AECCF494C359B0B0DD612FE1B2","docs/APFL_CROSS_BATCH_INVARIANT_CACHE_EXECUTION_GRAPH_FUSION_V0.md","retain current worktree and post-isolation changes","retain_current_original_path","","False","PENDING_USER_REVIEW"
"docs/APFL_EXECUTION_GRAPH_COMPILER_V0.md","100644","f36e63b407c9509fbf98ab4bfa1ed1c9ff7f87ba","unchanged_by_isolation","f36e63b407c9509fbf98ab4bfa1ed1c9ff7f87ba",,"","f36e63b407c9509fbf98ab4bfa1ed1c9ff7f87ba","","docs/APFL_EXECUTION_GRAPH_COMPILER_V0.md","1FACD55BB8E3C590CF13FF4790F3EFEB136DDC70CFE983137BE0A7C3759EE608","docs/APFL_EXECUTION_GRAPH_COMPILER_V0.md","retain current worktree and post-isolation changes","retain_current_original_path","","False","PENDING_USER_REVIEW"
"docs/APFL_IR_BINARY_ENCODING_SCHEME_V0.md","100644","888dfb1d917aec3884554f44c627c9f290374cf8","unchanged_by_isolation","888dfb1d917aec3884554f44c627c9f290374cf8",,"","888dfb1d917aec3884554f44c627c9f290374cf8","","docs/APFL_IR_BINARY_ENCODING_SCHEME_V0.md","8DD5305B8C5E5B1CDED0D7EBAEE6A169810209A77C8755A38A74E620F68AC1FC","docs/APFL_IR_BINARY_ENCODING_SCHEME_V0.md","retain current worktree and post-isolation changes","retain_current_original_path","","False","PENDING_USER_REVIEW"
"docs/APFL_NATIVE_TRANSFER_BATCH_V0_SIGNOFF.md","100644","c3d4886853ad09e30a4ad32266fda223c85bc078","unchanged_by_isolation","c3d4886853ad09e30a4ad32266fda223c85bc078",,"","c3d4886853ad09e30a4ad32266fda223c85bc078","","docs/APFL_NATIVE_TRANSFER_BATCH_V0_SIGNOFF.md","AF8F9251AAE88A053381F5B1738BAA756381C9F3D9E3BB051F70BA2852C6A146","docs/APFL_NATIVE_TRANSFER_BATCH_V0_SIGNOFF.md","retain current worktree and post-isolation changes","retain_current_original_path","","False","PENDING_USER_REVIEW"
"docs/APFL_NATIVE_TRANSFER_OPCODE114_CROSS_MACHINE_SIGNOFF.md","100644","82814fc12b39017519da156b539905c403f5017b","unchanged_by_isolation","82814fc12b39017519da156b539905c403f5017b",,"","82814fc12b39017519da156b539905c403f5017b","","docs/APFL_NATIVE_TRANSFER_OPCODE114_CROSS_MACHINE_SIGNOFF.md","249C944BA9D9688283A6A77429DFF738D0533A37C9C258D5028ADF69E5A28707","docs/APFL_NATIVE_TRANSFER_OPCODE114_CROSS_MACHINE_SIGNOFF.md","retain current worktree and post-isolation changes","retain_current_original_path","","False","PENDING_USER_REVIEW"
"docs/APFL_NATIVE_TRANSFER_STRUCTURAL_BULK_COMPACT_COMMIT_CROSS_MACHINE_SIGNOFF.md","100644","3ce9f6fad4a9bac691167534f73afbe0ef71375a","unchanged_by_isolation","3ce9f6fad4a9bac691167534f73afbe0ef71375a",,"","3ce9f6fad4a9bac691167534f73afbe0ef71375a","","docs/APFL_NATIVE_TRANSFER_STRUCTURAL_BULK_COMPACT_COMMIT_CROSS_MACHINE_SIGNOFF.md","0C234299BA515186632A2BA5D85C3D014E5D22636A576EBB7019E3B0E1B06FD2","docs/APFL_NATIVE_TRANSFER_STRUCTURAL_BULK_COMPACT_COMMIT_CROSS_MACHINE_SIGNOFF.md","retain current worktree and post-isolation changes","retain_current_original_path","","False","PENDING_USER_REVIEW"
"docs/APFL_NATIVE_TRANSFER_STRUCTURAL_BULK_OPCODE114_CROSS_MACHINE_SIGNOFF.md","100644","c1c88b2ca8d9681b4d294ed77904e2b4c07a9fc5","unchanged_by_isolation","c1c88b2ca8d9681b4d294ed77904e2b4c07a9fc5",,"","c1c88b2ca8d9681b4d294ed77904e2b4c07a9fc5","","docs/APFL_NATIVE_TRANSFER_STRUCTURAL_BULK_OPCODE114_CROSS_MACHINE_SIGNOFF.md","B90E0D663EF2AD8843EEF0C6109063DB3F9F81C94E3D8A12B10B1886013D76BC","docs/APFL_NATIVE_TRANSFER_STRUCTURAL_BULK_OPCODE114_CROSS_MACHINE_SIGNOFF.md","retain current worktree and post-isolation changes","retain_current_original_path","","False","PENDING_USER_REVIEW"
"docs/APFL_ZERO_COPY_SIMD_WIRE_FORMAT_V0.md","100644","39ed877ff65b2f9fa7a63c31d30b32c3c5e37d6c","unchanged_by_isolation","39ed877ff65b2f9fa7a63c31d30b32c3c5e37d6c",,"","39ed877ff65b2f9fa7a63c31d30b32c3c5e37d6c","","docs/APFL_ZERO_COPY_SIMD_WIRE_FORMAT_V0.md","EF7BFED973513DEDF4FB30627AFE340FAF62822B6BC6AFEF7BAD70D78B147405","docs/APFL_ZERO_COPY_SIMD_WIRE_FORMAT_V0.md","retain current worktree and post-isolation changes","retain_current_original_path","","False","PENDING_USER_REVIEW"
"docs/CURRENT-AUTHORITATIVE-ENTRYPOINT-2026-04-17.md","100644","51c474ffbfae175852a6cd31ea55a7d730f086e5","unchanged_by_isolation","51c474ffbfae175852a6cd31ea55a7d730f086e5",,"","51c474ffbfae175852a6cd31ea55a7d730f086e5","","docs/CURRENT-AUTHORITATIVE-ENTRYPOINT-2026-04-17.md","1726827554696D08BEA7AB6686A4A73AFEB91478441776A09A5E38910EE7A6F3","docs/CURRENT-AUTHORITATIVE-ENTRYPOINT-2026-04-17.md","retain current worktree and post-isolation changes","retain_current_original_path","","False","PENDING_USER_REVIEW"
"docs/DIRECT_ROUTE_RECOVERY_2026-09-20.md","100644","d9b9641a77561fadb60cec401bda1685623753e6","unchanged_by_isolation","d9b9641a77561fadb60cec401bda1685623753e6",,"","d9b9641a77561fadb60cec401bda1685623753e6","","docs/DIRECT_ROUTE_RECOVERY_2026-09-20.md","CDA1128CF3C8C12A86B369FE94C2810D5AAF6F3121814140D8748EC5A2BA8B0B","docs/DIRECT_ROUTE_RECOVERY_2026-09-20.md","retain current worktree and post-isolation changes","retain_current_original_path","","False","PENDING_USER_REVIEW"
"docs/MAINNET_DEPLOYMENT_READINESS_2026-09-20.md","100644","fb9f65a3202301c7f689947c22ccdc8b9a1fd1b7","unchanged_by_isolation","fb9f65a3202301c7f689947c22ccdc8b9a1fd1b7",,"","fb9f65a3202301c7f689947c22ccdc8b9a1fd1b7","","docs/MAINNET_DEPLOYMENT_READINESS_2026-09-20.md","E4011C4DCBD2E2EDC891C9CA90104E0F84E229D163E146BAFE35596A1D7E2F83","docs/MAINNET_DEPLOYMENT_READINESS_2026-09-20.md","retain current worktree and post-isolation changes","retain_current_original_path","","False","PENDING_USER_REVIEW"
"docs/NOVORUDP_BOUNDARY.md","100644","226c6fc38efb7d079be67e72ae18f8e60b5bf225","unchanged_by_isolation","226c6fc38efb7d079be67e72ae18f8e60b5bf225",,"","226c6fc38efb7d079be67e72ae18f8e60b5bf225","","docs/NOVORUDP_BOUNDARY.md","D31E11B3E91374429E2E68D19EE7B698C843795C23535F6D1CF6A67F69CDE374","docs/NOVORUDP_BOUNDARY.md","retain current worktree and post-isolation changes","retain_current_original_path","","False","PENDING_USER_REVIEW"
"docs/NOVORUDP_DATA_PACING_SIGNOFF.md","100644","8f0bdceb3851b341701db9ef5e3d34aaa3728e6f","unchanged_by_isolation","8f0bdceb3851b341701db9ef5e3d34aaa3728e6f",,"","8f0bdceb3851b341701db9ef5e3d34aaa3728e6f","","docs/NOVORUDP_DATA_PACING_SIGNOFF.md","E2E6909BADCBF1018B82AF1A0DDB9EB5E57E374887F558C72BE3ED8359390C0A","docs/NOVORUDP_DATA_PACING_SIGNOFF.md","retain current worktree and post-isolation changes","retain_current_original_path","","False","PENDING_USER_REVIEW"
"docs/NOVORUDP_FIXED_PACING_PERFORMANCE_BASELINE.md","100644","d236ecf3d442abf3cd9f67133316b6f5972957ff","unchanged_by_isolation","d236ecf3d442abf3cd9f67133316b6f5972957ff",,"","d236ecf3d442abf3cd9f67133316b6f5972957ff","","docs/NOVORUDP_FIXED_PACING_PERFORMANCE_BASELINE.md","5E50CBA972F2B770F0C329BDC1FAB83A45A851C8551DE41936D980489CEA08C7","docs/NOVORUDP_FIXED_PACING_PERFORMANCE_BASELINE.md","retain current worktree and post-isolation changes","retain_current_original_path","","False","PENDING_USER_REVIEW"
"docs/NOVORUDP_HANDSHAKE_CLOCK_SKEW_2026-09-16.md","100644","8da7399c6aeda7e906d215b7d94667e9eef0f87a","unchanged_by_isolation","8da7399c6aeda7e906d215b7d94667e9eef0f87a",,"","8da7399c6aeda7e906d215b7d94667e9eef0f87a","","docs/NOVORUDP_HANDSHAKE_CLOCK_SKEW_2026-09-16.md","6E66B697EFC7F1D6F10F8A5B90E242D4853D69DB42CCF13379DACDBD47473983","docs/NOVORUDP_HANDSHAKE_CLOCK_SKEW_2026-09-16.md","retain current worktree and post-isolation changes","retain_current_original_path","","False","PENDING_USER_REVIEW"
"docs/NOVORUDP_LEGACY_MIXED_REPAIR_REMOVAL_SIGNOFF.md","100644","48531da2648aa827297953021d7f27ffd20c4b05","unchanged_by_isolation","48531da2648aa827297953021d7f27ffd20c4b05",,"","48531da2648aa827297953021d7f27ffd20c4b05","","docs/NOVORUDP_LEGACY_MIXED_REPAIR_REMOVAL_SIGNOFF.md","04FD4FBFDA830B9C1E0C931828166964A8E16AA027A3C30E51E9AF40930E3B5A","docs/NOVORUDP_LEGACY_MIXED_REPAIR_REMOVAL_SIGNOFF.md","retain current worktree and post-isolation changes","retain_current_original_path","","False","PENDING_USER_REVIEW"
"docs/NOVORUDP_TRANSACTION_APFL_CODEC_NOTES.md","100644","cc90d0b12a606d2995ddbbc2d1b1cfabf3735fb0","unchanged_by_isolation","cc90d0b12a606d2995ddbbc2d1b1cfabf3735fb0",,"","cc90d0b12a606d2995ddbbc2d1b1cfabf3735fb0","","docs/NOVORUDP_TRANSACTION_APFL_CODEC_NOTES.md","C97615D704DEB5FFA3984A0F55092A8318F5141750FB50179B908C60044596AC","docs/NOVORUDP_TRANSACTION_APFL_CODEC_NOTES.md","retain current worktree and post-isolation changes","retain_current_original_path","","False","PENDING_USER_REVIEW"
"docs/NOVORUDP_TRANSPORT_BOUNDARY_RESET_V0_SIGNOFF.md","100644","19e7018f57e55c153894fb8a2e4565e136b76319","unchanged_by_isolation","19e7018f57e55c153894fb8a2e4565e136b76319",,"","19e7018f57e55c153894fb8a2e4565e136b76319","","docs/NOVORUDP_TRANSPORT_BOUNDARY_RESET_V0_SIGNOFF.md","BA0B244FF1F76DB408FEF6A56F8C0F8AA39C71DADC2711411233688E08A1E82F","docs/NOVORUDP_TRANSPORT_BOUNDARY_RESET_V0_SIGNOFF.md","retain current worktree and post-isolation changes","retain_current_original_path","","False","PENDING_USER_REVIEW"
"docs/NOVOVM_AOEM_PORTABLE_RECEIPT_HOST_V1.md","100644","f88a88f0930381392367b3b3dbaf87f1dfb26246","unchanged_by_isolation","f88a88f0930381392367b3b3dbaf87f1dfb26246",,"","f88a88f0930381392367b3b3dbaf87f1dfb26246","","docs/NOVOVM_AOEM_PORTABLE_RECEIPT_HOST_V1.md","BBBBF39016311AD167F91FD54461DF455EAAB0DFAB7E401BACDBE0CEA0BCABD7","docs/NOVOVM_AOEM_PORTABLE_RECEIPT_HOST_V1.md","retain current worktree and post-isolation changes","retain_current_original_path","","False","PENDING_USER_REVIEW"
"docs/NOVOVM_APFL_ARCHITECTURE_INDEX.md","100644","56f25d845852beb2206382eeb8bf3515ece761d5","unchanged_by_isolation","56f25d845852beb2206382eeb8bf3515ece761d5",,"","56f25d845852beb2206382eeb8bf3515ece761d5","","docs/NOVOVM_APFL_ARCHITECTURE_INDEX.md","54BBEEBFD6ECEFF112902FD33EB5823292E63511BBDD575C90E894151B6D31D0","docs/NOVOVM_APFL_ARCHITECTURE_INDEX.md","retain current worktree and post-isolation changes","retain_current_original_path","","False","PENDING_USER_REVIEW"
"docs/NOVOVM_APFL_FULL_CHAIN_ROADMAP.md","100644","a15dea2816e6f34b8ee29fcf1e4b6a9015c1a144","unchanged_by_isolation","a15dea2816e6f34b8ee29fcf1e4b6a9015c1a144",,"","a15dea2816e6f34b8ee29fcf1e4b6a9015c1a144","","docs/NOVOVM_APFL_FULL_CHAIN_ROADMAP.md","9F9B321A52A1E447510A404D5D26689156664F25A28FEDB9F4A74EF2264568D0","docs/NOVOVM_APFL_FULL_CHAIN_ROADMAP.md","retain current worktree and post-isolation changes","retain_current_original_path","","False","PENDING_USER_REVIEW"
"docs/NOVOVM_APFL_STRUCTURE_CENTRIC_PARADIGM.md","100644","d92d6ce81877ad925081e1d12c1d5f93e2aff74c","unchanged_by_isolation","d92d6ce81877ad925081e1d12c1d5f93e2aff74c",,"","d92d6ce81877ad925081e1d12c1d5f93e2aff74c","","docs/NOVOVM_APFL_STRUCTURE_CENTRIC_PARADIGM.md","183C463C61413C587448FC8CFCDCAFB66D648317962DCF575C04E459890CF3C4","docs/NOVOVM_APFL_STRUCTURE_CENTRIC_PARADIGM.md","retain current worktree and post-isolation changes","retain_current_original_path","","False","PENDING_USER_REVIEW"
"docs/NOVOVM_AUTHENTICATED_SEAL_INGRESS_QUARANTINE_V1.md","100644","96c70ec1df260d79ba34be7d4d91fdd1fdf0a013","unchanged_by_isolation","96c70ec1df260d79ba34be7d4d91fdd1fdf0a013",,"","96c70ec1df260d79ba34be7d4d91fdd1fdf0a013","","docs/NOVOVM_AUTHENTICATED_SEAL_INGRESS_QUARANTINE_V1.md","1FE5E543E6DC9DBA8E0BCA4FE55139A286C6C6C8E805ED04171948B39892C55B","docs/NOVOVM_AUTHENTICATED_SEAL_INGRESS_QUARANTINE_V1.md","retain current worktree and post-isolation changes","retain_current_original_path","","False","PENDING_USER_REVIEW"
"docs/NOVOVM_CANDIDATE_EXECUTION_V1.md","100644","2f1d68b7645a4b87350827bbab7e2b03d9000779","unchanged_by_isolation","2f1d68b7645a4b87350827bbab7e2b03d9000779",,"","2f1d68b7645a4b87350827bbab7e2b03d9000779","","docs/NOVOVM_CANDIDATE_EXECUTION_V1.md","FBE4AE332BCABA4B5C445E5DA0B13B052E39E6DEB69C31F9B3D4BF2426FCD73F","docs/NOVOVM_CANDIDATE_EXECUTION_V1.md","retain current worktree and post-isolation changes","retain_current_original_path","","False","PENDING_USER_REVIEW"
"docs/NOVOVM_CANDIDATE_WORKSPACE_V1.md","100644","90fe6807e2678b8d801889d28c3d8a5656548b4a","unchanged_by_isolation","90fe6807e2678b8d801889d28c3d8a5656548b4a",,"","90fe6807e2678b8d801889d28c3d8a5656548b4a","","docs/NOVOVM_CANDIDATE_WORKSPACE_V1.md","5BD128686B04D15C242E907C7F347F67BF9BC6FF3D9B991D25E93F2B2FEC9073","docs/NOVOVM_CANDIDATE_WORKSPACE_V1.md","retain current worktree and post-isolation changes","retain_current_original_path","","False","PENDING_USER_REVIEW"
"docs/NOVOVM_COMMON_CANDIDATE_EXECUTION_PLAN_V1.md","100644","88286f4a2c3fa4c0bdbdf411845e39b030a99bff","unchanged_by_isolation","88286f4a2c3fa4c0bdbdf411845e39b030a99bff",,"","88286f4a2c3fa4c0bdbdf411845e39b030a99bff","","docs/NOVOVM_COMMON_CANDIDATE_EXECUTION_PLAN_V1.md","C26D93818EA73DC3AF231B0969D740A7AD6D5FFCEFEC7B4AE6E4DEEBA102C058","docs/NOVOVM_COMMON_CANDIDATE_EXECUTION_PLAN_V1.md","retain current worktree and post-isolation changes","retain_current_original_path","","False","PENDING_USER_REVIEW"
"docs/NOVOVM_CRYPTO_B_HANDOFF.md","100644","8fbbf4234e0e0aa69b053d3db397f0edb1e6ce98","unchanged_by_isolation","8fbbf4234e0e0aa69b053d3db397f0edb1e6ce98",,"","8fbbf4234e0e0aa69b053d3db397f0edb1e6ce98","","docs/NOVOVM_CRYPTO_B_HANDOFF.md","9875EE98FA3240333EAEFFE5A310243481C07ADD261F22989709EDFC37985CAE","docs/NOVOVM_CRYPTO_B_HANDOFF.md","retain current worktree and post-isolation changes","retain_current_original_path","","False","PENDING_USER_REVIEW"
"docs/NOVOVM_DELIVERY_ALIGNMENT.md","100644","e9ebecf793b9b65b4a15ccb260e1c35bd9b3d277","isolation_edit_in_place","8a4e898182336950001c9a1e38fe7100aa595cad",,"","5ad1389dd0c3c26bbed403aa6dffb6a01c417b9d","","docs/NOVOVM_DELIVERY_ALIGNMENT.md","D9B81C829EE169623B0225A8469D0AF27604D711ABBAC6679237DE7E69A09CBA","docs/NOVOVM_DELIVERY_ALIGNMENT.md","isolation-hunk review required; preserve current later changes","review_isolation_hunk_preserve_later_changes","","True","PENDING_USER_REVIEW"
"docs/NOVOVM_FRESH_CHAIN_INGRESS_RECOVERY_V1.txt","100644","67f9d841e0acb88777e4808b6fae475e4facf809","unchanged_by_isolation","67f9d841e0acb88777e4808b6fae475e4facf809",,"","67f9d841e0acb88777e4808b6fae475e4facf809","","docs/NOVOVM_FRESH_CHAIN_INGRESS_RECOVERY_V1.txt","EEF7F44DB86B3D597AFA4B67D71A59075E1A12B225D935CD26FA8242DE81D9F2","docs/NOVOVM_FRESH_CHAIN_INGRESS_RECOVERY_V1.txt","retain current worktree and post-isolation changes","retain_current_original_path","","False","PENDING_USER_REVIEW"
"docs/NOVOVM_FUSED_COMPUTE_OPERATING_SYSTEM_V0.md","100644","ac51b3cf21dcfa18dd7cfd7f9ffe4e881ff93453","unchanged_by_isolation","ac51b3cf21dcfa18dd7cfd7f9ffe4e881ff93453",,"","ac51b3cf21dcfa18dd7cfd7f9ffe4e881ff93453","","docs/NOVOVM_FUSED_COMPUTE_OPERATING_SYSTEM_V0.md","8BA46E245E25AE75585E411E33C8257CD60375CFC0A65EB0B0E6ACD70B56D810","docs/NOVOVM_FUSED_COMPUTE_OPERATING_SYSTEM_V0.md","retain current worktree and post-isolation changes","retain_current_original_path","","False","PENDING_USER_REVIEW"
"docs/NOVOVM_GENERIC_NATIVE_TRANSACTION_AOEM_STATE_OWNERSHIP_V1.md","100644","0def2d2710b0f75bac31772db8685c0ca78472bb","unchanged_by_isolation","0def2d2710b0f75bac31772db8685c0ca78472bb",,"","0def2d2710b0f75bac31772db8685c0ca78472bb","","docs/NOVOVM_GENERIC_NATIVE_TRANSACTION_AOEM_STATE_OWNERSHIP_V1.md","00A621CDC2540EAD8A1C55C343FD2453B0D8365F0A889E88EACDC94FBF998333","docs/NOVOVM_GENERIC_NATIVE_TRANSACTION_AOEM_STATE_OWNERSHIP_V1.md","retain current worktree and post-isolation changes","retain_current_original_path","","False","PENDING_USER_REVIEW"
"docs/NOVOVM_ISOLATED_PROMOTION_PROTOCOL_V1.md","100644","cc51f775d77fe71b871d09da8bbe495d78fafcbe","unchanged_by_isolation","cc51f775d77fe71b871d09da8bbe495d78fafcbe",,"","cc51f775d77fe71b871d09da8bbe495d78fafcbe","","docs/NOVOVM_ISOLATED_PROMOTION_PROTOCOL_V1.md","921A0A91842B4FD82D93E25CCBE4C78E9EF7B5172915EF0BE773077B62E69508","docs/NOVOVM_ISOLATED_PROMOTION_PROTOCOL_V1.md","retain current worktree and post-isolation changes","retain_current_original_path","","False","PENDING_USER_REVIEW"
"docs/NOVOVM_LAN_DIAGNOSTIC_LAUNCHERS.md","100644","c402f343186c0fcbe2d4d2ecad57ce9902174bcb","unchanged_by_isolation","c402f343186c0fcbe2d4d2ecad57ce9902174bcb",,"","c402f343186c0fcbe2d4d2ecad57ce9902174bcb","","docs/NOVOVM_LAN_DIAGNOSTIC_LAUNCHERS.md","381B52ED01E1ED568D2E8BDA63137145AB3F645CF044F5DCF8A5AF7741AD334F","docs/NOVOVM_LAN_DIAGNOSTIC_LAUNCHERS.md","retain current worktree and post-isolation changes","retain_current_original_path","","False","PENDING_USER_REVIEW"
"docs/NOVOVM_MAINLINE_SOAK_EVIDENCE_V2.md","100644","36456bc77fa595b980d039b00c2edbbc57281e59","unchanged_by_isolation","36456bc77fa595b980d039b00c2edbbc57281e59",,"","36456bc77fa595b980d039b00c2edbbc57281e59","","docs/NOVOVM_MAINLINE_SOAK_EVIDENCE_V2.md","712266A314D312ED1807150891E9F1560BBC5B3C6A4E742DAFAF925EBA5CB737","docs/NOVOVM_MAINLINE_SOAK_EVIDENCE_V2.md","retain current worktree and post-isolation changes","retain_current_original_path","","False","PENDING_USER_REVIEW"
"docs/NOVOVM_MAINNET_OPERATOR_PRIMER.zh-CN.txt","100644","1fc0872859819e76abcf8a41b05c4e11358f9014","unchanged_by_isolation","1fc0872859819e76abcf8a41b05c4e11358f9014",,"","1fc0872859819e76abcf8a41b05c4e11358f9014","","docs/NOVOVM_MAINNET_OPERATOR_PRIMER.zh-CN.txt","A0C88825332C73EB65BEE52DFBD56B1BB5D5977738BE9D18D6A9EAE808A1365F","docs/NOVOVM_MAINNET_OPERATOR_PRIMER.zh-CN.txt","retain current worktree and post-isolation changes","retain_current_original_path","","False","PENDING_USER_REVIEW"
"docs/NOVOVM_NATIVE_CANDIDATE_NODE_MODE_V1.md","100644","f84c8e360a22aae3cab146bf3e6d1c34354ffca7","unchanged_by_isolation","f84c8e360a22aae3cab146bf3e6d1c34354ffca7",,"","f84c8e360a22aae3cab146bf3e6d1c34354ffca7","","docs/NOVOVM_NATIVE_CANDIDATE_NODE_MODE_V1.md","A1E51A95A01818434F961C4C8C2EA8EF80C32686158E88431ACBFDBF0679FDB0","docs/NOVOVM_NATIVE_CANDIDATE_NODE_MODE_V1.md","retain current worktree and post-isolation changes","retain_current_original_path","","False","PENDING_USER_REVIEW"
"docs/NOVOVM_NATIVE_NONCE_CHECKPOINT_BUNDLE_V1.md","100644","b2637b22e0a999d03865522d88e90221aeeb823c","unchanged_by_isolation","b2637b22e0a999d03865522d88e90221aeeb823c",,"","b2637b22e0a999d03865522d88e90221aeeb823c","","docs/NOVOVM_NATIVE_NONCE_CHECKPOINT_BUNDLE_V1.md","C6EDBC0EE0D65C18AB6A1C39E394785150D54ED5C9FF64D909AE40FF78D5024E","docs/NOVOVM_NATIVE_NONCE_CHECKPOINT_BUNDLE_V1.md","retain current worktree and post-isolation changes","retain_current_original_path","","False","PENDING_USER_REVIEW"
"docs/NOVOVM_NATIVE_NONCE_IDENTITY_V2.md","100644","906ce4c6b01f84cbbc45988eec6ceee006d26c04","unchanged_by_isolation","906ce4c6b01f84cbbc45988eec6ceee006d26c04",,"","906ce4c6b01f84cbbc45988eec6ceee006d26c04","","docs/NOVOVM_NATIVE_NONCE_IDENTITY_V2.md","BBA3A8FFB3018F3F80A1396440874ACE256B986524F0CBC67BAE45772AF58834","docs/NOVOVM_NATIVE_NONCE_IDENTITY_V2.md","retain current worktree and post-isolation changes","retain_current_original_path","","False","PENDING_USER_REVIEW"
"docs/NOVOVM_NATIVE_NONCE_SOURCE_QC_V1.md","100644","dd58627a1262ccb4bcf52af017d822cb2bfaf5f4","unchanged_by_isolation","dd58627a1262ccb4bcf52af017d822cb2bfaf5f4",,"","dd58627a1262ccb4bcf52af017d822cb2bfaf5f4","","docs/NOVOVM_NATIVE_NONCE_SOURCE_QC_V1.md","5E5A9E5CAE5A8A998C46D14FA37FB45207A3D16F4E39961C9F1FF00E90CF586D","docs/NOVOVM_NATIVE_NONCE_SOURCE_QC_V1.md","retain current worktree and post-isolation changes","retain_current_original_path","","False","PENDING_USER_REVIEW"
"docs/NOVOVM_NATIVE_NONCE_UPGRADE_AUTHORIZATION_V1.md","100644","60b86ffa792f82e8bf7909c5514d6506e11551b5","unchanged_by_isolation","60b86ffa792f82e8bf7909c5514d6506e11551b5",,"","60b86ffa792f82e8bf7909c5514d6506e11551b5","","docs/NOVOVM_NATIVE_NONCE_UPGRADE_AUTHORIZATION_V1.md","07B7BB0FF3D84B4E11A7CD637D35E5B013DAF837BB4D6C7A50E1188B62E7B990","docs/NOVOVM_NATIVE_NONCE_UPGRADE_AUTHORIZATION_V1.md","retain current worktree and post-isolation changes","retain_current_original_path","","False","PENDING_USER_REVIEW"
"docs/NOVOVM_NATIVE_NONCE_UPGRADE_STAGING_V1.md","100644","fea3153a06246176346acee573cb57c9f1fcab64","unchanged_by_isolation","fea3153a06246176346acee573cb57c9f1fcab64",,"","fea3153a06246176346acee573cb57c9f1fcab64","","docs/NOVOVM_NATIVE_NONCE_UPGRADE_STAGING_V1.md","A9CD19D3AAAAC03F7DC2370D834862EC1F4A906FECEBF19FE011969538302B88","docs/NOVOVM_NATIVE_NONCE_UPGRADE_STAGING_V1.md","retain current worktree and post-isolation changes","retain_current_original_path","","False","PENDING_USER_REVIEW"
"docs/NOVOVM_NATIVE_SEAL_COMMIT_CATCHUP_V2.md","100644","6f9ee177edfe1902e5e72fb60ca9b3cc5c17e0de","unchanged_by_isolation","6f9ee177edfe1902e5e72fb60ca9b3cc5c17e0de",,"","6f9ee177edfe1902e5e72fb60ca9b3cc5c17e0de","","docs/NOVOVM_NATIVE_SEAL_COMMIT_CATCHUP_V2.md","4C103C470206B7F8ECE15EEE552F177133D0B0CC5645E0F62701D89D52B0CB0B","docs/NOVOVM_NATIVE_SEAL_COMMIT_CATCHUP_V2.md","retain current worktree and post-isolation changes","retain_current_original_path","","False","PENDING_USER_REVIEW"
"docs/NOVOVM_NATIVE_SEAL_COMMIT_PRIMITIVES_V1.md","100644","f446d9899fb150893046b7b24dd12bf5176f56f6","unchanged_by_isolation","f446d9899fb150893046b7b24dd12bf5176f56f6",,"","f446d9899fb150893046b7b24dd12bf5176f56f6","","docs/NOVOVM_NATIVE_SEAL_COMMIT_PRIMITIVES_V1.md","44EABF50B1B74CB913BED4B199D8893EA42256F0D29122ECFD7657C9EBB22A2B","docs/NOVOVM_NATIVE_SEAL_COMMIT_PRIMITIVES_V1.md","retain current worktree and post-isolation changes","retain_current_original_path","","False","PENDING_USER_REVIEW"
"docs/NOVOVM_NATIVE_SEAL_COMMIT_RUNTIME_V2.md","100644","9eb57eea7007ed2d9119788f8db2aeac23be0cbb","unchanged_by_isolation","9eb57eea7007ed2d9119788f8db2aeac23be0cbb",,"","9eb57eea7007ed2d9119788f8db2aeac23be0cbb","","docs/NOVOVM_NATIVE_SEAL_COMMIT_RUNTIME_V2.md","CFBC44858158D89BD3F2ABC49237C6AC88B2E41A799AB5300C56E7394C52A9CF","docs/NOVOVM_NATIVE_SEAL_COMMIT_RUNTIME_V2.md","retain current worktree and post-isolation changes","retain_current_original_path","","False","PENDING_USER_REVIEW"
"docs/NOVOVM_NATIVE_SEAL_COMMIT_TARGET_V2.md","100644","39219478be2c2f1cf19c4d3e1f572fdf7d2aeb2a","unchanged_by_isolation","39219478be2c2f1cf19c4d3e1f572fdf7d2aeb2a",,"","39219478be2c2f1cf19c4d3e1f572fdf7d2aeb2a","","docs/NOVOVM_NATIVE_SEAL_COMMIT_TARGET_V2.md","3444D8BCCC36EF7CBF5E32EDF4A442A0C63C4930AEC5E0D164B02423A5D25734","docs/NOVOVM_NATIVE_SEAL_COMMIT_TARGET_V2.md","retain current worktree and post-isolation changes","retain_current_original_path","","False","PENDING_USER_REVIEW"
"docs/NOVOVM_NATIVE_SEAL_DECISION_V3.md","100644","9632c4390ce82789e833030fe398ec7676356a28","unchanged_by_isolation","9632c4390ce82789e833030fe398ec7676356a28",,"","9632c4390ce82789e833030fe398ec7676356a28","","docs/NOVOVM_NATIVE_SEAL_DECISION_V3.md","C3DF00AC861360692E910CDCD5D3E351C6CFD66257FF077DDD4B69A0E680CA67","docs/NOVOVM_NATIVE_SEAL_DECISION_V3.md","retain current worktree and post-isolation changes","retain_current_original_path","","False","PENDING_USER_REVIEW"
"docs/NOVOVM_NATIVE_SEAL_MAIN_PROCESS_V1.md","100644","d398fdaa73a67ed61d1a4b5fb9fa07dc0e8608e7","unchanged_by_isolation","d398fdaa73a67ed61d1a4b5fb9fa07dc0e8608e7",,"","d398fdaa73a67ed61d1a4b5fb9fa07dc0e8608e7","","docs/NOVOVM_NATIVE_SEAL_MAIN_PROCESS_V1.md","34742ED5567923D0B26467BF86792937BE12BDD47067B5982D3E60112D478792","docs/NOVOVM_NATIVE_SEAL_MAIN_PROCESS_V1.md","retain current worktree and post-isolation changes","retain_current_original_path","","False","PENDING_USER_REVIEW"
"docs/NOVOVM_NATIVE_SEAL_NEW_VIEW_ADMISSION_V1.md","100644","abbc002cb01a5f9582fe883be327acf829f2d6b2","unchanged_by_isolation","abbc002cb01a5f9582fe883be327acf829f2d6b2",,"","abbc002cb01a5f9582fe883be327acf829f2d6b2","","docs/NOVOVM_NATIVE_SEAL_NEW_VIEW_ADMISSION_V1.md","3D3ACF688472595FCEBED103D444CC8C11E975806E8CAD9D158EAF0FE8A205AC","docs/NOVOVM_NATIVE_SEAL_NEW_VIEW_ADMISSION_V1.md","retain current worktree and post-isolation changes","retain_current_original_path","","False","PENDING_USER_REVIEW"
"docs/NOVOVM_NATIVE_SEAL_NEW_VIEW_V1.md","100644","717e4e6e3c4f76e6217552859eb2ffef2e9f14ac","unchanged_by_isolation","717e4e6e3c4f76e6217552859eb2ffef2e9f14ac",,"","717e4e6e3c4f76e6217552859eb2ffef2e9f14ac","","docs/NOVOVM_NATIVE_SEAL_NEW_VIEW_V1.md","6A4AFAEB16033C4754E63BB4B62CC046D005C1FDA9FF3442EF53F0E95D1019A9","docs/NOVOVM_NATIVE_SEAL_NEW_VIEW_V1.md","retain current worktree and post-isolation changes","retain_current_original_path","","False","PENDING_USER_REVIEW"
"docs/NOVOVM_NATIVE_SEAL_ROUND_DRIVER_V1.md","100644","87121781dc344f9ceb26276823f33015c6eb271e","unchanged_by_isolation","87121781dc344f9ceb26276823f33015c6eb271e",,"","87121781dc344f9ceb26276823f33015c6eb271e","","docs/NOVOVM_NATIVE_SEAL_ROUND_DRIVER_V1.md","2E70CFA59829B6A481825354B1C001FD144170C2BC00327EA11CE3B6497E507E","docs/NOVOVM_NATIVE_SEAL_ROUND_DRIVER_V1.md","retain current worktree and post-isolation changes","retain_current_original_path","","False","PENDING_USER_REVIEW"
"docs/NOVOVM_NATIVE_SEAL_ROUND_OVERLAY_V1.md","100644","c4127a05e5484223d251a8c3381c0746d25ac5eb","unchanged_by_isolation","c4127a05e5484223d251a8c3381c0746d25ac5eb",,"","c4127a05e5484223d251a8c3381c0746d25ac5eb","","docs/NOVOVM_NATIVE_SEAL_ROUND_OVERLAY_V1.md","8E2C66F9F138C4E2CC0B0075E530EA510BBD174593AB0B376E05718CD05528B9","docs/NOVOVM_NATIVE_SEAL_ROUND_OVERLAY_V1.md","retain current worktree and post-isolation changes","retain_current_original_path","","False","PENDING_USER_REVIEW"
"docs/NOVOVM_NATIVE_SEAL_SERVICE_V1.md","100644","5df0a38f6ab11961dbcd6dce4fbf5704ed744300","unchanged_by_isolation","5df0a38f6ab11961dbcd6dce4fbf5704ed744300",,"","5df0a38f6ab11961dbcd6dce4fbf5704ed744300","","docs/NOVOVM_NATIVE_SEAL_SERVICE_V1.md","2FFF27D967EFE22CEAC176FE003AE29BB04A179B3DDCF9F0BE502A80395D5D34","docs/NOVOVM_NATIVE_SEAL_SERVICE_V1.md","retain current worktree and post-isolation changes","retain_current_original_path","","False","PENDING_USER_REVIEW"
"docs/NOVOVM_NATIVE_SHARED_ARITHMETIC_V1.md","100644","8dd6c488513b8d0a9b9ef8ab6fdc2b6b903df282","unchanged_by_isolation","8dd6c488513b8d0a9b9ef8ab6fdc2b6b903df282",,"","8dd6c488513b8d0a9b9ef8ab6fdc2b6b903df282","","docs/NOVOVM_NATIVE_SHARED_ARITHMETIC_V1.md","D9A57268DD02737ACD7E85DD657799605874168FDFAC841896BD2B12776592B7","docs/NOVOVM_NATIVE_SHARED_ARITHMETIC_V1.md","retain current worktree and post-isolation changes","retain_current_original_path","","False","PENDING_USER_REVIEW"
"docs/NOVOVM_NATIVE_SHARED_NONCE_V1.md","100644","bdb3f55d74492f53142d9f380bed6cf637c2a6c6","unchanged_by_isolation","bdb3f55d74492f53142d9f380bed6cf637c2a6c6",,"","bdb3f55d74492f53142d9f380bed6cf637c2a6c6","","docs/NOVOVM_NATIVE_SHARED_NONCE_V1.md","AEDE2C9BA1F47B37559C12523DC16088E6DC49D062C4E1C21F83A9F83ADBF654","docs/NOVOVM_NATIVE_SHARED_NONCE_V1.md","retain current worktree and post-isolation changes","retain_current_original_path","","False","PENDING_USER_REVIEW"
"docs/NOVOVM_NATIVE_SHARED_SIGNING_V1.md","100644","f654ed23194ea1354d37cb8a96dcfb467a80cf9c","unchanged_by_isolation","f654ed23194ea1354d37cb8a96dcfb467a80cf9c",,"","f654ed23194ea1354d37cb8a96dcfb467a80cf9c","","docs/NOVOVM_NATIVE_SHARED_SIGNING_V1.md","C150646A2B26CBFB89BBDF58AE7E408D061A3D31B315A70F502DD41DEEC6BBF9","docs/NOVOVM_NATIVE_SHARED_SIGNING_V1.md","retain current worktree and post-isolation changes","retain_current_original_path","","False","PENDING_USER_REVIEW"
"docs/NOVOVM_NATIVE_TIMEOUT_OBSERVATION_V1.md","100644","7d17148c9ab6d46712622bb539c637dc85b43a74","unchanged_by_isolation","7d17148c9ab6d46712622bb539c637dc85b43a74",,"","7d17148c9ab6d46712622bb539c637dc85b43a74","","docs/NOVOVM_NATIVE_TIMEOUT_OBSERVATION_V1.md","5061831658DCB493DF2F43E893E7CAE451E03CE7C3AA1790B5415E9626A4400E","docs/NOVOVM_NATIVE_TIMEOUT_OBSERVATION_V1.md","retain current worktree and post-isolation changes","retain_current_original_path","","False","PENDING_USER_REVIEW"
"docs/NOVOVM_NATIVE_TRANSACTION_AUTHENTICATION_V1.md","100644","33b443c459d568eb85145aafde011a5ef1dbda70","unchanged_by_isolation","33b443c459d568eb85145aafde011a5ef1dbda70",,"","33b443c459d568eb85145aafde011a5ef1dbda70","","docs/NOVOVM_NATIVE_TRANSACTION_AUTHENTICATION_V1.md","9F882820D3EBB3A28AB358037A699B6C96FDBDD2C8B639BAD207AD21773D820E","docs/NOVOVM_NATIVE_TRANSACTION_AUTHENTICATION_V1.md","retain current worktree and post-isolation changes","retain_current_original_path","","False","PENDING_USER_REVIEW"
"docs/NOVOVM_PRODUCT_DURABLE_RECIPIENT_ACK_DELIVERY_JOURNAL_V1.md","100644","08f5f3df9f364693687bca6c87a640632f6b8d62","unchanged_by_isolation","08f5f3df9f364693687bca6c87a640632f6b8d62",,"","08f5f3df9f364693687bca6c87a640632f6b8d62","","docs/NOVOVM_PRODUCT_DURABLE_RECIPIENT_ACK_DELIVERY_JOURNAL_V1.md","B5D0DC63017C2143B5AE497C5D08250E669CA37228E203F151175E03C91BB4A9","docs/NOVOVM_PRODUCT_DURABLE_RECIPIENT_ACK_DELIVERY_JOURNAL_V1.md","retain current worktree and post-isolation changes","retain_current_original_path","","False","PENDING_USER_REVIEW"
"docs/NOVOVM_PRODUCT_MAINLINE_OVERLAY_LIFECYCLE_V1.md","100644","9562b81f28482e10c9415853a83f0a8fc9708da8","unchanged_by_isolation","9562b81f28482e10c9415853a83f0a8fc9708da8",,"","9562b81f28482e10c9415853a83f0a8fc9708da8","","docs/NOVOVM_PRODUCT_MAINLINE_OVERLAY_LIFECYCLE_V1.md","19EED4BBA7D5F19A8BB154C01EC834DB98E96F85C28EA302C5C1A4D4A52780F8","docs/NOVOVM_PRODUCT_MAINLINE_OVERLAY_LIFECYCLE_V1.md","retain current worktree and post-isolation changes","retain_current_original_path","","False","PENDING_USER_REVIEW"
"docs/NOVOVM_PRODUCT_OVERLAY_MESH_PEER_ERROR_DOMAIN_V1.md","100644","7e9f35ecceb8f746d3c52cf52491239b169e0689","unchanged_by_isolation","7e9f35ecceb8f746d3c52cf52491239b169e0689",,"","7e9f35ecceb8f746d3c52cf52491239b169e0689","","docs/NOVOVM_PRODUCT_OVERLAY_MESH_PEER_ERROR_DOMAIN_V1.md","48CAF98F0EA53E905D63ABDEA3A7EEBB216376D3C5A4B4E7C65B290D2CEC5DA2","docs/NOVOVM_PRODUCT_OVERLAY_MESH_PEER_ERROR_DOMAIN_V1.md","retain current worktree and post-isolation changes","retain_current_original_path","","False","PENDING_USER_REVIEW"
"docs/NOVOVM_PRODUCT_RELAY_ADMISSION_RESOURCE_BOUNDS_V1.md","100644","3b1f2ab80d8cde57ed80a56fbf89e9c04843e100","unchanged_by_isolation","3b1f2ab80d8cde57ed80a56fbf89e9c04843e100",,"","3b1f2ab80d8cde57ed80a56fbf89e9c04843e100","","docs/NOVOVM_PRODUCT_RELAY_ADMISSION_RESOURCE_BOUNDS_V1.md","48BF4727DF68671E29AEE24AEF4B45DC7E4537069129189164B7146DCC9C3FE5","docs/NOVOVM_PRODUCT_RELAY_ADMISSION_RESOURCE_BOUNDS_V1.md","retain current worktree and post-isolation changes","retain_current_original_path","","False","PENDING_USER_REVIEW"
"docs/NOVOVM_PRODUCTION_READINESS_TRACKER.md","100644","25450af78be1db08b4ce2c650e4f5ad70b143ce0","isolation_edit_in_place","426533d4f7aebf33e10dc8cf0e38d53cc5e4b6e6",,"","4ecba4038f94bc96f8ea984529c1a3ce900c3097","","docs/NOVOVM_PRODUCTION_READINESS_TRACKER.md","51B06915B3B31C38C7F54B0BB9DBF51543E0B79CAA10E0AD781FF9D8C0AB4297","docs/NOVOVM_PRODUCTION_READINESS_TRACKER.md","isolation-hunk review required; preserve current later changes","review_isolation_hunk_preserve_later_changes","","True","PENDING_USER_REVIEW"
"docs/NOVOVM_SEAL_CONTRACT_VALIDATOR_SAFETY_V1.md","100644","43948b2ac8d1155bc537949806348d8493e89f98","unchanged_by_isolation","43948b2ac8d1155bc537949806348d8493e89f98",,"","43948b2ac8d1155bc537949806348d8493e89f98","","docs/NOVOVM_SEAL_CONTRACT_VALIDATOR_SAFETY_V1.md","82E3D7D1C652E6DD73BB1F2817A01433F7CD29381DB706CC69E332B7FACB150C","docs/NOVOVM_SEAL_CONTRACT_VALIDATOR_SAFETY_V1.md","retain current worktree and post-isolation changes","retain_current_original_path","","False","PENDING_USER_REVIEW"
"docs/NOVOVM_TREASURY_DEPOSIT_V2.md","100644","9da88e182bfbe4e6e961dde171e816ed68eb6e35","unchanged_by_isolation","9da88e182bfbe4e6e961dde171e816ed68eb6e35",,"","9da88e182bfbe4e6e961dde171e816ed68eb6e35","","docs/NOVOVM_TREASURY_DEPOSIT_V2.md","20FBEA1309B7545E13173E56C439BF44D1129A916FAF81499A6B1EE54A70C0A9","docs/NOVOVM_TREASURY_DEPOSIT_V2.md","retain current worktree and post-isolation changes","retain_current_original_path","","False","PENDING_USER_REVIEW"
"docs/NOVOVM_UNIFIED_EXECUTION_REBUILD_PLAN.md","100644","034a9580d35f9c77c3d64d5a42dc3c06034c1ff3","isolation_edit_in_place","42361aaab16154edb02e8d3aebeeec225f6b8a2f",,"","83857a4eb12985d02c1f3abc92d20d119dc9c29b","","docs/NOVOVM_UNIFIED_EXECUTION_REBUILD_PLAN.md","86D09421F5F2AE3E3DEF3A14242AA277E033F2A0B87C4F1F8472978D9576C972","docs/NOVOVM_UNIFIED_EXECUTION_REBUILD_PLAN.md","isolation-hunk review required; preserve current later changes","review_isolation_hunk_preserve_later_changes","","True","PENDING_USER_REVIEW"
"docs/NOVOVM_UNSEALED_BLOCK_CANDIDATE_GRAPH_V1.md","100644","48dc50768e63df5dfc23d0a0c0c7cb27b951e2da","unchanged_by_isolation","48dc50768e63df5dfc23d0a0c0c7cb27b951e2da",,"","48dc50768e63df5dfc23d0a0c0c7cb27b951e2da","","docs/NOVOVM_UNSEALED_BLOCK_CANDIDATE_GRAPH_V1.md","5A281655EA7C77F888B6D45B9974D84BBF1062253264E1A855FA82C9326CC49C","docs/NOVOVM_UNSEALED_BLOCK_CANDIDATE_GRAPH_V1.md","retain current worktree and post-isolation changes","retain_current_original_path","","False","PENDING_USER_REVIEW"
"docs/NOVOVM_VERIFIABLE_BLOCK_CANDIDATE_DURABLE_LEDGER_V1.md","100644","143e32baaccfb5bc2a4de6f7a8cba9825d2b48af","unchanged_by_isolation","143e32baaccfb5bc2a4de6f7a8cba9825d2b48af",,"","143e32baaccfb5bc2a4de6f7a8cba9825d2b48af","","docs/NOVOVM_VERIFIABLE_BLOCK_CANDIDATE_DURABLE_LEDGER_V1.md","BEBED5426D76D08E71BE0C0D9129765AE8AC94A407A5D4FEAA6B48E1CB6306D9","docs/NOVOVM_VERIFIABLE_BLOCK_CANDIDATE_DURABLE_LEDGER_V1.md","retain current worktree and post-isolation changes","retain_current_original_path","","False","PENDING_USER_REVIEW"
"docs/NOVOVM-ECONOMICS/NOVOVM-DUAL-TRACK-SETTLEMENT-AND-MARKET-SYSTEM-P2A-2026-04-17.md","100644","1d45d8ea02173196e1dfe5705baf15993778cc63","unchanged_by_isolation","1d45d8ea02173196e1dfe5705baf15993778cc63",,"","1d45d8ea02173196e1dfe5705baf15993778cc63","","docs/NOVOVM-ECONOMICS/NOVOVM-DUAL-TRACK-SETTLEMENT-AND-MARKET-SYSTEM-P2A-2026-04-17.md","452EBB072B4C1524C6D9D1D19FE42D5B201847F24F9E91D853A11D119143EEA0","docs/NOVOVM-ECONOMICS/NOVOVM-DUAL-TRACK-SETTLEMENT-AND-MARKET-SYSTEM-P2A-2026-04-17.md","retain current worktree and post-isolation changes","retain_current_original_path","","False","PENDING_USER_REVIEW"
"docs/NOVOVM-ECONOMICS/NOVOVM-MONETARY-ARCHITECTURE-M0-M1-M2-AND-MULTI-ASSET-PAYMENT-2026-04-17.md","100644","99105822ea719553f40a172a8f1352ce2b47c1cd","unchanged_by_isolation","99105822ea719553f40a172a8f1352ce2b47c1cd",,"","99105822ea719553f40a172a8f1352ce2b47c1cd","","docs/NOVOVM-ECONOMICS/NOVOVM-MONETARY-ARCHITECTURE-M0-M1-M2-AND-MULTI-ASSET-PAYMENT-2026-04-17.md","825821C68D7B45720A3FAA3EB70DFCDA1462E6E41CCA6B7BBB573EED56DAE316","docs/NOVOVM-ECONOMICS/NOVOVM-MONETARY-ARCHITECTURE-M0-M1-M2-AND-MULTI-ASSET-PAYMENT-2026-04-17.md","retain current worktree and post-isolation changes","retain_current_original_path","","False","PENDING_USER_REVIEW"
"docs/NOVOVM-ECONOMICS/README.md","100644","e6e30fd7b002b33c377b4280d1aa260899313bc9","unchanged_by_isolation","e6e30fd7b002b33c377b4280d1aa260899313bc9",,"","e6e30fd7b002b33c377b4280d1aa260899313bc9","","docs/NOVOVM-ECONOMICS/README.md","57DFC211A2E5564B580C7BA6E9AD09399DE77FA687F58506D9C704C2C9DDDD8E","docs/NOVOVM-ECONOMICS/README.md","retain current worktree and post-isolation changes","retain_current_original_path","","False","PENDING_USER_REVIEW"
"docs/NOVOVM-NAMING-CONVENTION.md","100644","627ca3118cab60058a234fa12f48f2dca7a5a1e6","unchanged_by_isolation","627ca3118cab60058a234fa12f48f2dca7a5a1e6",,"","627ca3118cab60058a234fa12f48f2dca7a5a1e6","","docs/NOVOVM-NAMING-CONVENTION.md","1DDEC55042531D49E20BC993FDD98529865DAEB390FDC16B171140CE53987CF5","docs/NOVOVM-NAMING-CONVENTION.md","retain current worktree and post-isolation changes","retain_current_original_path","","False","PENDING_USER_REVIEW"
"docs/NOVOVM-NETWORK/NOVOVM-ACCOUNT-PROTOCOL-CUTA-KEYALGO-IMPLEMENTATION-CHECKLIST-2026-04-20.md","100644","aabdd532f46f030ce417e311895809241c52ae0c","unchanged_by_isolation","aabdd532f46f030ce417e311895809241c52ae0c",,"","aabdd532f46f030ce417e311895809241c52ae0c","","docs/NOVOVM-NETWORK/NOVOVM-ACCOUNT-PROTOCOL-CUTA-KEYALGO-IMPLEMENTATION-CHECKLIST-2026-04-20.md","4F3BD302445822E6035B3A9B867ECC196FE9BB292461F0BD55C917D8E0802FBB","docs/NOVOVM-NETWORK/NOVOVM-ACCOUNT-PROTOCOL-CUTA-KEYALGO-IMPLEMENTATION-CHECKLIST-2026-04-20.md","retain current worktree and post-isolation changes","retain_current_original_path","","False","PENDING_USER_REVIEW"
"docs/NOVOVM-NETWORK/NOVOVM-ACCOUNT-PROTOCOL-CUTA-KEYALGO-SEAL-2026-04-20.md","100644","59ecc012953f5b295948434d3a68e92f35293de9","unchanged_by_isolation","59ecc012953f5b295948434d3a68e92f35293de9",,"","59ecc012953f5b295948434d3a68e92f35293de9","","docs/NOVOVM-NETWORK/NOVOVM-ACCOUNT-PROTOCOL-CUTA-KEYALGO-SEAL-2026-04-20.md","39BFAA3B7A926C7B565D532E6873603370A25A87A098C537339C2A55DE0D0BD5","docs/NOVOVM-NETWORK/NOVOVM-ACCOUNT-PROTOCOL-CUTA-KEYALGO-SEAL-2026-04-20.md","retain current worktree and post-isolation changes","retain_current_original_path","","False","PENDING_USER_REVIEW"
"docs/NOVOVM-NETWORK/NOVOVM-ACCOUNT-PROTOCOL-CUTB-TRIGGER-CHECKLIST-2026-04-20.md","100644","6bfa012088f272d99311da5d97de0eb4ba7eab34","unchanged_by_isolation","6bfa012088f272d99311da5d97de0eb4ba7eab34",,"","6bfa012088f272d99311da5d97de0eb4ba7eab34","","docs/NOVOVM-NETWORK/NOVOVM-ACCOUNT-PROTOCOL-CUTB-TRIGGER-CHECKLIST-2026-04-20.md","1F3808C43856312BC15A165EFFF3D19404BB446D82022BB8DFC7FAB3EE84681A","docs/NOVOVM-NETWORK/NOVOVM-ACCOUNT-PROTOCOL-CUTB-TRIGGER-CHECKLIST-2026-04-20.md","retain current worktree and post-isolation changes","retain_current_original_path","","False","PENDING_USER_REVIEW"
"docs/NOVOVM-NETWORK/NOVOVM-ACCOUNT-PROTOCOL-CUTC-EXECUTIONPOLICY-IMPLEMENTATION-CHECKLIST-2026-04-20.md","100644","321d3a1be92fffe207620ebcb3daf410310fe25c","unchanged_by_isolation","321d3a1be92fffe207620ebcb3daf410310fe25c",,"","321d3a1be92fffe207620ebcb3daf410310fe25c","","docs/NOVOVM-NETWORK/NOVOVM-ACCOUNT-PROTOCOL-CUTC-EXECUTIONPOLICY-IMPLEMENTATION-CHECKLIST-2026-04-20.md","8E66C144BA95B3103572C7AF03E6340CE87E18AAA66C8C59F8C95AF3ED4B46DD","docs/NOVOVM-NETWORK/NOVOVM-ACCOUNT-PROTOCOL-CUTC-EXECUTIONPOLICY-IMPLEMENTATION-CHECKLIST-2026-04-20.md","retain current worktree and post-isolation changes","retain_current_original_path","","False","PENDING_USER_REVIEW"
"docs/NOVOVM-NETWORK/NOVOVM-ACCOUNT-PROTOCOL-CUTC-EXECUTIONPOLICY-SEAL-2026-04-20.md","100644","5b9a1ba5af6eb620724ff967821148f881b08ec0","unchanged_by_isolation","5b9a1ba5af6eb620724ff967821148f881b08ec0",,"","5b9a1ba5af6eb620724ff967821148f881b08ec0","","docs/NOVOVM-NETWORK/NOVOVM-ACCOUNT-PROTOCOL-CUTC-EXECUTIONPOLICY-SEAL-2026-04-20.md","90A8B5E14E78D7DBAABC27B362907C6F9C545D48403187DBF6C8CF611AE24592","docs/NOVOVM-NETWORK/NOVOVM-ACCOUNT-PROTOCOL-CUTC-EXECUTIONPOLICY-SEAL-2026-04-20.md","retain current worktree and post-isolation changes","retain_current_original_path","","False","PENDING_USER_REVIEW"
"docs/NOVOVM-NETWORK/NOVOVM-ACCOUNT-PROTOCOL-KEYALGO-ACCOUNTMODE-EXECUTIONPOLICY-LAYERING-2026-04-20.md","100644","15af4878a24ec9cac87649e833da40634e881c48","unchanged_by_isolation","15af4878a24ec9cac87649e833da40634e881c48",,"","15af4878a24ec9cac87649e833da40634e881c48","","docs/NOVOVM-NETWORK/NOVOVM-ACCOUNT-PROTOCOL-KEYALGO-ACCOUNTMODE-EXECUTIONPOLICY-LAYERING-2026-04-20.md","DD300203F8C1B3D5A8570BB9033C28550D3790EC7F88484D218FAC3C22A3D9E3","docs/NOVOVM-NETWORK/NOVOVM-ACCOUNT-PROTOCOL-KEYALGO-ACCOUNTMODE-EXECUTIONPOLICY-LAYERING-2026-04-20.md","retain current worktree and post-isolation changes","retain_current_original_path","","False","PENDING_USER_REVIEW"
"docs/NOVOVM-NETWORK/NOVOVM-ACCOUNT-PROTOCOL-PHASE2-IMPLEMENTATION-CHECKLIST-2026-04-20.md","100644","ec8c2b9af813755a09186d30e6c91ea4ddd2f128","unchanged_by_isolation","ec8c2b9af813755a09186d30e6c91ea4ddd2f128",,"","ec8c2b9af813755a09186d30e6c91ea4ddd2f128","","docs/NOVOVM-NETWORK/NOVOVM-ACCOUNT-PROTOCOL-PHASE2-IMPLEMENTATION-CHECKLIST-2026-04-20.md","442D4880D333986568F3AD1A638F07F8D17E57F668F1A56A909A1CF234BA3618","docs/NOVOVM-NETWORK/NOVOVM-ACCOUNT-PROTOCOL-PHASE2-IMPLEMENTATION-CHECKLIST-2026-04-20.md","retain current worktree and post-isolation changes","retain_current_original_path","","False","PENDING_USER_REVIEW"
"docs/NOVOVM-NETWORK/NOVOVM-ACCOUNT-PROTOCOL-PHASE3-CUT1-SEAL-2026-04-20.md","100644","1e87b9f5443c74e90387121eb16f1a95ce3c3b87","unchanged_by_isolation","1e87b9f5443c74e90387121eb16f1a95ce3c3b87",,"","1e87b9f5443c74e90387121eb16f1a95ce3c3b87","","docs/NOVOVM-NETWORK/NOVOVM-ACCOUNT-PROTOCOL-PHASE3-CUT1-SEAL-2026-04-20.md","1B3155DB1D0377C33ED5D4303A1F8BEB7CA063839721B2F11025DD62FE456126","docs/NOVOVM-NETWORK/NOVOVM-ACCOUNT-PROTOCOL-PHASE3-CUT1-SEAL-2026-04-20.md","retain current worktree and post-isolation changes","retain_current_original_path","","False","PENDING_USER_REVIEW"
"docs/NOVOVM-NETWORK/NOVOVM-ACCOUNT-PROTOCOL-PHASE3-CUT2-SEAL-2026-04-20.md","100644","6acd862c76c7f984b71536389cd89922b076cda8","unchanged_by_isolation","6acd862c76c7f984b71536389cd89922b076cda8",,"","6acd862c76c7f984b71536389cd89922b076cda8","","docs/NOVOVM-NETWORK/NOVOVM-ACCOUNT-PROTOCOL-PHASE3-CUT2-SEAL-2026-04-20.md","78A6756D130743E9431303D2A5DDB8B841710AE913B042B8FBAA94B3CCB490A9","docs/NOVOVM-NETWORK/NOVOVM-ACCOUNT-PROTOCOL-PHASE3-CUT2-SEAL-2026-04-20.md","retain current worktree and post-isolation changes","retain_current_original_path","","False","PENDING_USER_REVIEW"
"docs/NOVOVM-NETWORK/NOVOVM-ACCOUNT-PROTOCOL-PHASE3-IMPLEMENTATION-CHECKLIST-2026-04-20.md","100644","37acbc89b3e9ff47c54bfca1e952b4916fbc919d","unchanged_by_isolation","37acbc89b3e9ff47c54bfca1e952b4916fbc919d",,"","37acbc89b3e9ff47c54bfca1e952b4916fbc919d","","docs/NOVOVM-NETWORK/NOVOVM-ACCOUNT-PROTOCOL-PHASE3-IMPLEMENTATION-CHECKLIST-2026-04-20.md","AB278DA3A297C0050C894B56EDBA156D16870A1997F9A5514CDEBF9A53B7B0C5","docs/NOVOVM-NETWORK/NOVOVM-ACCOUNT-PROTOCOL-PHASE3-IMPLEMENTATION-CHECKLIST-2026-04-20.md","retain current worktree and post-isolation changes","retain_current_original_path","","False","PENDING_USER_REVIEW"
"docs/NOVOVM-NETWORK/NOVOVM-ACCOUNT-PROTOCOL-PHASE4-FAILURE-MODES-2026-04-20.md","100644","4aed75de0b2fdc5e8bd3b19769b3a48e143fee70","unchanged_by_isolation","4aed75de0b2fdc5e8bd3b19769b3a48e143fee70",,"","4aed75de0b2fdc5e8bd3b19769b3a48e143fee70","","docs/NOVOVM-NETWORK/NOVOVM-ACCOUNT-PROTOCOL-PHASE4-FAILURE-MODES-2026-04-20.md","61D38266CFBE79ED3068EBC3B8C56230B487231B76BFF4E9B6DD82415E91E4AD","docs/NOVOVM-NETWORK/NOVOVM-ACCOUNT-PROTOCOL-PHASE4-FAILURE-MODES-2026-04-20.md","retain current worktree and post-isolation changes","retain_current_original_path","","False","PENDING_USER_REVIEW"
"docs/NOVOVM-NETWORK/NOVOVM-ACCOUNT-PROTOCOL-PHASE4-MAPPED-ASSET-CONSTRAINT-DRAFT-2026-04-20.md","100644","18986494ec526d4b3a1d29a2dd5d3eb288fd4cf6","unchanged_by_isolation","18986494ec526d4b3a1d29a2dd5d3eb288fd4cf6",,"","18986494ec526d4b3a1d29a2dd5d3eb288fd4cf6","","docs/NOVOVM-NETWORK/NOVOVM-ACCOUNT-PROTOCOL-PHASE4-MAPPED-ASSET-CONSTRAINT-DRAFT-2026-04-20.md","A4BAEC3739DBE619580CA94525C87ABA090BBBDB5389CE3D5786489F4AF72C24","docs/NOVOVM-NETWORK/NOVOVM-ACCOUNT-PROTOCOL-PHASE4-MAPPED-ASSET-CONSTRAINT-DRAFT-2026-04-20.md","retain current worktree and post-isolation changes","retain_current_original_path","","False","PENDING_USER_REVIEW"
"docs/NOVOVM-NETWORK/NOVOVM-ACCOUNT-PROTOCOL-PHASE4-MVP-SLICE-TEMPLATE-2026-04-21.md","100644","3393b88c126e4d31dcfd6f7682675648d670f9af","unchanged_by_isolation","3393b88c126e4d31dcfd6f7682675648d670f9af",,"","3393b88c126e4d31dcfd6f7682675648d670f9af","","docs/NOVOVM-NETWORK/NOVOVM-ACCOUNT-PROTOCOL-PHASE4-MVP-SLICE-TEMPLATE-2026-04-21.md","B0F0A138D3C9CD2B46C8309F19DDD8939FB6725723CD2137F14DBC266F31FDBE","docs/NOVOVM-NETWORK/NOVOVM-ACCOUNT-PROTOCOL-PHASE4-MVP-SLICE-TEMPLATE-2026-04-21.md","retain current worktree and post-isolation changes","retain_current_original_path","","False","PENDING_USER_REVIEW"
"docs/NOVOVM-NETWORK/NOVOVM-ACCOUNT-PROTOCOL-PHASE4-TRIGGER-CHECKLIST-2026-04-20.md","100644","1fc6fe875e82e582d49b8434478840cca511fd30","unchanged_by_isolation","1fc6fe875e82e582d49b8434478840cca511fd30",,"","1fc6fe875e82e582d49b8434478840cca511fd30","","docs/NOVOVM-NETWORK/NOVOVM-ACCOUNT-PROTOCOL-PHASE4-TRIGGER-CHECKLIST-2026-04-20.md","9827D9EFEA4E531F427D078336E083770B7BE43BB80CA3237018315CBBEB78F3","docs/NOVOVM-NETWORK/NOVOVM-ACCOUNT-PROTOCOL-PHASE4-TRIGGER-CHECKLIST-2026-04-20.md","retain current worktree and post-isolation changes","retain_current_original_path","","False","PENDING_USER_REVIEW"
"docs/NOVOVM-NETWORK/NOVOVM-ACCOUNT-PROTOCOL-STRUCTURAL-CHANGE-PR-GATE-2026-04-21.md","100644","63649892ed4524eb49183c9d077753d77e25977d","unchanged_by_isolation","63649892ed4524eb49183c9d077753d77e25977d",,"","63649892ed4524eb49183c9d077753d77e25977d","","docs/NOVOVM-NETWORK/NOVOVM-ACCOUNT-PROTOCOL-STRUCTURAL-CHANGE-PR-GATE-2026-04-21.md","076942F820ACE6AC5124BDEADE083847D7702E149F1AD74F13E79102D068BE48","docs/NOVOVM-NETWORK/NOVOVM-ACCOUNT-PROTOCOL-STRUCTURAL-CHANGE-PR-GATE-2026-04-21.md","retain current worktree and post-isolation changes","retain_current_original_path","","False","PENDING_USER_REVIEW"
"docs/NOVOVM-NETWORK/NOVOVM-ACCOUNT-PROTOCOL-v1-2026-04-20.md","100644","5b8f256a2054c199b990f137605dec707737c957","unchanged_by_isolation","5b8f256a2054c199b990f137605dec707737c957",,"","5b8f256a2054c199b990f137605dec707737c957","","docs/NOVOVM-NETWORK/NOVOVM-ACCOUNT-PROTOCOL-v1-2026-04-20.md","4C8A84492FA597138190089DCE61F2CAB8AE7D36FB2786F1D47309787D0CAD7F","docs/NOVOVM-NETWORK/NOVOVM-ACCOUNT-PROTOCOL-v1-2026-04-20.md","retain current worktree and post-isolation changes","retain_current_original_path","","False","PENDING_USER_REVIEW"
"docs/NOVOVM-NETWORK/NOVOVM-ACCOUNT-PROTOCOL-v1-MIN-TO-v1-EVOLUTION-ROADMAP-2026-04-20.md","100644","ef87cbf27c8820dc85bb349ad39a90395d58b72d","unchanged_by_isolation","ef87cbf27c8820dc85bb349ad39a90395d58b72d",,"","ef87cbf27c8820dc85bb349ad39a90395d58b72d","","docs/NOVOVM-NETWORK/NOVOVM-ACCOUNT-PROTOCOL-v1-MIN-TO-v1-EVOLUTION-ROADMAP-2026-04-20.md","54108304BFA8E51C6CF22D5A147E8BD2820DE2EBB58B543E40CAF4B2738F4E20","docs/NOVOVM-NETWORK/NOVOVM-ACCOUNT-PROTOCOL-v1-MIN-TO-v1-EVOLUTION-ROADMAP-2026-04-20.md","retain current worktree and post-isolation changes","retain_current_original_path","","False","PENDING_USER_REVIEW"
"docs/NOVOVM-NETWORK/NOVOVM-CLEARING-METRICS-RUN-PHASE-TEMPLATE-2026-04-18.md","100644","d39646637f64ca9319b2f2db3815746dc0ddcb59","unchanged_by_isolation","d39646637f64ca9319b2f2db3815746dc0ddcb59",,"","d39646637f64ca9319b2f2db3815746dc0ddcb59","","docs/NOVOVM-NETWORK/NOVOVM-CLEARING-METRICS-RUN-PHASE-TEMPLATE-2026-04-18.md","ACA59A3D8791B8D2B8ED0EF96CAA0FB0329EB629D30361FCDC0A19669E26B99E","docs/NOVOVM-NETWORK/NOVOVM-CLEARING-METRICS-RUN-PHASE-TEMPLATE-2026-04-18.md","retain current worktree and post-isolation changes","retain_current_original_path","","False","PENDING_USER_REVIEW"
"docs/NOVOVM-NETWORK/NOVOVM-CLEARING-ROUTER-P2A-SEAL-2026-04-17.md","100644","834cc91898b6edbb18b1a608f00e62e5d6b6ef9b","unchanged_by_isolation","834cc91898b6edbb18b1a608f00e62e5d6b6ef9b",,"","834cc91898b6edbb18b1a608f00e62e5d6b6ef9b","","docs/NOVOVM-NETWORK/NOVOVM-CLEARING-ROUTER-P2A-SEAL-2026-04-17.md","21518EABA98A1B22FA6EE711236FFCE96AD9D2464F7BC521F26F8ED211299C8C","docs/NOVOVM-NETWORK/NOVOVM-CLEARING-ROUTER-P2A-SEAL-2026-04-17.md","retain current worktree and post-isolation changes","retain_current_original_path","","False","PENDING_USER_REVIEW"
"docs/NOVOVM-NETWORK/NOVOVM-CORE-PLUGIN-EXTERNAL-LAYER-MAP-2026-04-17.md","100644","585c6ec2d5a7250f5371f511eb194eb03de8c70b","unchanged_by_isolation","585c6ec2d5a7250f5371f511eb194eb03de8c70b",,"","585c6ec2d5a7250f5371f511eb194eb03de8c70b","","docs/NOVOVM-NETWORK/NOVOVM-CORE-PLUGIN-EXTERNAL-LAYER-MAP-2026-04-17.md","7F3198945A1F709BCDE1E91F478740B8A9BA7B6A875ED922ED8022C99E273A5F","docs/NOVOVM-NETWORK/NOVOVM-CORE-PLUGIN-EXTERNAL-LAYER-MAP-2026-04-17.md","retain current worktree and post-isolation changes","retain_current_original_path","","False","PENDING_USER_REVIEW"
"docs/NOVOVM-NETWORK/NOVOVM-FULL-MODE-MINIMAL-BOOTSTRAP-TEMPLATE-2026-04-18.md","100644","ebd85c9135521ba03b261af29aa46d0ee15c8cd3","unchanged_by_isolation","ebd85c9135521ba03b261af29aa46d0ee15c8cd3",,"","ebd85c9135521ba03b261af29aa46d0ee15c8cd3","","docs/NOVOVM-NETWORK/NOVOVM-FULL-MODE-MINIMAL-BOOTSTRAP-TEMPLATE-2026-04-18.md","BEEC4FEDF746FCA5AE95ACC3E7D19002FC6CB67557903C190924BFCCC74C6EED","docs/NOVOVM-NETWORK/NOVOVM-FULL-MODE-MINIMAL-BOOTSTRAP-TEMPLATE-2026-04-18.md","retain current worktree and post-isolation changes","retain_current_original_path","","False","PENDING_USER_REVIEW"
"docs/NOVOVM-NETWORK/NOVOVM-NATIVE-PAYMENT-AND-TREASURY-P1-SEAL-2026-04-17.md","100644","93afa704897b66d0f3e375c36e6cdbbee8554e65","unchanged_by_isolation","93afa704897b66d0f3e375c36e6cdbbee8554e65",,"","93afa704897b66d0f3e375c36e6cdbbee8554e65","","docs/NOVOVM-NETWORK/NOVOVM-NATIVE-PAYMENT-AND-TREASURY-P1-SEAL-2026-04-17.md","0AF52BE83D909C2E6851195F317ED860A2B24D212444CAB2368E9DA472411A61","docs/NOVOVM-NETWORK/NOVOVM-NATIVE-PAYMENT-AND-TREASURY-P1-SEAL-2026-04-17.md","retain current worktree and post-isolation changes","retain_current_original_path","","False","PENDING_USER_REVIEW"
"docs/NOVOVM-NETWORK/NOVOVM-NATIVE-TX-AND-EXECUTION-INTERFACE-DESIGN-2026-04-17.md","100644","3a4f9a7e0107ab48e4c6881e609b7198b936cdfd","unchanged_by_isolation","3a4f9a7e0107ab48e4c6881e609b7198b936cdfd",,"","3a4f9a7e0107ab48e4c6881e609b7198b936cdfd","","docs/NOVOVM-NETWORK/NOVOVM-NATIVE-TX-AND-EXECUTION-INTERFACE-DESIGN-2026-04-17.md","4128C6AA81B48ED0ECEE3CA95ABA2C2A249502EFEFC698A3E1690D3341B45571","docs/NOVOVM-NETWORK/NOVOVM-NATIVE-TX-AND-EXECUTION-INTERFACE-DESIGN-2026-04-17.md","retain current worktree and post-isolation changes","retain_current_original_path","","False","PENDING_USER_REVIEW"
"docs/NOVOVM-NETWORK/NOVOVM-OBSERVABILITY-P2D-SEAL-2026-04-18.md","100644","57b919a4a89691ff7047e6c92c28daf582ea5cc9","unchanged_by_isolation","57b919a4a89691ff7047e6c92c28daf582ea5cc9",,"","57b919a4a89691ff7047e6c92c28daf582ea5cc9","","docs/NOVOVM-NETWORK/NOVOVM-OBSERVABILITY-P2D-SEAL-2026-04-18.md","8D2A755BE93DAD05A378111DA3651FE19174B36AFB931706069CF0D55B9C3DFA","docs/NOVOVM-NETWORK/NOVOVM-OBSERVABILITY-P2D-SEAL-2026-04-18.md","retain current worktree and post-isolation changes","retain_current_original_path","","False","PENDING_USER_REVIEW"
"docs/NOVOVM-NETWORK/NOVOVM-P3-FEATURE-GATE-DECISION-THRESHOLDS-2026-04-18.md","100644","e5aa2d503de8fb686440b44b7f4ca547d91382d8","unchanged_by_isolation","e5aa2d503de8fb686440b44b7f4ca547d91382d8",,"","e5aa2d503de8fb686440b44b7f4ca547d91382d8","","docs/NOVOVM-NETWORK/NOVOVM-P3-FEATURE-GATE-DECISION-THRESHOLDS-2026-04-18.md","2BF2D86CBE1346AC61F1450AFC4A641E57C06AA1695920A6EB94915EACC0D4AD","docs/NOVOVM-NETWORK/NOVOVM-P3-FEATURE-GATE-DECISION-THRESHOLDS-2026-04-18.md","retain current worktree and post-isolation changes","retain_current_original_path","","False","PENDING_USER_REVIEW"
"docs/NOVOVM-NETWORK/NOVOVM-P3-GATE-DRYRUN-RESULT-2026-04-18.md","100644","b76c5f7ace98e983034061ef8262ec5dba9133b7","unchanged_by_isolation","b76c5f7ace98e983034061ef8262ec5dba9133b7",,"","b76c5f7ace98e983034061ef8262ec5dba9133b7","","docs/NOVOVM-NETWORK/NOVOVM-P3-GATE-DRYRUN-RESULT-2026-04-18.md","339E175B1D0FB19645235C3200E8216F986BC25B6EDF34A211CE0B1F9AE1D50E","docs/NOVOVM-NETWORK/NOVOVM-P3-GATE-DRYRUN-RESULT-2026-04-18.md","retain current worktree and post-isolation changes","retain_current_original_path","","False","PENDING_USER_REVIEW"
"docs/NOVOVM-NETWORK/NOVOVM-P3A-GATE-WEEKLY-RUN-WINDOW-TEMPLATE-2026-04-18.md","100644","62ac212752f1e1f787a84f0358870263ea093719","unchanged_by_isolation","62ac212752f1e1f787a84f0358870263ea093719",,"","62ac212752f1e1f787a84f0358870263ea093719","","docs/NOVOVM-NETWORK/NOVOVM-P3A-GATE-WEEKLY-RUN-WINDOW-TEMPLATE-2026-04-18.md","5B081B2C2F547BEC833EABD17BC6D9E7E8A92533691174943154A2EB66C292C9","docs/NOVOVM-NETWORK/NOVOVM-P3A-GATE-WEEKLY-RUN-WINDOW-TEMPLATE-2026-04-18.md","retain current worktree and post-isolation changes","retain_current_original_path","","False","PENDING_USER_REVIEW"
"docs/NOVOVM-NETWORK/NOVOVM-TREASURY-POLICY-P2C-CONSTRAINED-STRATEGY-SEAL-2026-04-18.md","100644","e1c62996242c72d83eb901cdb22c38d6fbb7705b","unchanged_by_isolation","e1c62996242c72d83eb901cdb22c38d6fbb7705b",,"","e1c62996242c72d83eb901cdb22c38d6fbb7705b","","docs/NOVOVM-NETWORK/NOVOVM-TREASURY-POLICY-P2C-CONSTRAINED-STRATEGY-SEAL-2026-04-18.md","DB0CDE287441CD4405AC51FB59FAEB9CB28A3BFB439D74C51CBE95F8A8527AE5","docs/NOVOVM-NETWORK/NOVOVM-TREASURY-POLICY-P2C-CONSTRAINED-STRATEGY-SEAL-2026-04-18.md","retain current worktree and post-isolation changes","retain_current_original_path","","False","PENDING_USER_REVIEW"
"docs/NOVOVM-NETWORK/NOVOVM-TREASURY-POLICY-P2C-OVERVIEW-SEAL-DRAFT-2026-04-18.md","100644","1c8c59c54ea67a80a951c01227529d87e4409c35","unchanged_by_isolation","1c8c59c54ea67a80a951c01227529d87e4409c35",,"","1c8c59c54ea67a80a951c01227529d87e4409c35","","docs/NOVOVM-NETWORK/NOVOVM-TREASURY-POLICY-P2C-OVERVIEW-SEAL-DRAFT-2026-04-18.md","27F67DF641B697363E36631D245E33DE9774F3B646F028BD1D829B27A22CA553","docs/NOVOVM-NETWORK/NOVOVM-TREASURY-POLICY-P2C-OVERVIEW-SEAL-DRAFT-2026-04-18.md","retain current worktree and post-isolation changes","retain_current_original_path","","False","PENDING_USER_REVIEW"
"docs/NOVOVM-NETWORK/NOVOVM-TREASURY-POLICY-P2C-SEAL-2026-04-18.md","100644","e1aed187652d0cb04b5fbe118f1c87b8562c2b87","unchanged_by_isolation","e1aed187652d0cb04b5fbe118f1c87b8562c2b87",,"","e1aed187652d0cb04b5fbe118f1c87b8562c2b87","","docs/NOVOVM-NETWORK/NOVOVM-TREASURY-POLICY-P2C-SEAL-2026-04-18.md","4F56A34436BFDB8A865BDB3606C6441F3EC59B3CED78D015437A6DA52FFEED1C","docs/NOVOVM-NETWORK/NOVOVM-TREASURY-POLICY-P2C-SEAL-2026-04-18.md","retain current worktree and post-isolation changes","retain_current_original_path","","False","PENDING_USER_REVIEW"
"docs/NOVOVM-NETWORK/NOVOVM-TREASURY-POLICY-P2C-STAGE2-SEAL-2026-04-18.md","100644","61db46b7d8893b56b311489440893e88b009d54a","unchanged_by_isolation","61db46b7d8893b56b311489440893e88b009d54a",,"","61db46b7d8893b56b311489440893e88b009d54a","","docs/NOVOVM-NETWORK/NOVOVM-TREASURY-POLICY-P2C-STAGE2-SEAL-2026-04-18.md","15A5B1748D841AA773DF5DB165ED021E575AFBA79B9AED87F1CF85E21627B501","docs/NOVOVM-NETWORK/NOVOVM-TREASURY-POLICY-P2C-STAGE2-SEAL-2026-04-18.md","retain current worktree and post-isolation changes","retain_current_original_path","","False","PENDING_USER_REVIEW"
"docs/novovm-product-evidence-v1.md","100644","1b20b80c6d04508e62a44acc8387db45832d08e5","unchanged_by_isolation","1b20b80c6d04508e62a44acc8387db45832d08e5",,"","1b20b80c6d04508e62a44acc8387db45832d08e5","","docs/novovm-product-evidence-v1.md","5938B8803F63AD89E502CB8A9C1ED352E077DCBADC9B4E464675E2B84D138148","docs/novovm-product-evidence-v1.md","retain current worktree and post-isolation changes","retain_current_original_path","","False","PENDING_USER_REVIEW"
"docs/novovm-product-nat-runtime-v1.md","100644","7f52c864233ebeb9e722a015e1a80de56153ada9","unchanged_by_isolation","7f52c864233ebeb9e722a015e1a80de56153ada9",,"","7f52c864233ebeb9e722a015e1a80de56153ada9","","docs/novovm-product-nat-runtime-v1.md","C5ACAA3B7C2364C727280049C4440A647B4139BC1BA76011828BD537A66B841A","docs/novovm-product-nat-runtime-v1.md","retain current worktree and post-isolation changes","retain_current_original_path","","False","PENDING_USER_REVIEW"
"docs/novovm-product-node-overlay-v1.md","100644","059037c0402cdd87066bd78e8354e1372c43c4f8","unchanged_by_isolation","059037c0402cdd87066bd78e8354e1372c43c4f8",,"","059037c0402cdd87066bd78e8354e1372c43c4f8","","docs/novovm-product-node-overlay-v1.md","9E7130E61F07A5AB4200D58BEE96E91B0E5F93B7CAA06FB5E0539441F078DFDD","docs/novovm-product-node-overlay-v1.md","retain current worktree and post-isolation changes","retain_current_original_path","","False","PENDING_USER_REVIEW"
"docs/novovm-product-peer-runtime-v1.md","100644","60cb6a49c633ad7532bf1b0c9041947127641e5c","unchanged_by_isolation","60cb6a49c633ad7532bf1b0c9041947127641e5c",,"","60cb6a49c633ad7532bf1b0c9041947127641e5c","","docs/novovm-product-peer-runtime-v1.md","09BDE5FD9FBB5050377497BA7B230194538046D13E160993538C3710B26D1829","docs/novovm-product-peer-runtime-v1.md","retain current worktree and post-isolation changes","retain_current_original_path","","False","PENDING_USER_REVIEW"
"docs/novovm-product-relay-client-v1.md","100644","94b5366e3ae0c53e7dcb1013c0f239530285bed6","unchanged_by_isolation","94b5366e3ae0c53e7dcb1013c0f239530285bed6",,"","94b5366e3ae0c53e7dcb1013c0f239530285bed6","","docs/novovm-product-relay-client-v1.md","05986B5C9CB2EDC36426E0588E594148557E9CB218AFD11C60A6D132EF1B1EB1","docs/novovm-product-relay-client-v1.md","retain current worktree and post-isolation changes","retain_current_original_path","","False","PENDING_USER_REVIEW"
"docs/novovm-product-relay-daemon-v1.md","100644","627364533e7ec084c5c4cd5d7882c9456ddad3d5","unchanged_by_isolation","627364533e7ec084c5c4cd5d7882c9456ddad3d5",,"","627364533e7ec084c5c4cd5d7882c9456ddad3d5","","docs/novovm-product-relay-daemon-v1.md","FD9A52246476251E8F1CB8DCFF5CE599F573C2CF3E85DC2AB09B5979A9B25CA9","docs/novovm-product-relay-daemon-v1.md","retain current worktree and post-isolation changes","retain_current_original_path","","False","PENDING_USER_REVIEW"
"docs/novovm-product-topology-preflight-v1.md","100644","301bb4677e904a7261254b99e90dfd047b19b7fd","unchanged_by_isolation","301bb4677e904a7261254b99e90dfd047b19b7fd",,"","301bb4677e904a7261254b99e90dfd047b19b7fd","","docs/novovm-product-topology-preflight-v1.md","B3C9514E5035A76DFFAC2CEE780A50EDFCC02699AF4415BE8092516DB67137AA","docs/novovm-product-topology-preflight-v1.md","retain current worktree and post-isolation changes","retain_current_original_path","","False","PENDING_USER_REVIEW"
"docs/README.zh-CN.md","100644","a3224aa76e99805dd4d734f293d8e520e706b68e","unchanged_by_isolation","a3224aa76e99805dd4d734f293d8e520e706b68e",,"","a3224aa76e99805dd4d734f293d8e520e706b68e","","docs/README.zh-CN.md","40088D8AE9F257161656B2A0EA9652B3D9CD3965721ECE6246EA71BC74541BDA","docs/README.zh-CN.md","retain current worktree and post-isolation changes","retain_current_original_path","","False","PENDING_USER_REVIEW"
"docs/standalone-relay-deployment.md","100644","a439debe4e456de848bbaa8060d0fe6cd544337d","unchanged_by_isolation","a439debe4e456de848bbaa8060d0fe6cd544337d",,"","a439debe4e456de848bbaa8060d0fe6cd544337d","","docs/standalone-relay-deployment.md","3A1E4DC088D70C78D3DFBAEAA5DACC2F3089661963F45C888B862BAFB7326C19","docs/standalone-relay-deployment.md","retain current worktree and post-isolation changes","retain_current_original_path","","False","PENDING_USER_REVIEW"
"docs/SuperVM_whitepaper(EN).pdf","100644","167b84cb24af1702a846ad4a7e8f1ca21b7b5590","unchanged_by_isolation","167b84cb24af1702a846ad4a7e8f1ca21b7b5590",,"","167b84cb24af1702a846ad4a7e8f1ca21b7b5590","","docs/SuperVM_whitepaper(EN).pdf","6630BEFBE0EB7969E68782EC6CABDE7B7AE1C59D896CC175F5F294270B25A802","docs/SuperVM_whitepaper(EN).pdf","retain current worktree and post-isolation changes","retain_current_original_path","","False","PENDING_USER_REVIEW"
"LICENSE","100644","8048da216503b2775db4259400bd4be29d0818ba","unchanged_by_isolation","8048da216503b2775db4259400bd4be29d0818ba",,"","8048da216503b2775db4259400bd4be29d0818ba","","LICENSE","17FA69EE1445923AEFC7ED0C104B2C0210454D177FEBFE1FEF9A6B51130DFC10","LICENSE","retain current worktree and post-isolation changes","retain_current_original_path","","False","PENDING_USER_REVIEW"
"proofs/native-auth/Cargo.lock","100644","2da3d9a4dd100419da068a60f22020ce24a13c96","pure_relocation","","legacy/supervm-20261002/proofs/native-auth/Cargo.lock","2da3d9a4dd100419da068a60f22020ce24a13c96","","2da3d9a4dd100419da068a60f22020ce24a13c96","legacy/supervm-20261002/proofs/native-auth/Cargo.lock","AE645E41BBB59964BCC6949276985BC6913ACBBC8003C242220DFE04C62773C6","proofs/native-auth/Cargo.lock","before Git object; local drafts preserved separately, no overwrite","restore_identical_tree_to_original_path","","False","PENDING_USER_REVIEW"
"proofs/native-auth/Cargo.toml","100644","0edbaeac078b71dc189e775487760b5bbc7cfbaf","pure_relocation","","legacy/supervm-20261002/proofs/native-auth/Cargo.toml","0edbaeac078b71dc189e775487760b5bbc7cfbaf","","0edbaeac078b71dc189e775487760b5bbc7cfbaf","legacy/supervm-20261002/proofs/native-auth/Cargo.toml","27D96A1820E79E8A789E24978EFB998BF6E685323FAE5DF2461F4E437BF9F96D","proofs/native-auth/Cargo.toml","before Git object; local drafts preserved separately, no overwrite","restore_identical_tree_to_original_path","","False","PENDING_USER_REVIEW"
"proofs/native-auth/core/Cargo.toml","100644","4f74527d198b817e156cfe1cc5dce608c7bac899","pure_relocation","","legacy/supervm-20261002/proofs/native-auth/core/Cargo.toml","4f74527d198b817e156cfe1cc5dce608c7bac899","","4f74527d198b817e156cfe1cc5dce608c7bac899","legacy/supervm-20261002/proofs/native-auth/core/Cargo.toml","8D09A075A6C7F95AC80598EB3E2D0F366390469E8AE1FE6008DA632A8FE19291","proofs/native-auth/core/Cargo.toml","before Git object; local drafts preserved separately, no overwrite","restore_identical_tree_to_original_path","","False","PENDING_USER_REVIEW"
"proofs/native-auth/core/src/lib.rs","100644","9dbead6ce951dffc301321f5f04cbfaf531e93b7","pure_relocation","","legacy/supervm-20261002/proofs/native-auth/core/src/lib.rs","9dbead6ce951dffc301321f5f04cbfaf531e93b7","","9dbead6ce951dffc301321f5f04cbfaf531e93b7","legacy/supervm-20261002/proofs/native-auth/core/src/lib.rs","58E82C143C46CA6DB68AAE849CC4B6A77418192A53672409C78A2A35C67586B3","proofs/native-auth/core/src/lib.rs","before Git object; local drafts preserved separately, no overwrite","restore_identical_tree_to_original_path","","False","PENDING_USER_REVIEW"
"proofs/native-auth/core/src/parent.rs","100644","bd760a01b7a094cde6d3b8385ede990d1c3346b6","pure_relocation","","legacy/supervm-20261002/proofs/native-auth/core/src/parent.rs","bd760a01b7a094cde6d3b8385ede990d1c3346b6","","bd760a01b7a094cde6d3b8385ede990d1c3346b6","legacy/supervm-20261002/proofs/native-auth/core/src/parent.rs","D4629310ABDBB6AC692540BE29D897815E9FBC8B7D5AC56B5416CE233E43C320","proofs/native-auth/core/src/parent.rs","before Git object; local drafts preserved separately, no overwrite","restore_identical_tree_to_original_path","","False","PENDING_USER_REVIEW"
"proofs/native-auth/host/Cargo.toml","100644","433ba21cf3474c60444db5f1106bf965f6c855fa","pure_relocation","","legacy/supervm-20261002/proofs/native-auth/host/Cargo.toml","433ba21cf3474c60444db5f1106bf965f6c855fa","","433ba21cf3474c60444db5f1106bf965f6c855fa","legacy/supervm-20261002/proofs/native-auth/host/Cargo.toml","5E8930E284072C95CEA29C2FE2D0F317B7BDD7CBD41E73C1921B4BF8935D600F","proofs/native-auth/host/Cargo.toml","before Git object; local drafts preserved separately, no overwrite","restore_identical_tree_to_original_path","","False","PENDING_USER_REVIEW"
"proofs/native-auth/host/src/bin/parent_nonce.rs","100644","594b72148dbd92b411e695493fe123f83e6f4423","pure_relocation","","legacy/supervm-20261002/proofs/native-auth/host/src/bin/parent_nonce.rs","594b72148dbd92b411e695493fe123f83e6f4423","","594b72148dbd92b411e695493fe123f83e6f4423","legacy/supervm-20261002/proofs/native-auth/host/src/bin/parent_nonce.rs","C512E71C5A2D2E48006FC3856D9E3B6CB7709A4A4AB33CC833D09374795E056F","proofs/native-auth/host/src/bin/parent_nonce.rs","before Git object; local drafts preserved separately, no overwrite","restore_identical_tree_to_original_path","","False","PENDING_USER_REVIEW"
"proofs/native-auth/host/src/main.rs","100644","a2852330e8a502e24fcebd9b116742deb809570d","pure_relocation","","legacy/supervm-20261002/proofs/native-auth/host/src/main.rs","a2852330e8a502e24fcebd9b116742deb809570d","","a2852330e8a502e24fcebd9b116742deb809570d","legacy/supervm-20261002/proofs/native-auth/host/src/main.rs","1F5A445D0A6D482AA8B63740A0EF1A767C0B13CEA0B103F9E94AA2D6178B2E10","proofs/native-auth/host/src/main.rs","before Git object; local drafts preserved separately, no overwrite","restore_identical_tree_to_original_path","","False","PENDING_USER_REVIEW"
"proofs/native-auth/methods/build.rs","100644","08a8a4eb72e5ae99c9647680707f0f4c461238cf","pure_relocation","","legacy/supervm-20261002/proofs/native-auth/methods/build.rs","08a8a4eb72e5ae99c9647680707f0f4c461238cf","","08a8a4eb72e5ae99c9647680707f0f4c461238cf","legacy/supervm-20261002/proofs/native-auth/methods/build.rs","D3D0AA4ADD6D6294B4CD9199C9B7162187B7383980CDA986051FE94497334F75","proofs/native-auth/methods/build.rs","before Git object; local drafts preserved separately, no overwrite","restore_identical_tree_to_original_path","","False","PENDING_USER_REVIEW"
"proofs/native-auth/methods/Cargo.toml","100644","d47204be8c93a7be98e0eec4d5e22172ad0c3522","pure_relocation","","legacy/supervm-20261002/proofs/native-auth/methods/Cargo.toml","d47204be8c93a7be98e0eec4d5e22172ad0c3522","","d47204be8c93a7be98e0eec4d5e22172ad0c3522","legacy/supervm-20261002/proofs/native-auth/methods/Cargo.toml","4B72DF585E9045C82FDD4DB695C97E19EB8FF4CCA95655749F00D67994224541","proofs/native-auth/methods/Cargo.toml","before Git object; local drafts preserved separately, no overwrite","restore_identical_tree_to_original_path","","False","PENDING_USER_REVIEW"
"proofs/native-auth/methods/guest/Cargo.lock","100644","95df15560cda61abb20c3ece070cb5afa7d97d6d","pure_relocation","","legacy/supervm-20261002/proofs/native-auth/methods/guest/Cargo.lock","95df15560cda61abb20c3ece070cb5afa7d97d6d","","95df15560cda61abb20c3ece070cb5afa7d97d6d","legacy/supervm-20261002/proofs/native-auth/methods/guest/Cargo.lock","F2A0C8E48828E3AC6B447D6C8F795ABC2E7F0AA2F540D65ECE989D185FFA5CB4","proofs/native-auth/methods/guest/Cargo.lock","before Git object; local drafts preserved separately, no overwrite","restore_identical_tree_to_original_path","","False","PENDING_USER_REVIEW"
"proofs/native-auth/methods/guest/Cargo.toml","100644","38ce4cff4e55c32af89a018e4e1f67b65af57c1c","pure_relocation","","legacy/supervm-20261002/proofs/native-auth/methods/guest/Cargo.toml","38ce4cff4e55c32af89a018e4e1f67b65af57c1c","","38ce4cff4e55c32af89a018e4e1f67b65af57c1c","legacy/supervm-20261002/proofs/native-auth/methods/guest/Cargo.toml","EDBC5F93988B63E2E19DED994F2C85CA7140FEC421CC568B939571FEE996B819","proofs/native-auth/methods/guest/Cargo.toml","before Git object; local drafts preserved separately, no overwrite","restore_identical_tree_to_original_path","","False","PENDING_USER_REVIEW"
"proofs/native-auth/methods/guest/src/bin/novovm-parent-nonce-guest.rs","100644","ac75972d839013f3f0d294e6d852b214280e92e6","pure_relocation","","legacy/supervm-20261002/proofs/native-auth/methods/guest/src/bin/novovm-parent-nonce-guest.rs","ac75972d839013f3f0d294e6d852b214280e92e6","","ac75972d839013f3f0d294e6d852b214280e92e6","legacy/supervm-20261002/proofs/native-auth/methods/guest/src/bin/novovm-parent-nonce-guest.rs","D8DE69F0DA4C8FB92FB257771D1E3E4D9799001FDEADC346F6FB4C54D7AB5207","proofs/native-auth/methods/guest/src/bin/novovm-parent-nonce-guest.rs","before Git object; local drafts preserved separately, no overwrite","restore_identical_tree_to_original_path","","False","PENDING_USER_REVIEW"
"proofs/native-auth/methods/guest/src/main.rs","100644","b86192e9f6f67862cffd5d35d848dc998c0f4b70","pure_relocation","","legacy/supervm-20261002/proofs/native-auth/methods/guest/src/main.rs","b86192e9f6f67862cffd5d35d848dc998c0f4b70","","b86192e9f6f67862cffd5d35d848dc998c0f4b70","legacy/supervm-20261002/proofs/native-auth/methods/guest/src/main.rs","D3C460FF4BFDC75F27EA08F2E27D3BCBFF92030F135CD1D6F18E99815DA5021B","proofs/native-auth/methods/guest/src/main.rs","before Git object; local drafts preserved separately, no overwrite","restore_identical_tree_to_original_path","","False","PENDING_USER_REVIEW"
"proofs/native-auth/methods/src/lib.rs","100644","1bdb3085fa164c7151a1128bcc4ea78dd3a96657","pure_relocation","","legacy/supervm-20261002/proofs/native-auth/methods/src/lib.rs","1bdb3085fa164c7151a1128bcc4ea78dd3a96657","","1bdb3085fa164c7151a1128bcc4ea78dd3a96657","legacy/supervm-20261002/proofs/native-auth/methods/src/lib.rs","902D56D952004DD42E65C148A4B537710F869054556528B25ED3E67D050BB255","proofs/native-auth/methods/src/lib.rs","before Git object; local drafts preserved separately, no overwrite","restore_identical_tree_to_original_path","","False","PENDING_USER_REVIEW"
"proofs/native-auth/PARENT_NONCE_V2.md","100644","b85f8df0b0fbdd165f3cda0c451464abf623983a","pure_relocation","","legacy/supervm-20261002/proofs/native-auth/PARENT_NONCE_V2.md","b85f8df0b0fbdd165f3cda0c451464abf623983a","","b85f8df0b0fbdd165f3cda0c451464abf623983a","legacy/supervm-20261002/proofs/native-auth/PARENT_NONCE_V2.md","B8856984C2D9B456170E76AEC0CF16171E091128748E6BC83ED5B938C56D04E2","proofs/native-auth/PARENT_NONCE_V2.md","before Git object; local drafts preserved separately, no overwrite","restore_identical_tree_to_original_path","","False","PENDING_USER_REVIEW"
"proofs/native-auth/README.md","100644","0e8a6f8b03697f374e4381008278914973c24722","pure_relocation","","legacy/supervm-20261002/proofs/native-auth/README.md","0e8a6f8b03697f374e4381008278914973c24722","","0e8a6f8b03697f374e4381008278914973c24722","legacy/supervm-20261002/proofs/native-auth/README.md","3EC5C7F8F638CB1D263A6398B3905B3691328624288EA76558D3E03FC87B3EC4","proofs/native-auth/README.md","before Git object; local drafts preserved separately, no overwrite","restore_identical_tree_to_original_path","","False","PENDING_USER_REVIEW"
"proofs/native-auth/TREASURY_TRANSITION_V1.md","100644","84906375e09f7daf154caa909c1dccd03f971397","pure_relocation","","legacy/supervm-20261002/proofs/native-auth/TREASURY_TRANSITION_V1.md","84906375e09f7daf154caa909c1dccd03f971397","","84906375e09f7daf154caa909c1dccd03f971397","legacy/supervm-20261002/proofs/native-auth/TREASURY_TRANSITION_V1.md","1110CA70A6A3A222F6DBD7B37601CF366DEC7A4A88ED2AA73B75FB261C97BA62","proofs/native-auth/TREASURY_TRANSITION_V1.md","before Git object; local drafts preserved separately, no overwrite","restore_identical_tree_to_original_path","","False","PENDING_USER_REVIEW"
"README.md","100644","e9084d906c390219b41c105d629ab840b0dd189c","archived_original_and_replaced_root","f619411c915a5ebe3affe3f34f4e826a44f2c57d","legacy/supervm-20261002/README.md","e9084d906c390219b41c105d629ab840b0dd189c","c5574eabbd13d43992e2be557dc071a64f4c2902","e9084d906c390219b41c105d629ab840b0dd189c","legacy/supervm-20261002/README.md","03E890E2C2A1C046608AA7F77103BF6C30FCFB7A6160C4DE9C424C87EBE90BDD","README.md","isolation-hunk review required; preserve current later changes","review_root_assembly_preserve_later_changes","original_destination_occupied","True","PENDING_USER_REVIEW"
"rust-toolchain.toml","100644","f16b58b4caa49c6980df7834aa4ef6c4f2a70afd","unchanged_by_isolation","f16b58b4caa49c6980df7834aa4ef6c4f2a70afd",,"","f16b58b4caa49c6980df7834aa4ef6c4f2a70afd","","rust-toolchain.toml","1FE684AE10AC0EAF64632CAF7EFA577269D8335238401EE26201238BB9D9BBCF","rust-toolchain.toml","retain current worktree and post-isolation changes","retain_current_original_path","","False","PENDING_USER_REVIEW"
"scripts/_compat/Invoke-NovovmctlForward.ps1","100644","8c9fa6be4dcd336e06220d73517695544be39a10","pure_relocation","","legacy/supervm-20261002/scripts/_compat/Invoke-NovovmctlForward.ps1","8c9fa6be4dcd336e06220d73517695544be39a10","","8c9fa6be4dcd336e06220d73517695544be39a10","legacy/supervm-20261002/scripts/_compat/Invoke-NovovmctlForward.ps1","40B05C4FC229DE482774588C4671F64538E4960057BFB6DEC1845EC9280C7BE8","scripts/_compat/Invoke-NovovmctlForward.ps1","before Git object; local drafts preserved separately, no overwrite","restore_identical_tree_to_original_path","","False","PENDING_USER_REVIEW"
"scripts/aoem/build_aoem_manifest.ps1","100644","4c19008a067f2e0626023680c18d31061e7b786b","pure_relocation","","legacy/supervm-20261002/scripts/aoem/build_aoem_manifest.ps1","4c19008a067f2e0626023680c18d31061e7b786b","","4c19008a067f2e0626023680c18d31061e7b786b","legacy/supervm-20261002/scripts/aoem/build_aoem_manifest.ps1","48A7791A0A1C2DE11A045D2F4CD79F2B7FC12F4FC7DC6AEF2B93360F45B36990","scripts/aoem/build_aoem_manifest.ps1","before Git object; local drafts preserved separately, no overwrite","restore_identical_tree_to_original_path","","False","PENDING_USER_REVIEW"
"scripts/aoem/build_aoem_variants_current_os.ps1","100644","a7aeafd63be56b3da1fc1cbd1660877024e2d2c2","pure_relocation","","legacy/supervm-20261002/scripts/aoem/build_aoem_variants_current_os.ps1","a7aeafd63be56b3da1fc1cbd1660877024e2d2c2","","a7aeafd63be56b3da1fc1cbd1660877024e2d2c2","legacy/supervm-20261002/scripts/aoem/build_aoem_variants_current_os.ps1","97F1F2A91F076EDC28C78CE4E9340C4635CF0BBADC7B539449901FA92CF46A9A","scripts/aoem/build_aoem_variants_current_os.ps1","before Git object; local drafts preserved separately, no overwrite","restore_identical_tree_to_original_path","","False","PENDING_USER_REVIEW"
"scripts/aoem/build_aoem_variants_current_os.sh","100644","27e9a7d2add2bc056368d6ddc0e716b87478f807","pure_relocation","","legacy/supervm-20261002/scripts/aoem/build_aoem_variants_current_os.sh","27e9a7d2add2bc056368d6ddc0e716b87478f807","","27e9a7d2add2bc056368d6ddc0e716b87478f807","legacy/supervm-20261002/scripts/aoem/build_aoem_variants_current_os.sh","5CB6E62F6042EE13BD7B4546AA7C70935CD1908721DD41B33185DB32391A5DA6","scripts/aoem/build_aoem_variants_current_os.sh","before Git object; local drafts preserved separately, no overwrite","restore_identical_tree_to_original_path","","False","PENDING_USER_REVIEW"
"scripts/aoem/mldsa_acvp_probe.py","100644","88a6f7fd0771ce4c0e71a2da1c57cc4a3c92d981","pure_relocation","","legacy/supervm-20261002/scripts/aoem/mldsa_acvp_probe.py","88a6f7fd0771ce4c0e71a2da1c57cc4a3c92d981","","88a6f7fd0771ce4c0e71a2da1c57cc4a3c92d981","legacy/supervm-20261002/scripts/aoem/mldsa_acvp_probe.py","674F44034E3BEFFDC8CFA39330CB33E215D1F6DBF3026F852DCF0FB6C8D8A916","scripts/aoem/mldsa_acvp_probe.py","before Git object; local drafts preserved separately, no overwrite","restore_identical_tree_to_original_path","","False","PENDING_USER_REVIEW"
"scripts/aoem/package_aoem_beta08.ps1","100644","354bda9da83597136f3aa875e5cf2d88e69c3d74","pure_relocation","","legacy/supervm-20261002/scripts/aoem/package_aoem_beta08.ps1","354bda9da83597136f3aa875e5cf2d88e69c3d74","","354bda9da83597136f3aa875e5cf2d88e69c3d74","legacy/supervm-20261002/scripts/aoem/package_aoem_beta08.ps1","AE14E2DDA5B8893061D2DD7C2CD0E4F2F369ED08188E3BD0B51602B9CD0A3C24","scripts/aoem/package_aoem_beta08.ps1","before Git object; local drafts preserved separately, no overwrite","restore_identical_tree_to_original_path","","False","PENDING_USER_REVIEW"
"scripts/aoem/privacy_portability_probe.py","100644","751bf95dfbdc7b54fa700b30685eb38caea994a4","pure_relocation","","legacy/supervm-20261002/scripts/aoem/privacy_portability_probe.py","751bf95dfbdc7b54fa700b30685eb38caea994a4","","751bf95dfbdc7b54fa700b30685eb38caea994a4","legacy/supervm-20261002/scripts/aoem/privacy_portability_probe.py","A5B991CA11C8959FA518E5B596A99AF5E7EE92BAED48F1B3F0ECC69973F9E194","scripts/aoem/privacy_portability_probe.py","before Git object; local drafts preserved separately, no overwrite","restore_identical_tree_to_original_path","","False","PENDING_USER_REVIEW"
"scripts/aoem/run_proof_engine_host_smoke.ps1","100644","6dbcf726660758888def2bbe9081c023419e7fe2","pure_relocation","","legacy/supervm-20261002/scripts/aoem/run_proof_engine_host_smoke.ps1","6dbcf726660758888def2bbe9081c023419e7fe2","","6dbcf726660758888def2bbe9081c023419e7fe2","legacy/supervm-20261002/scripts/aoem/run_proof_engine_host_smoke.ps1","065E83BB456C3AB226C6113122533F2BA5EFAE41060093F86C0A0F3D19ACD3E1","scripts/aoem/run_proof_engine_host_smoke.ps1","before Git object; local drafts preserved separately, no overwrite","restore_identical_tree_to_original_path","","False","PENDING_USER_REVIEW"
"scripts/aoem/sync_aoem_fullmax_bundle.ps1","100644","0db12c0f1e0d1879a9d1cbca23033670b1264586","pure_relocation","","legacy/supervm-20261002/scripts/aoem/sync_aoem_fullmax_bundle.ps1","0db12c0f1e0d1879a9d1cbca23033670b1264586","","0db12c0f1e0d1879a9d1cbca23033670b1264586","legacy/supervm-20261002/scripts/aoem/sync_aoem_fullmax_bundle.ps1","7E1C2A51E8229B4FF94D240E56DEDF65399E6F311AB9AE7B07CF8E89A38629B1","scripts/aoem/sync_aoem_fullmax_bundle.ps1","before Git object; local drafts preserved separately, no overwrite","restore_identical_tree_to_original_path","","False","PENDING_USER_REVIEW"
"scripts/aoem/validate_fullmax_confidential_transfer_route.ps1","100644","1b80478516f677bfcb8684e0dfc8c1716dd4ee39","pure_relocation","","legacy/supervm-20261002/scripts/aoem/validate_fullmax_confidential_transfer_route.ps1","1b80478516f677bfcb8684e0dfc8c1716dd4ee39","","1b80478516f677bfcb8684e0dfc8c1716dd4ee39","legacy/supervm-20261002/scripts/aoem/validate_fullmax_confidential_transfer_route.ps1","6587F30A902A1CBE4341EBC2B2C734C265AF313462361028D0CB03720AA53481","scripts/aoem/validate_fullmax_confidential_transfer_route.ps1","before Git object; local drafts preserved separately, no overwrite","restore_identical_tree_to_original_path","","False","PENDING_USER_REVIEW"
"scripts/aoem/validate_fullmax_host_package.ps1","100644","740cd22209c8e26903d9b7ca9a3b05d1b49e3391","pure_relocation","","legacy/supervm-20261002/scripts/aoem/validate_fullmax_host_package.ps1","740cd22209c8e26903d9b7ca9a3b05d1b49e3391","","740cd22209c8e26903d9b7ca9a3b05d1b49e3391","legacy/supervm-20261002/scripts/aoem/validate_fullmax_host_package.ps1","37368415C912844AA8B960A506FCEB88C8648BFC3E9EFD2A07C605411343B330","scripts/aoem/validate_fullmax_host_package.ps1","before Git object; local drafts preserved separately, no overwrite","restore_identical_tree_to_original_path","","False","PENDING_USER_REVIEW"
"scripts/aoem/validate_fullmax_node_runtime.ps1","100644","b28f46fd154bd33320bd303c1f347d25b968994c","pure_relocation","","legacy/supervm-20261002/scripts/aoem/validate_fullmax_node_runtime.ps1","b28f46fd154bd33320bd303c1f347d25b968994c","","b28f46fd154bd33320bd303c1f347d25b968994c","legacy/supervm-20261002/scripts/aoem/validate_fullmax_node_runtime.ps1","CAD0C361DB24BCF9DEDF61D1C8CE573100A331C832FB658772E4D75F60AD8801","scripts/aoem/validate_fullmax_node_runtime.ps1","before Git object; local drafts preserved separately, no overwrite","restore_identical_tree_to_original_path","","False","PENDING_USER_REVIEW"
"scripts/aoem/verify_aoem_binary.ps1","100644","35b2cf01f12fdd763ac7fc5a0989e2e2f1950cdd","pure_relocation","","legacy/supervm-20261002/scripts/aoem/verify_aoem_binary.ps1","35b2cf01f12fdd763ac7fc5a0989e2e2f1950cdd","","35b2cf01f12fdd763ac7fc5a0989e2e2f1950cdd","legacy/supervm-20261002/scripts/aoem/verify_aoem_binary.ps1","CD3FD51439E7EA1E69296A7839AF0CF03546B5D23DFFE9AE47A0646D9BAF6734","scripts/aoem/verify_aoem_binary.ps1","before Git object; local drafts preserved separately, no overwrite","restore_identical_tree_to_original_path","","False","PENDING_USER_REVIEW"
"scripts/audit_supervm_aoem_compute_native_adoption.py","100644","7292b6513c145755ae3dc9ee31a405954c7a1cf5","pure_relocation","","legacy/supervm-20261002/scripts/audit_supervm_aoem_compute_native_adoption.py","7292b6513c145755ae3dc9ee31a405954c7a1cf5","","7292b6513c145755ae3dc9ee31a405954c7a1cf5","legacy/supervm-20261002/scripts/audit_supervm_aoem_compute_native_adoption.py","5E82154175CCB6F1A87E9D29454962F3678705405CDF91DF2BDAD73D934375B8","scripts/audit_supervm_aoem_compute_native_adoption.py","before Git object; local drafts preserved separately, no overwrite","restore_identical_tree_to_original_path","","False","PENDING_USER_REVIEW"
"scripts/lib/overlay-gate-build.ps1","100644","177199350161011894d8f1322b6030c8a27c481b","pure_relocation","","legacy/supervm-20261002/scripts/lib/overlay-gate-build.ps1","177199350161011894d8f1322b6030c8a27c481b","","177199350161011894d8f1322b6030c8a27c481b","legacy/supervm-20261002/scripts/lib/overlay-gate-build.ps1","5E77A970E21610A44B09E5B695A68A03897C7AC8BEC3A0AEA8980A228988A4AD","scripts/lib/overlay-gate-build.ps1","before Git object; local drafts preserved separately, no overwrite","restore_identical_tree_to_original_path","","False","PENDING_USER_REVIEW"
"scripts/migration/assert_geth_upstream_compat_boundary.ps1","100644","f9020fc7fa13556e1eba126a2764d79bd5ff06bd","pure_relocation","","legacy/supervm-20261002/scripts/migration/assert_geth_upstream_compat_boundary.ps1","f9020fc7fa13556e1eba126a2764d79bd5ff06bd","","f9020fc7fa13556e1eba126a2764d79bd5ff06bd","legacy/supervm-20261002/scripts/migration/assert_geth_upstream_compat_boundary.ps1","E1BA6720B24865348E11F55E2BF4CE6C6C417E0276500DCF8AA8727ED80C138B","scripts/migration/assert_geth_upstream_compat_boundary.ps1","before Git object; local drafts preserved separately, no overwrite","restore_identical_tree_to_original_path","","False","PENDING_USER_REVIEW"
"scripts/migration/assert_no_strategy_surface_in_supervm.ps1","100644","ba2a9a3ea93acb97c6b63f7569fff18762ba87ab","pure_relocation","","legacy/supervm-20261002/scripts/migration/assert_no_strategy_surface_in_supervm.ps1","ba2a9a3ea93acb97c6b63f7569fff18762ba87ab","","ba2a9a3ea93acb97c6b63f7569fff18762ba87ab","legacy/supervm-20261002/scripts/migration/assert_no_strategy_surface_in_supervm.ps1","5856052C05B53E55EF045F6797A75D876AE1652AA91E640315223679CF07BF8F","scripts/migration/assert_no_strategy_surface_in_supervm.ps1","before Git object; local drafts preserved separately, no overwrite","restore_identical_tree_to_original_path","","False","PENDING_USER_REVIEW"
"scripts/migration/assert_non_active_history_surface_boundary.ps1","100644","27d9d6dc9054c1d79de1cb9d2e97c6577dbf8e81","pure_relocation","","legacy/supervm-20261002/scripts/migration/assert_non_active_history_surface_boundary.ps1","27d9d6dc9054c1d79de1cb9d2e97c6577dbf8e81","","27d9d6dc9054c1d79de1cb9d2e97c6577dbf8e81","legacy/supervm-20261002/scripts/migration/assert_non_active_history_surface_boundary.ps1","A5F776B9D01C4545B3BE2A2406DF0E8F5ECD1DD3777CC193C3E45D6ADF2EE163","scripts/migration/assert_non_active_history_surface_boundary.ps1","before Git object; local drafts preserved separately, no overwrite","restore_identical_tree_to_original_path","","False","PENDING_USER_REVIEW"
"scripts/migration/baselines/aoem-seal-core-2026-03-02.json","100644","359a88671ccb5ce28ccf566309bf257d35c51291","pure_relocation","","legacy/supervm-20261002/scripts/migration/baselines/aoem-seal-core-2026-03-02.json","359a88671ccb5ce28ccf566309bf257d35c51291","","359a88671ccb5ce28ccf566309bf257d35c51291","legacy/supervm-20261002/scripts/migration/baselines/aoem-seal-core-2026-03-02.json","1B2B8D274F890868C226DDDBC4ABCC7CF283E4E8C1E99BA56DB553E6DE574080","scripts/migration/baselines/aoem-seal-core-2026-03-02.json","before Git object; local drafts preserved separately, no overwrite","restore_identical_tree_to_original_path","","False","PENDING_USER_REVIEW"
"scripts/migration/baselines/aoem-seal-core-linux-2026-03-10.json","100644","edd4e851a9045476095e965a60d5a786f5457d9f","pure_relocation","","legacy/supervm-20261002/scripts/migration/baselines/aoem-seal-core-linux-2026-03-10.json","edd4e851a9045476095e965a60d5a786f5457d9f","","edd4e851a9045476095e965a60d5a786f5457d9f","legacy/supervm-20261002/scripts/migration/baselines/aoem-seal-core-linux-2026-03-10.json","4AE7BCF591FC18E9C4FD39ACCDE7429329B34E202D00D0E9502F67F321ED0028","scripts/migration/baselines/aoem-seal-core-linux-2026-03-10.json","before Git object; local drafts preserved separately, no overwrite","restore_identical_tree_to_original_path","","False","PENDING_USER_REVIEW"
"scripts/migration/baselines/gateway-eth-nonraw-array-params-regression-sample-v1.json","100644","0f5c76c79c5c552d97b6312c21b570319fcc62e0","pure_relocation","","legacy/supervm-20261002/scripts/migration/baselines/gateway-eth-nonraw-array-params-regression-sample-v1.json","0f5c76c79c5c552d97b6312c21b570319fcc62e0","","0f5c76c79c5c552d97b6312c21b570319fcc62e0","legacy/supervm-20261002/scripts/migration/baselines/gateway-eth-nonraw-array-params-regression-sample-v1.json","DA8CA6169553A8BE08F37E2775A645586A274D0564E5F6C8544C7509E7C70983","scripts/migration/baselines/gateway-eth-nonraw-array-params-regression-sample-v1.json","before Git object; local drafts preserved separately, no overwrite","restore_identical_tree_to_original_path","","False","PENDING_USER_REVIEW"
"scripts/migration/baselines/gateway-eth-nonraw-contract-call-regression-sample-v1.json","100644","692ebb7844259df83cf93e9e3231f4eff7474201","pure_relocation","","legacy/supervm-20261002/scripts/migration/baselines/gateway-eth-nonraw-contract-call-regression-sample-v1.json","692ebb7844259df83cf93e9e3231f4eff7474201","","692ebb7844259df83cf93e9e3231f4eff7474201","legacy/supervm-20261002/scripts/migration/baselines/gateway-eth-nonraw-contract-call-regression-sample-v1.json","F56A5DF88DBB876CE02448D48C4AC1EBC663E33C4DB01654144F50ADC1033661","scripts/migration/baselines/gateway-eth-nonraw-contract-call-regression-sample-v1.json","before Git object; local drafts preserved separately, no overwrite","restore_identical_tree_to_original_path","","False","PENDING_USER_REVIEW"
"scripts/migration/baselines/gateway-eth-nonraw-contract-deploy-regression-sample-v1.json","100644","6b2be8f282c7b74b96963e49ba0c774665070765","pure_relocation","","legacy/supervm-20261002/scripts/migration/baselines/gateway-eth-nonraw-contract-deploy-regression-sample-v1.json","6b2be8f282c7b74b96963e49ba0c774665070765","","6b2be8f282c7b74b96963e49ba0c774665070765","legacy/supervm-20261002/scripts/migration/baselines/gateway-eth-nonraw-contract-deploy-regression-sample-v1.json","A1A92B8115A1578EE3C54396769D9270F14A69F24DAF6E104923ED548F2642BC","scripts/migration/baselines/gateway-eth-nonraw-contract-deploy-regression-sample-v1.json","before Git object; local drafts preserved separately, no overwrite","restore_identical_tree_to_original_path","","False","PENDING_USER_REVIEW"
"scripts/migration/baselines/gateway-eth-nonraw-regression-sample-v1.json","100644","62c9b8888fb7e8cb75b479d2737cea39ee00bb33","pure_relocation","","legacy/supervm-20261002/scripts/migration/baselines/gateway-eth-nonraw-regression-sample-v1.json","62c9b8888fb7e8cb75b479d2737cea39ee00bb33","","62c9b8888fb7e8cb75b479d2737cea39ee00bb33","legacy/supervm-20261002/scripts/migration/baselines/gateway-eth-nonraw-regression-sample-v1.json","E6C8894B307CBE8859A9FA8008B714F57CEFCB93B59CF0F6E7C5AB07EF0DA8B2","scripts/migration/baselines/gateway-eth-nonraw-regression-sample-v1.json","before Git object; local drafts preserved separately, no overwrite","restore_identical_tree_to_original_path","","False","PENDING_USER_REVIEW"
"scripts/migration/baselines/gateway-eth-nonraw-tx-object-regression-sample-v1.json","100644","25fbe326ea2e1200728fd90ee55808f3ffb55307","pure_relocation","","legacy/supervm-20261002/scripts/migration/baselines/gateway-eth-nonraw-tx-object-regression-sample-v1.json","25fbe326ea2e1200728fd90ee55808f3ffb55307","","25fbe326ea2e1200728fd90ee55808f3ffb55307","legacy/supervm-20261002/scripts/migration/baselines/gateway-eth-nonraw-tx-object-regression-sample-v1.json","5B853593EDD350647CA79EE6D501D2A445A920B98EF830C1A7EDA0E1D4EA5EA1","scripts/migration/baselines/gateway-eth-nonraw-tx-object-regression-sample-v1.json","before Git object; local drafts preserved separately, no overwrite","restore_identical_tree_to_original_path","","False","PENDING_USER_REVIEW"
"scripts/migration/baselines/gateway-web30-nonraw-regression-sample-v1.json","100644","e8867482989e9c2d920e515fcbaaaddd1d4e395e","pure_relocation","","legacy/supervm-20261002/scripts/migration/baselines/gateway-web30-nonraw-regression-sample-v1.json","e8867482989e9c2d920e515fcbaaaddd1d4e395e","","e8867482989e9c2d920e515fcbaaaddd1d4e395e","legacy/supervm-20261002/scripts/migration/baselines/gateway-web30-nonraw-regression-sample-v1.json","E002B22E43F300ABD0D0E09DA8C3DDE006F0AE37ECC21D4DE6E2982FF4479851","scripts/migration/baselines/gateway-web30-nonraw-regression-sample-v1.json","before Git object; local drafts preserved separately, no overwrite","restore_identical_tree_to_original_path","","False","PENDING_USER_REVIEW"
"scripts/migration/build_third_party_audit_handoff_pack.ps1","100644","236a6111e2ae8a71bcdc8b5f8cf435c34964db3f","pure_relocation","","legacy/supervm-20261002/scripts/migration/build_third_party_audit_handoff_pack.ps1","236a6111e2ae8a71bcdc8b5f8cf435c34964db3f","","236a6111e2ae8a71bcdc8b5f8cf435c34964db3f","legacy/supervm-20261002/scripts/migration/build_third_party_audit_handoff_pack.ps1","B9F21225A7976056AC6F8FE36C5ADD4BC723FCBA3A9E2FC6C2BDDECE972A1F6D","scripts/migration/build_third_party_audit_handoff_pack.ps1","before Git object; local drafts preserved separately, no overwrite","restore_identical_tree_to_original_path","","False","PENDING_USER_REVIEW"
"scripts/migration/dump_capability_contract.ps1","100644","3ca958b793a6b8d90bea712c4fd62d4829c7362f","pure_relocation","","legacy/supervm-20261002/scripts/migration/dump_capability_contract.ps1","3ca958b793a6b8d90bea712c4fd62d4829c7362f","","3ca958b793a6b8d90bea712c4fd62d4829c7362f","legacy/supervm-20261002/scripts/migration/dump_capability_contract.ps1","A6BDCC753B821CE06719E72BFB12D651FE7D1F45C973D2C5414BFE9EDA07692D","scripts/migration/dump_capability_contract.ps1","before Git object; local drafts preserved separately, no overwrite","restore_identical_tree_to_original_path","","False","PENDING_USER_REVIEW"
"scripts/migration/export_cross_machine_diag_bundle.ps1","100644","ae585d77d1ebc5ec1250f429d2cd08aeac45e6f7","pure_relocation","","legacy/supervm-20261002/scripts/migration/export_cross_machine_diag_bundle.ps1","ae585d77d1ebc5ec1250f429d2cd08aeac45e6f7","","ae585d77d1ebc5ec1250f429d2cd08aeac45e6f7","legacy/supervm-20261002/scripts/migration/export_cross_machine_diag_bundle.ps1","1B4ECD501EE5BD1963BAF34D20B9BF9FF75607DD06B4D27349D44E0F63D8D576","scripts/migration/export_cross_machine_diag_bundle.ps1","before Git object; local drafts preserved separately, no overwrite","restore_identical_tree_to_original_path","","False","PENDING_USER_REVIEW"
"scripts/migration/export_evm_block_access_list_snapshot.ps1","100644","0bda5c83fe58807e729fa2dc19554a4796183bb7","pure_relocation","","legacy/supervm-20261002/scripts/migration/export_evm_block_access_list_snapshot.ps1","0bda5c83fe58807e729fa2dc19554a4796183bb7","","0bda5c83fe58807e729fa2dc19554a4796183bb7","legacy/supervm-20261002/scripts/migration/export_evm_block_access_list_snapshot.ps1","F95A9B770D1D47C55508AB510C703EF2A1398302AD33C2BDF171ACB664177408","scripts/migration/export_evm_block_access_list_snapshot.ps1","before Git object; local drafts preserved separately, no overwrite","restore_identical_tree_to_original_path","","False","PENDING_USER_REVIEW"
"scripts/migration/generate_capability_ledger_auto.ps1","100644","93540b84bc44a9b24816b8187dc7b95a043744b7","pure_relocation","","legacy/supervm-20261002/scripts/migration/generate_capability_ledger_auto.ps1","93540b84bc44a9b24816b8187dc7b95a043744b7","","93540b84bc44a9b24816b8187dc7b95a043744b7","legacy/supervm-20261002/scripts/migration/generate_capability_ledger_auto.ps1","2FCE286037C6F3C11F1062BABBD01568F9324F9F3C3986A2F0494C061DB8C2F6","scripts/migration/generate_capability_ledger_auto.ps1","before Git object; local drafts preserved separately, no overwrite","restore_identical_tree_to_original_path","","False","PENDING_USER_REVIEW"
"scripts/migration/import_svm2026_baseline.ps1","100644","2853a6d3bb29998ed91b9e95ea5e97ae8710de2b","pure_relocation","","legacy/supervm-20261002/scripts/migration/import_svm2026_baseline.ps1","2853a6d3bb29998ed91b9e95ea5e97ae8710de2b","","2853a6d3bb29998ed91b9e95ea5e97ae8710de2b","legacy/supervm-20261002/scripts/migration/import_svm2026_baseline.ps1","5972DDBFB0C53A90D5EADC585971823C10F2119D3BFB269F9CB89EFFD6E03425","scripts/migration/import_svm2026_baseline.ps1","before Git object; local drafts preserved separately, no overwrite","restore_identical_tree_to_original_path","","False","PENDING_USER_REVIEW"
"scripts/migration/ingest_third_party_audit_report.ps1","100644","dae3f4f34ae21adaed37a9f64e65b40628101d39","pure_relocation","","legacy/supervm-20261002/scripts/migration/ingest_third_party_audit_report.ps1","dae3f4f34ae21adaed37a9f64e65b40628101d39","","dae3f4f34ae21adaed37a9f64e65b40628101d39","legacy/supervm-20261002/scripts/migration/ingest_third_party_audit_report.ps1","641E7AF210A779EE4B58CF99CB4DD7E70EB1D82C7E6E025C94CAB0BCAF24B299","scripts/migration/ingest_third_party_audit_report.ps1","before Git object; local drafts preserved separately, no overwrite","restore_identical_tree_to_original_path","","False","PENDING_USER_REVIEW"
"scripts/migration/mldsa87-vote-signer/Cargo.lock","100644","f740ead9d3cc2a820a5f7b9dfab0397f15e7e2f1","pure_relocation","","legacy/supervm-20261002/scripts/migration/mldsa87-vote-signer/Cargo.lock","f740ead9d3cc2a820a5f7b9dfab0397f15e7e2f1","","f740ead9d3cc2a820a5f7b9dfab0397f15e7e2f1","legacy/supervm-20261002/scripts/migration/mldsa87-vote-signer/Cargo.lock","0FC2DE826FE8EDB674C427A6E1AD87A0AA495C0C4FF36E0780A56F6B861E62DC","scripts/migration/mldsa87-vote-signer/Cargo.lock","before Git object; local drafts preserved separately, no overwrite","restore_identical_tree_to_original_path","","False","PENDING_USER_REVIEW"
"scripts/migration/mldsa87-vote-signer/Cargo.toml","100644","cefc631260f6fa78c876940d05ee914f2467bbcc","pure_relocation","","legacy/supervm-20261002/scripts/migration/mldsa87-vote-signer/Cargo.toml","cefc631260f6fa78c876940d05ee914f2467bbcc","","cefc631260f6fa78c876940d05ee914f2467bbcc","legacy/supervm-20261002/scripts/migration/mldsa87-vote-signer/Cargo.toml","86E58D261A222DD1B343FCD735B6686B3DFB8D02BBD84E62B640048589FC5BD4","scripts/migration/mldsa87-vote-signer/Cargo.toml","before Git object; local drafts preserved separately, no overwrite","restore_identical_tree_to_original_path","","False","PENDING_USER_REVIEW"
"scripts/migration/mldsa87-vote-signer/src/main.rs","100644","c9158df12a5d8e4639fc019dc0178717c439ecd1","pure_relocation","","legacy/supervm-20261002/scripts/migration/mldsa87-vote-signer/src/main.rs","c9158df12a5d8e4639fc019dc0178717c439ecd1","","c9158df12a5d8e4639fc019dc0178717c439ecd1","legacy/supervm-20261002/scripts/migration/mldsa87-vote-signer/src/main.rs","63B50A3D514F17A387E3E3A69B24F0B3D21442D45CC2E2E5A6465EA6A11FF4C7","scripts/migration/mldsa87-vote-signer/src/main.rs","before Git object; local drafts preserved separately, no overwrite","restore_identical_tree_to_original_path","","False","PENDING_USER_REVIEW"
"scripts/migration/promote_ga_closure_report.ps1","100644","9f04404b6fa799a0084228e519ac99fd771614c2","pure_relocation","","legacy/supervm-20261002/scripts/migration/promote_ga_closure_report.ps1","9f04404b6fa799a0084228e519ac99fd771614c2","","9f04404b6fa799a0084228e519ac99fd771614c2","legacy/supervm-20261002/scripts/migration/promote_ga_closure_report.ps1","588FA6CE496EFC61389E0E1C15E8EDD348DA738654DEC699B6194324190F788E","scripts/migration/promote_ga_closure_report.ps1","before Git object; local drafts preserved separately, no overwrite","restore_identical_tree_to_original_path","","False","PENDING_USER_REVIEW"
"scripts/migration/README.md","100644","cbfa2d9e35773382339a8e26080f8c1c3dd69169","pure_relocation","","legacy/supervm-20261002/scripts/migration/README.md","cbfa2d9e35773382339a8e26080f8c1c3dd69169","","cbfa2d9e35773382339a8e26080f8c1c3dd69169","legacy/supervm-20261002/scripts/migration/README.md","7D519D7331550125FCC86F12CFC8F105562C8270057286C0262B5C6EA5FD7FD8","scripts/migration/README.md","before Git object; local drafts preserved separately, no overwrite","restore_identical_tree_to_original_path","","False","PENDING_USER_REVIEW"
"scripts/migration/resolve_eth_dns_enodes.py","100644","7de48f8c326ff28709701102df43b50c6035aa68","pure_relocation","","legacy/supervm-20261002/scripts/migration/resolve_eth_dns_enodes.py","7de48f8c326ff28709701102df43b50c6035aa68","","7de48f8c326ff28709701102df43b50c6035aa68","legacy/supervm-20261002/scripts/migration/resolve_eth_dns_enodes.py","5B3E054F43940133FCFA3BBE939EA80E658DE01D2C2D656C0D4E7AA4E0DD07AC","scripts/migration/resolve_eth_dns_enodes.py","before Git object; local drafts preserved separately, no overwrite","restore_identical_tree_to_original_path","","False","PENDING_USER_REVIEW"
"scripts/migration/run_adapter_stability_gate.ps1","100644","96159da24649091aa609f2ec38b9457ff2c69ae4","pure_relocation","","legacy/supervm-20261002/scripts/migration/run_adapter_stability_gate.ps1","96159da24649091aa609f2ec38b9457ff2c69ae4","","96159da24649091aa609f2ec38b9457ff2c69ae4","legacy/supervm-20261002/scripts/migration/run_adapter_stability_gate.ps1","4283D608B28B888DED21BAF1656F36ECD8F7DEA1F8537A62FCC87651CA1B53E9","scripts/migration/run_adapter_stability_gate.ps1","before Git object; local drafts preserved separately, no overwrite","restore_identical_tree_to_original_path","","False","PENDING_USER_REVIEW"
"scripts/migration/run_aoem_ffi_privacy_batch_smoke.ps1","100644","1c351c5a6219ab76abd73d62906f52297d1249bb","pure_relocation","","legacy/supervm-20261002/scripts/migration/run_aoem_ffi_privacy_batch_smoke.ps1","1c351c5a6219ab76abd73d62906f52297d1249bb","","1c351c5a6219ab76abd73d62906f52297d1249bb","legacy/supervm-20261002/scripts/migration/run_aoem_ffi_privacy_batch_smoke.ps1","FDE37A833929E362226FDD97385FE79D6D5B80ED5F3DDE667A655A7F51D792C5","scripts/migration/run_aoem_ffi_privacy_batch_smoke.ps1","before Git object; local drafts preserved separately, no overwrite","restore_identical_tree_to_original_path","","False","PENDING_USER_REVIEW"
"scripts/migration/run_aoem_tps_core_sidecar_report.ps1","100644","033d106283eef86f6cc2d858ff35609fe3c309aa","pure_relocation","","legacy/supervm-20261002/scripts/migration/run_aoem_tps_core_sidecar_report.ps1","033d106283eef86f6cc2d858ff35609fe3c309aa","","033d106283eef86f6cc2d858ff35609fe3c309aa","legacy/supervm-20261002/scripts/migration/run_aoem_tps_core_sidecar_report.ps1","904F43DB96F19900569411A1F34906AB80EF0E51A2257643CE96AF3A720CBEFF","scripts/migration/run_aoem_tps_core_sidecar_report.ps1","before Git object; local drafts preserved separately, no overwrite","restore_identical_tree_to_original_path","","False","PENDING_USER_REVIEW"
"scripts/migration/run_cargo_test_nonzero.ps1","100644","1e5d06bff41e3670e9f1e180cddfa211ae4bc0c0","pure_relocation","","legacy/supervm-20261002/scripts/migration/run_cargo_test_nonzero.ps1","1e5d06bff41e3670e9f1e180cddfa211ae4bc0c0","","1e5d06bff41e3670e9f1e180cddfa211ae4bc0c0","legacy/supervm-20261002/scripts/migration/run_cargo_test_nonzero.ps1","5478B9894E9FA617CCD4CADC4EDBEBEB8B03BAA8C28EE9B93DF72B37D980EB83","scripts/migration/run_cargo_test_nonzero.ps1","before Git object; local drafts preserved separately, no overwrite","restore_identical_tree_to_original_path","","False","PENDING_USER_REVIEW"
"scripts/migration/run_chain_query_rpc_gate.ps1","100644","6ad642723752b1f6842c966da1efc174d9487e79","pure_relocation","","legacy/supervm-20261002/scripts/migration/run_chain_query_rpc_gate.ps1","6ad642723752b1f6842c966da1efc174d9487e79","","6ad642723752b1f6842c966da1efc174d9487e79","legacy/supervm-20261002/scripts/migration/run_chain_query_rpc_gate.ps1","A876285834E213FE1FB70F4E91BB6BF3F02FCCC5EC29FEA56562B2FEE5BA819C","scripts/migration/run_chain_query_rpc_gate.ps1","before Git object; local drafts preserved separately, no overwrite","restore_identical_tree_to_original_path","","False","PENDING_USER_REVIEW"
"scripts/migration/run_consensus_cluster_stress.ps1","100644","a8de0d82f0318614ef0ba2eb164837095a3a81a8","pure_relocation","","legacy/supervm-20261002/scripts/migration/run_consensus_cluster_stress.ps1","a8de0d82f0318614ef0ba2eb164837095a3a81a8","","a8de0d82f0318614ef0ba2eb164837095a3a81a8","legacy/supervm-20261002/scripts/migration/run_consensus_cluster_stress.ps1","F21D3E31159593CCD38173D2643F2BAC00BFDE0DD6691E9AA6CDBE1B117ABDD8","scripts/migration/run_consensus_cluster_stress.ps1","before Git object; local drafts preserved separately, no overwrite","restore_identical_tree_to_original_path","","False","PENDING_USER_REVIEW"
"scripts/migration/run_consensus_network_e2e_tps.ps1","100644","2f5c994070fbf33c18c89043d10bccff7caa5f56","pure_relocation","","legacy/supervm-20261002/scripts/migration/run_consensus_network_e2e_tps.ps1","2f5c994070fbf33c18c89043d10bccff7caa5f56","","2f5c994070fbf33c18c89043d10bccff7caa5f56","legacy/supervm-20261002/scripts/migration/run_consensus_network_e2e_tps.ps1","6DC264994E6C66797655DE573243EA4298EF11F82BAAE7F6730D16E6FD1AD783","scripts/migration/run_consensus_network_e2e_tps.ps1","before Git object; local drafts preserved separately, no overwrite","restore_identical_tree_to_original_path","","False","PENDING_USER_REVIEW"
"scripts/migration/run_dividend_balance_source_gate.ps1","100644","6f995256f69c9b44727cf70357797aa0a85bb90f","pure_relocation","","legacy/supervm-20261002/scripts/migration/run_dividend_balance_source_gate.ps1","6f995256f69c9b44727cf70357797aa0a85bb90f","","6f995256f69c9b44727cf70357797aa0a85bb90f","legacy/supervm-20261002/scripts/migration/run_dividend_balance_source_gate.ps1","90AD3576F33B6DDC247BD7DC043C75A8810C56D86214144157569DD763B1DAD3","scripts/migration/run_dividend_balance_source_gate.ps1","before Git object; local drafts preserved separately, no overwrite","restore_identical_tree_to_original_path","","False","PENDING_USER_REVIEW"
"scripts/migration/run_economic_infra_dedicated_gate.ps1","100644","a7ee47c44da0d1f258d68fd27b0a86f5f98f309e","pure_relocation","","legacy/supervm-20261002/scripts/migration/run_economic_infra_dedicated_gate.ps1","a7ee47c44da0d1f258d68fd27b0a86f5f98f309e","","a7ee47c44da0d1f258d68fd27b0a86f5f98f309e","legacy/supervm-20261002/scripts/migration/run_economic_infra_dedicated_gate.ps1","94FFD37EDC4F5C9FDBD2CAE8C900540AC4E5150C7AFB1FCF3423B6E9B68CA100","scripts/migration/run_economic_infra_dedicated_gate.ps1","before Git object; local drafts preserved separately, no overwrite","restore_identical_tree_to_original_path","","False","PENDING_USER_REVIEW"
"scripts/migration/run_economic_service_surface_gate.ps1","100644","5095ba5ccf38ea7a8eeb95ef794274557bb42370","pure_relocation","","legacy/supervm-20261002/scripts/migration/run_economic_service_surface_gate.ps1","5095ba5ccf38ea7a8eeb95ef794274557bb42370","","5095ba5ccf38ea7a8eeb95ef794274557bb42370","legacy/supervm-20261002/scripts/migration/run_economic_service_surface_gate.ps1","CC284C17C27A0AE3E75F326ED502B8CFC45977B3231AD269038F6487799457AF","scripts/migration/run_economic_service_surface_gate.ps1","before Git object; local drafts preserved separately, no overwrite","restore_identical_tree_to_original_path","","False","PENDING_USER_REVIEW"
"scripts/migration/run_evm_backend_compare_signal.ps1","100644","6b14875df5206a23d872b43c5c252aef5556356f","pure_relocation","","legacy/supervm-20261002/scripts/migration/run_evm_backend_compare_signal.ps1","6b14875df5206a23d872b43c5c252aef5556356f","","6b14875df5206a23d872b43c5c252aef5556356f","legacy/supervm-20261002/scripts/migration/run_evm_backend_compare_signal.ps1","1501D3CE74651DAF29FC60DB101CEC0CA6200C4DE0E252F3BAA7FA641A45EAC5","scripts/migration/run_evm_backend_compare_signal.ps1","before Git object; local drafts preserved separately, no overwrite","restore_identical_tree_to_original_path","","False","PENDING_USER_REVIEW"
"scripts/migration/run_evm_chain_profile_signal.ps1","100644","bd2090f70461ce96f6c5b24b342e59c68ff4d9ba","pure_relocation","","legacy/supervm-20261002/scripts/migration/run_evm_chain_profile_signal.ps1","bd2090f70461ce96f6c5b24b342e59c68ff4d9ba","","bd2090f70461ce96f6c5b24b342e59c68ff4d9ba","legacy/supervm-20261002/scripts/migration/run_evm_chain_profile_signal.ps1","DFC5C676AED9304BE2A0C488CEFDC3D98E5C57F3C2DCB0195E0FABD8F263E1CE","scripts/migration/run_evm_chain_profile_signal.ps1","before Git object; local drafts preserved separately, no overwrite","restore_identical_tree_to_original_path","","False","PENDING_USER_REVIEW"
"scripts/migration/run_evm_eth_plugin_session_canary.ps1","100644","6b7854b0c03b5d61e39d7a4efdbc75e972bc752d","pure_relocation","","legacy/supervm-20261002/scripts/migration/run_evm_eth_plugin_session_canary.ps1","6b7854b0c03b5d61e39d7a4efdbc75e972bc752d","","6b7854b0c03b5d61e39d7a4efdbc75e972bc752d","legacy/supervm-20261002/scripts/migration/run_evm_eth_plugin_session_canary.ps1","F0EB7C17388BDE83BEFFC647AC702400BC2F14F5B4358D36B55B2D76CFED676C","scripts/migration/run_evm_eth_plugin_session_canary.ps1","before Git object; local drafts preserved separately, no overwrite","restore_identical_tree_to_original_path","","False","PENDING_USER_REVIEW"
"scripts/migration/run_evm_geth_plugin_peer_bridge.ps1","100644","0c8ac85ce3fb77114a3ba775e7ac28bb41322f1c","pure_relocation","","legacy/supervm-20261002/scripts/migration/run_evm_geth_plugin_peer_bridge.ps1","0c8ac85ce3fb77114a3ba775e7ac28bb41322f1c","","0c8ac85ce3fb77114a3ba775e7ac28bb41322f1c","legacy/supervm-20261002/scripts/migration/run_evm_geth_plugin_peer_bridge.ps1","56120B91E6ABAE912CE9E3E48DA06079827A0A69808ABABA72515E190ABD8826","scripts/migration/run_evm_geth_plugin_peer_bridge.ps1","before Git object; local drafts preserved separately, no overwrite","restore_identical_tree_to_original_path","","False","PENDING_USER_REVIEW"
"scripts/migration/run_evm_geth_upstream_impact_scan.ps1","100644","35214d87e1c164263cb6ac6638f183d60018eef5","pure_relocation","","legacy/supervm-20261002/scripts/migration/run_evm_geth_upstream_impact_scan.ps1","35214d87e1c164263cb6ac6638f183d60018eef5","","35214d87e1c164263cb6ac6638f183d60018eef5","legacy/supervm-20261002/scripts/migration/run_evm_geth_upstream_impact_scan.ps1","6E1535FE776B0427B5197AAB13F557A3E0968A4AC03D4F86D6674D3834DFA414","scripts/migration/run_evm_geth_upstream_impact_scan.ps1","before Git object; local drafts preserved separately, no overwrite","restore_identical_tree_to_original_path","","False","PENDING_USER_REVIEW"
"scripts/migration/run_evm_mainnet_connectivity_canary.ps1","100644","dcf86513bccb1c2b911417a17354ee62e7aae0ac","pure_relocation","","legacy/supervm-20261002/scripts/migration/run_evm_mainnet_connectivity_canary.ps1","dcf86513bccb1c2b911417a17354ee62e7aae0ac","","dcf86513bccb1c2b911417a17354ee62e7aae0ac","legacy/supervm-20261002/scripts/migration/run_evm_mainnet_connectivity_canary.ps1","9DE7E0ABCE0A4A2638D69067341414514DDCEBCE21C1CDA12D35A43ADEE9915C","scripts/migration/run_evm_mainnet_connectivity_canary.ps1","before Git object; local drafts preserved separately, no overwrite","restore_identical_tree_to_original_path","","False","PENDING_USER_REVIEW"
"scripts/migration/run_evm_mainnet_funded_write_canary.ps1","100644","f13b4dc06e185e9be95750f3264b3e3a3e6386db","pure_relocation","","legacy/supervm-20261002/scripts/migration/run_evm_mainnet_funded_write_canary.ps1","f13b4dc06e185e9be95750f3264b3e3a3e6386db","","f13b4dc06e185e9be95750f3264b3e3a3e6386db","legacy/supervm-20261002/scripts/migration/run_evm_mainnet_funded_write_canary.ps1","EB5D4092D817BF9E369B8F27339874AA05B8C9277A4215F169B9D4A50D304B2B","scripts/migration/run_evm_mainnet_funded_write_canary.ps1","before Git object; local drafts preserved separately, no overwrite","restore_identical_tree_to_original_path","","False","PENDING_USER_REVIEW"
"scripts/migration/run_evm_mainnet_read_attach.ps1","100644","6e48dae6b8f14ccfb5fd1e65e46c27f84befef4c","pure_relocation","","legacy/supervm-20261002/scripts/migration/run_evm_mainnet_read_attach.ps1","6e48dae6b8f14ccfb5fd1e65e46c27f84befef4c","","6e48dae6b8f14ccfb5fd1e65e46c27f84befef4c","legacy/supervm-20261002/scripts/migration/run_evm_mainnet_read_attach.ps1","BEFB796A001149EE460A7B46093A607E05239290D93992AF1EC92C9095422F04","scripts/migration/run_evm_mainnet_read_attach.ps1","before Git object; local drafts preserved separately, no overwrite","restore_identical_tree_to_original_path","","False","PENDING_USER_REVIEW"
"scripts/migration/run_evm_mainnet_write_canary.ps1","100644","6627664185881d27bc06adc09fa18b2a5087444f","pure_relocation","","legacy/supervm-20261002/scripts/migration/run_evm_mainnet_write_canary.ps1","6627664185881d27bc06adc09fa18b2a5087444f","","6627664185881d27bc06adc09fa18b2a5087444f","legacy/supervm-20261002/scripts/migration/run_evm_mainnet_write_canary.ps1","500E6E05DBA8E87F8B3650B5DD27233329DBC943E80ECFFD14C4BA6A422AD921","scripts/migration/run_evm_mainnet_write_canary.ps1","before Git object; local drafts preserved separately, no overwrite","restore_identical_tree_to_original_path","","False","PENDING_USER_REVIEW"
"scripts/migration/run_evm_rlpx_layered_canary.ps1","100644","0da8da0e1c30fac8122462fd521b6fbcf8b224ac","pure_relocation","","legacy/supervm-20261002/scripts/migration/run_evm_rlpx_layered_canary.ps1","0da8da0e1c30fac8122462fd521b6fbcf8b224ac","","0da8da0e1c30fac8122462fd521b6fbcf8b224ac","legacy/supervm-20261002/scripts/migration/run_evm_rlpx_layered_canary.ps1","EEABC9AEF31C6140C89476317F811E2B055BAA08B474C53ADB1102FA6A3AD8F8","scripts/migration/run_evm_rlpx_layered_canary.ps1","before Git object; local drafts preserved separately, no overwrite","restore_identical_tree_to_original_path","","False","PENDING_USER_REVIEW"
"scripts/migration/run_evm_tx_type_signal.ps1","100644","7d5bad08a2c924df2e9e4f69c98035543c45b641","pure_relocation","","legacy/supervm-20261002/scripts/migration/run_evm_tx_type_signal.ps1","7d5bad08a2c924df2e9e4f69c98035543c45b641","","7d5bad08a2c924df2e9e4f69c98035543c45b641","legacy/supervm-20261002/scripts/migration/run_evm_tx_type_signal.ps1","9804B373C2C7724DD28F22F590C15D23E51AC3D7FDD756B80380A0A28732F479","scripts/migration/run_evm_tx_type_signal.ps1","before Git object; local drafts preserved separately, no overwrite","restore_identical_tree_to_original_path","","False","PENDING_USER_REVIEW"
"scripts/migration/run_fast_state_sync_gate.ps1","100644","6ad642723752b1f6842c966da1efc174d9487e79","pure_relocation","","legacy/supervm-20261002/scripts/migration/run_fast_state_sync_gate.ps1","6ad642723752b1f6842c966da1efc174d9487e79","","6ad642723752b1f6842c966da1efc174d9487e79","legacy/supervm-20261002/scripts/migration/run_fast_state_sync_gate.ps1","A876285834E213FE1FB70F4E91BB6BF3F02FCCC5EC29FEA56562B2FEE5BA819C","scripts/migration/run_fast_state_sync_gate.ps1","before Git object; local drafts preserved separately, no overwrite","restore_identical_tree_to_original_path","","False","PENDING_USER_REVIEW"
"scripts/migration/run_ffi_v2_tx_wire_ingress_smoke.ps1","100644","4f8d19a74d84c2c1db131022d666e8ae36a2fcff","pure_relocation","","legacy/supervm-20261002/scripts/migration/run_ffi_v2_tx_wire_ingress_smoke.ps1","4f8d19a74d84c2c1db131022d666e8ae36a2fcff","","4f8d19a74d84c2c1db131022d666e8ae36a2fcff","legacy/supervm-20261002/scripts/migration/run_ffi_v2_tx_wire_ingress_smoke.ps1","C6260A7A3A355AC29D1F73B38841562A9C68064478B77ADB916D921C6FC70147","scripts/migration/run_ffi_v2_tx_wire_ingress_smoke.ps1","before Git object; local drafts preserved separately, no overwrite","restore_identical_tree_to_original_path","","False","PENDING_USER_REVIEW"
"scripts/migration/run_foreign_rate_source_gate.ps1","100644","cf49df826d17017dfaf96a9d9f5abf8c9df5f51b","pure_relocation","","legacy/supervm-20261002/scripts/migration/run_foreign_rate_source_gate.ps1","cf49df826d17017dfaf96a9d9f5abf8c9df5f51b","","cf49df826d17017dfaf96a9d9f5abf8c9df5f51b","legacy/supervm-20261002/scripts/migration/run_foreign_rate_source_gate.ps1","0BA428213D167F2424D5DC42B3B21996B59DA788A9C9E475264862BDA769CCE7","scripts/migration/run_foreign_rate_source_gate.ps1","before Git object; local drafts preserved separately, no overwrite","restore_identical_tree_to_original_path","","False","PENDING_USER_REVIEW"
"scripts/migration/run_functional_consistency.ps1","100644","425ba09f309b635369289423c6cfbc2a857213a1","pure_relocation","","legacy/supervm-20261002/scripts/migration/run_functional_consistency.ps1","425ba09f309b635369289423c6cfbc2a857213a1","","425ba09f309b635369289423c6cfbc2a857213a1","legacy/supervm-20261002/scripts/migration/run_functional_consistency.ps1","B7FD4747469874B511BAC70EA9E11ABF0D297997DA7B3C37F4F98E2526443413","scripts/migration/run_functional_consistency.ps1","before Git object; local drafts preserved separately, no overwrite","restore_identical_tree_to_original_path","","False","PENDING_USER_REVIEW"
"scripts/migration/run_funds_path_safety_gate.ps1","100644","9f679345ecb2464153352dc8900a19b3a2bc4117","pure_relocation","","legacy/supervm-20261002/scripts/migration/run_funds_path_safety_gate.ps1","9f679345ecb2464153352dc8900a19b3a2bc4117","","9f679345ecb2464153352dc8900a19b3a2bc4117","legacy/supervm-20261002/scripts/migration/run_funds_path_safety_gate.ps1","CA822CAC3897F4754EC36304D207BB432DB502EB91A736B1FC9DCAE28F8DE4F0","scripts/migration/run_funds_path_safety_gate.ps1","before Git object; local drafts preserved separately, no overwrite","restore_identical_tree_to_original_path","","False","PENDING_USER_REVIEW"
"scripts/migration/run_fuzz_min_gate.ps1","100644","62e4dab5026f46a57408889f5531413b5d0f8b6c","pure_relocation","","legacy/supervm-20261002/scripts/migration/run_fuzz_min_gate.ps1","62e4dab5026f46a57408889f5531413b5d0f8b6c","","62e4dab5026f46a57408889f5531413b5d0f8b6c","legacy/supervm-20261002/scripts/migration/run_fuzz_min_gate.ps1","3D4B3523CF39C7481865BDFB086BB548BCF3895FBD4AF3C6D882E657C07FB9C0","scripts/migration/run_fuzz_min_gate.ps1","before Git object; local drafts preserved separately, no overwrite","restore_identical_tree_to_original_path","","False","PENDING_USER_REVIEW"
"scripts/migration/run_gateway_node_pipeline.ps1","100644","35970db0f67139698ea9f08d60a0417c9d547aa6","pure_relocation","","legacy/supervm-20261002/scripts/migration/run_gateway_node_pipeline.ps1","35970db0f67139698ea9f08d60a0417c9d547aa6","","35970db0f67139698ea9f08d60a0417c9d547aa6","legacy/supervm-20261002/scripts/migration/run_gateway_node_pipeline.ps1","62135083EC3898965AF80ACB1F361498704DE9AF2C2BFC690859FCDC74C47BDC","scripts/migration/run_gateway_node_pipeline.ps1","before Git object; local drafts preserved separately, no overwrite","restore_identical_tree_to_original_path","","False","PENDING_USER_REVIEW"
"scripts/migration/run_gateway_node_smoke.ps1","100644","27a88843f71d983340f07fcf9865f380009a0322","pure_relocation","","legacy/supervm-20261002/scripts/migration/run_gateway_node_smoke.ps1","27a88843f71d983340f07fcf9865f380009a0322","","27a88843f71d983340f07fcf9865f380009a0322","legacy/supervm-20261002/scripts/migration/run_gateway_node_smoke.ps1","59C9175DA7BBB8AE3DD29D0190DEDB3AE794C513AB16016BBFF69E9593962836","scripts/migration/run_gateway_node_smoke.ps1","before Git object; local drafts preserved separately, no overwrite","restore_identical_tree_to_original_path","","False","PENDING_USER_REVIEW"
"scripts/migration/run_governance_access_policy_gate.ps1","100644","d909baa9ce1a1e5557ce244c6a04bef776984641","pure_relocation","","legacy/supervm-20261002/scripts/migration/run_governance_access_policy_gate.ps1","d909baa9ce1a1e5557ce244c6a04bef776984641","","d909baa9ce1a1e5557ce244c6a04bef776984641","legacy/supervm-20261002/scripts/migration/run_governance_access_policy_gate.ps1","B3A515FF8114919A88C67A8F27AF164CDD91877A43123C31A67F6F0D6A0C3ADE","scripts/migration/run_governance_access_policy_gate.ps1","before Git object; local drafts preserved separately, no overwrite","restore_identical_tree_to_original_path","","False","PENDING_USER_REVIEW"
"scripts/migration/run_governance_council_policy_gate.ps1","100644","7fb60d3f384cddf7c7f28707c32f93a94e614c62","pure_relocation","","legacy/supervm-20261002/scripts/migration/run_governance_council_policy_gate.ps1","7fb60d3f384cddf7c7f28707c32f93a94e614c62","","7fb60d3f384cddf7c7f28707c32f93a94e614c62","legacy/supervm-20261002/scripts/migration/run_governance_council_policy_gate.ps1","98CBB656648B42BDAA6BA4E0B6E0B01FB275EE5835ACCD96D2E61D51B37FF3D0","scripts/migration/run_governance_council_policy_gate.ps1","before Git object; local drafts preserved separately, no overwrite","restore_identical_tree_to_original_path","","False","PENDING_USER_REVIEW"
"scripts/migration/run_governance_execution_gate.ps1","100644","6ad642723752b1f6842c966da1efc174d9487e79","pure_relocation","","legacy/supervm-20261002/scripts/migration/run_governance_execution_gate.ps1","6ad642723752b1f6842c966da1efc174d9487e79","","6ad642723752b1f6842c966da1efc174d9487e79","legacy/supervm-20261002/scripts/migration/run_governance_execution_gate.ps1","A876285834E213FE1FB70F4E91BB6BF3F02FCCC5EC29FEA56562B2FEE5BA819C","scripts/migration/run_governance_execution_gate.ps1","before Git object; local drafts preserved separately, no overwrite","restore_identical_tree_to_original_path","","False","PENDING_USER_REVIEW"
"scripts/migration/run_governance_hook_gate.ps1","100644","6ad642723752b1f6842c966da1efc174d9487e79","pure_relocation","","legacy/supervm-20261002/scripts/migration/run_governance_hook_gate.ps1","6ad642723752b1f6842c966da1efc174d9487e79","","6ad642723752b1f6842c966da1efc174d9487e79","legacy/supervm-20261002/scripts/migration/run_governance_hook_gate.ps1","A876285834E213FE1FB70F4E91BB6BF3F02FCCC5EC29FEA56562B2FEE5BA819C","scripts/migration/run_governance_hook_gate.ps1","before Git object; local drafts preserved separately, no overwrite","restore_identical_tree_to_original_path","","False","PENDING_USER_REVIEW"
"scripts/migration/run_governance_market_policy_gate.ps1","100644","c16cd29ae473eed9f449fb6217998bd067990155","pure_relocation","","legacy/supervm-20261002/scripts/migration/run_governance_market_policy_gate.ps1","c16cd29ae473eed9f449fb6217998bd067990155","","c16cd29ae473eed9f449fb6217998bd067990155","legacy/supervm-20261002/scripts/migration/run_governance_market_policy_gate.ps1","444727629FF1413ACA90C48708461D6C0A9B16210F21134BF1410A5AC43A5EC7","scripts/migration/run_governance_market_policy_gate.ps1","before Git object; local drafts preserved separately, no overwrite","restore_identical_tree_to_original_path","","False","PENDING_USER_REVIEW"
"scripts/migration/run_governance_mldsa_verify_batch_perf.ps1","100644","3c69f9232096b6a2094468669b37da184551650d","pure_relocation","","legacy/supervm-20261002/scripts/migration/run_governance_mldsa_verify_batch_perf.ps1","3c69f9232096b6a2094468669b37da184551650d","","3c69f9232096b6a2094468669b37da184551650d","legacy/supervm-20261002/scripts/migration/run_governance_mldsa_verify_batch_perf.ps1","20853325B52F1A1121CE3D31A4909C35798046C61DAFF28D9B444BAEF23528B9","scripts/migration/run_governance_mldsa_verify_batch_perf.ps1","before Git object; local drafts preserved separately, no overwrite","restore_identical_tree_to_original_path","","False","PENDING_USER_REVIEW"
"scripts/migration/run_governance_negative_gate.ps1","100644","6ad642723752b1f6842c966da1efc174d9487e79","pure_relocation","","legacy/supervm-20261002/scripts/migration/run_governance_negative_gate.ps1","6ad642723752b1f6842c966da1efc174d9487e79","","6ad642723752b1f6842c966da1efc174d9487e79","legacy/supervm-20261002/scripts/migration/run_governance_negative_gate.ps1","A876285834E213FE1FB70F4E91BB6BF3F02FCCC5EC29FEA56562B2FEE5BA819C","scripts/migration/run_governance_negative_gate.ps1","before Git object; local drafts preserved separately, no overwrite","restore_identical_tree_to_original_path","","False","PENDING_USER_REVIEW"
"scripts/migration/run_governance_param2_gate.ps1","100644","6ad642723752b1f6842c966da1efc174d9487e79","pure_relocation","","legacy/supervm-20261002/scripts/migration/run_governance_param2_gate.ps1","6ad642723752b1f6842c966da1efc174d9487e79","","6ad642723752b1f6842c966da1efc174d9487e79","legacy/supervm-20261002/scripts/migration/run_governance_param2_gate.ps1","A876285834E213FE1FB70F4E91BB6BF3F02FCCC5EC29FEA56562B2FEE5BA819C","scripts/migration/run_governance_param2_gate.ps1","before Git object; local drafts preserved separately, no overwrite","restore_identical_tree_to_original_path","","False","PENDING_USER_REVIEW"
"scripts/migration/run_governance_param3_gate.ps1","100644","6ad642723752b1f6842c966da1efc174d9487e79","pure_relocation","","legacy/supervm-20261002/scripts/migration/run_governance_param3_gate.ps1","6ad642723752b1f6842c966da1efc174d9487e79","","6ad642723752b1f6842c966da1efc174d9487e79","legacy/supervm-20261002/scripts/migration/run_governance_param3_gate.ps1","A876285834E213FE1FB70F4E91BB6BF3F02FCCC5EC29FEA56562B2FEE5BA819C","scripts/migration/run_governance_param3_gate.ps1","before Git object; local drafts preserved separately, no overwrite","restore_identical_tree_to_original_path","","False","PENDING_USER_REVIEW"
"scripts/migration/run_governance_rpc_gate.ps1","100644","42f2740250a2381ec139725caeaa441f03676cb9","pure_relocation","","legacy/supervm-20261002/scripts/migration/run_governance_rpc_gate.ps1","42f2740250a2381ec139725caeaa441f03676cb9","","42f2740250a2381ec139725caeaa441f03676cb9","legacy/supervm-20261002/scripts/migration/run_governance_rpc_gate.ps1","1692B865E0AA2B5C8593E767E6BFD834434BDBD4E437C3ED44009031FB4F596F","scripts/migration/run_governance_rpc_gate.ps1","before Git object; local drafts preserved separately, no overwrite","restore_identical_tree_to_original_path","","False","PENDING_USER_REVIEW"
"scripts/migration/run_governance_rpc_mldsa_ffi_gate.ps1","100644","6ad642723752b1f6842c966da1efc174d9487e79","pure_relocation","","legacy/supervm-20261002/scripts/migration/run_governance_rpc_mldsa_ffi_gate.ps1","6ad642723752b1f6842c966da1efc174d9487e79","","6ad642723752b1f6842c966da1efc174d9487e79","legacy/supervm-20261002/scripts/migration/run_governance_rpc_mldsa_ffi_gate.ps1","A876285834E213FE1FB70F4E91BB6BF3F02FCCC5EC29FEA56562B2FEE5BA819C","scripts/migration/run_governance_rpc_mldsa_ffi_gate.ps1","before Git object; local drafts preserved separately, no overwrite","restore_identical_tree_to_original_path","","False","PENDING_USER_REVIEW"
"scripts/migration/run_governance_token_economics_gate.ps1","100644","0a0cde3b46de7ffb7935ce275f3767d405f976cd","pure_relocation","","legacy/supervm-20261002/scripts/migration/run_governance_token_economics_gate.ps1","0a0cde3b46de7ffb7935ce275f3767d405f976cd","","0a0cde3b46de7ffb7935ce275f3767d405f976cd","legacy/supervm-20261002/scripts/migration/run_governance_token_economics_gate.ps1","81259FB62F4F963B528F158E330F7D02645EBFD573BCB92A8A409F3F08C0E0B7","scripts/migration/run_governance_token_economics_gate.ps1","before Git object; local drafts preserved separately, no overwrite","restore_identical_tree_to_original_path","","False","PENDING_USER_REVIEW"
"scripts/migration/run_governance_treasury_spend_gate.ps1","100644","58b1fad77ac70373f20efbf72d01b57721a5bfb8","pure_relocation","","legacy/supervm-20261002/scripts/migration/run_governance_treasury_spend_gate.ps1","58b1fad77ac70373f20efbf72d01b57721a5bfb8","","58b1fad77ac70373f20efbf72d01b57721a5bfb8","legacy/supervm-20261002/scripts/migration/run_governance_treasury_spend_gate.ps1","37E822B8D1D6D7B3C71FB979114A84C71ADF9A32AAB008E008B3A80D5D7BAF4E","scripts/migration/run_governance_treasury_spend_gate.ps1","before Git object; local drafts preserved separately, no overwrite","restore_identical_tree_to_original_path","","False","PENDING_USER_REVIEW"
"scripts/migration/run_header_sync_gate.ps1","100644","6ad642723752b1f6842c966da1efc174d9487e79","pure_relocation","","legacy/supervm-20261002/scripts/migration/run_header_sync_gate.ps1","6ad642723752b1f6842c966da1efc174d9487e79","","6ad642723752b1f6842c966da1efc174d9487e79","legacy/supervm-20261002/scripts/migration/run_header_sync_gate.ps1","A876285834E213FE1FB70F4E91BB6BF3F02FCCC5EC29FEA56562B2FEE5BA819C","scripts/migration/run_header_sync_gate.ps1","before Git object; local drafts preserved separately, no overwrite","restore_identical_tree_to_original_path","","False","PENDING_USER_REVIEW"
"scripts/migration/run_market_engine_treasury_negative_gate.ps1","100644","88d18664955641dcee3040b1285f052b38c22ef9","pure_relocation","","legacy/supervm-20261002/scripts/migration/run_market_engine_treasury_negative_gate.ps1","88d18664955641dcee3040b1285f052b38c22ef9","","88d18664955641dcee3040b1285f052b38c22ef9","legacy/supervm-20261002/scripts/migration/run_market_engine_treasury_negative_gate.ps1","3C7A3C73947B190EC47EAD72E0E1B08BCD053AD6925998D9C7B19AC9486C7E05","scripts/migration/run_market_engine_treasury_negative_gate.ps1","before Git object; local drafts preserved separately, no overwrite","restore_identical_tree_to_original_path","","False","PENDING_USER_REVIEW"
"scripts/migration/run_migration_acceptance_gate.ps1","100644","376c438dde49ca689ea03e8a179ce5ebfaa7abab","pure_relocation","","legacy/supervm-20261002/scripts/migration/run_migration_acceptance_gate.ps1","376c438dde49ca689ea03e8a179ce5ebfaa7abab","","376c438dde49ca689ea03e8a179ce5ebfaa7abab","legacy/supervm-20261002/scripts/migration/run_migration_acceptance_gate.ps1","55230C343246128404AE983CB159B85A79F0A4F1A7DE4343FD8E40FB12B5A74D","scripts/migration/run_migration_acceptance_gate.ps1","before Git object; local drafts preserved separately, no overwrite","restore_identical_tree_to_original_path","","False","PENDING_USER_REVIEW"
"scripts/migration/run_nav_valuation_source_gate.ps1","100644","52bfb85f8342ae05de316e092e04446fe6b027a9","pure_relocation","","legacy/supervm-20261002/scripts/migration/run_nav_valuation_source_gate.ps1","52bfb85f8342ae05de316e092e04446fe6b027a9","","52bfb85f8342ae05de316e092e04446fe6b027a9","legacy/supervm-20261002/scripts/migration/run_nav_valuation_source_gate.ps1","F5DDB49FDBDCFCE4231DAD21B104A57A46FD58858C90414D24F3788D8AD86C83","scripts/migration/run_nav_valuation_source_gate.ps1","before Git object; local drafts preserved separately, no overwrite","restore_identical_tree_to_original_path","","False","PENDING_USER_REVIEW"
"scripts/migration/run_network_dos_gate.ps1","100644","6ad642723752b1f6842c966da1efc174d9487e79","pure_relocation","","legacy/supervm-20261002/scripts/migration/run_network_dos_gate.ps1","6ad642723752b1f6842c966da1efc174d9487e79","","6ad642723752b1f6842c966da1efc174d9487e79","legacy/supervm-20261002/scripts/migration/run_network_dos_gate.ps1","A876285834E213FE1FB70F4E91BB6BF3F02FCCC5EC29FEA56562B2FEE5BA819C","scripts/migration/run_network_dos_gate.ps1","before Git object; local drafts preserved separately, no overwrite","restore_identical_tree_to_original_path","","False","PENDING_USER_REVIEW"
"scripts/migration/run_network_two_process.ps1","100644","6ad642723752b1f6842c966da1efc174d9487e79","pure_relocation","","legacy/supervm-20261002/scripts/migration/run_network_two_process.ps1","6ad642723752b1f6842c966da1efc174d9487e79","","6ad642723752b1f6842c966da1efc174d9487e79","legacy/supervm-20261002/scripts/migration/run_network_two_process.ps1","A876285834E213FE1FB70F4E91BB6BF3F02FCCC5EC29FEA56562B2FEE5BA819C","scripts/migration/run_network_two_process.ps1","before Git object; local drafts preserved separately, no overwrite","restore_identical_tree_to_original_path","","False","PENDING_USER_REVIEW"
"scripts/migration/run_ops_control_surface_gate.ps1","100644","eff9c984b09be74a632f4a21c70cc65f24c6aa78","pure_relocation","","legacy/supervm-20261002/scripts/migration/run_ops_control_surface_gate.ps1","eff9c984b09be74a632f4a21c70cc65f24c6aa78","","eff9c984b09be74a632f4a21c70cc65f24c6aa78","legacy/supervm-20261002/scripts/migration/run_ops_control_surface_gate.ps1","95B9020083962C45E838E9EFAAFD7F60BE57665585D219F3BFBCC15F3F7140F5","scripts/migration/run_ops_control_surface_gate.ps1","before Git object; local drafts preserved separately, no overwrite","restore_identical_tree_to_original_path","","False","PENDING_USER_REVIEW"
"scripts/migration/run_overlap_router_signal.ps1","100644","1b8725ae2ac5de40472c0340f94a80f0c133bcb4","pure_relocation","","legacy/supervm-20261002/scripts/migration/run_overlap_router_signal.ps1","1b8725ae2ac5de40472c0340f94a80f0c133bcb4","","1b8725ae2ac5de40472c0340f94a80f0c133bcb4","legacy/supervm-20261002/scripts/migration/run_overlap_router_signal.ps1","D6468A474B33D41266821D82360D3CAD812BCF5CD2686CF09FFEC05E33F6B3A5","scripts/migration/run_overlap_router_signal.ps1","before Git object; local drafts preserved separately, no overwrite","restore_identical_tree_to_original_path","","False","PENDING_USER_REVIEW"
"scripts/migration/run_pacemaker_failover_gate.ps1","100644","6ad642723752b1f6842c966da1efc174d9487e79","pure_relocation","","legacy/supervm-20261002/scripts/migration/run_pacemaker_failover_gate.ps1","6ad642723752b1f6842c966da1efc174d9487e79","","6ad642723752b1f6842c966da1efc174d9487e79","legacy/supervm-20261002/scripts/migration/run_pacemaker_failover_gate.ps1","A876285834E213FE1FB70F4E91BB6BF3F02FCCC5EC29FEA56562B2FEE5BA819C","scripts/migration/run_pacemaker_failover_gate.ps1","before Git object; local drafts preserved separately, no overwrite","restore_identical_tree_to_original_path","","False","PENDING_USER_REVIEW"
"scripts/migration/run_performance_compare.ps1","100644","c2551ee853e72138752ede582221c7e9e24f321a","pure_relocation","","legacy/supervm-20261002/scripts/migration/run_performance_compare.ps1","c2551ee853e72138752ede582221c7e9e24f321a","","c2551ee853e72138752ede582221c7e9e24f321a","legacy/supervm-20261002/scripts/migration/run_performance_compare.ps1","E6481D5622D10D48617BC8A073A454D7C0C1AC720090B47B67A645750E9CF00A","scripts/migration/run_performance_compare.ps1","before Git object; local drafts preserved separately, no overwrite","restore_identical_tree_to_original_path","","False","PENDING_USER_REVIEW"
"scripts/migration/run_performance_gate_seal_single.ps1","100644","04526a31ecaf32fd81470910e2fe35fc477e8d2e","pure_relocation","","legacy/supervm-20261002/scripts/migration/run_performance_gate_seal_single.ps1","04526a31ecaf32fd81470910e2fe35fc477e8d2e","","04526a31ecaf32fd81470910e2fe35fc477e8d2e","legacy/supervm-20261002/scripts/migration/run_performance_gate_seal_single.ps1","DDE54E6BD75FF0A553FCE53C5F24C86C3F7BF84EBDA5F9EC32DFDBF6F730D09C","scripts/migration/run_performance_gate_seal_single.ps1","before Git object; local drafts preserved separately, no overwrite","restore_identical_tree_to_original_path","","False","PENDING_USER_REVIEW"
"scripts/migration/run_prod_node_e2e_tps.ps1","100644","5deb840ced90642d608c0b77d6fc76d078e99488","pure_relocation","","legacy/supervm-20261002/scripts/migration/run_prod_node_e2e_tps.ps1","5deb840ced90642d608c0b77d6fc76d078e99488","","5deb840ced90642d608c0b77d6fc76d078e99488","legacy/supervm-20261002/scripts/migration/run_prod_node_e2e_tps.ps1","ADBE559E9581E49671F70B01AA2686C29FE60184DC91A62E0B6BB05330B63FEB","scripts/migration/run_prod_node_e2e_tps.ps1","before Git object; local drafts preserved separately, no overwrite","restore_identical_tree_to_original_path","","False","PENDING_USER_REVIEW"
"scripts/migration/run_prod_node_steady_tps.ps1","100644","f35624392875c0979ed212aeee7a5c9d516604a6","pure_relocation","","legacy/supervm-20261002/scripts/migration/run_prod_node_steady_tps.ps1","f35624392875c0979ed212aeee7a5c9d516604a6","","f35624392875c0979ed212aeee7a5c9d516604a6","legacy/supervm-20261002/scripts/migration/run_prod_node_steady_tps.ps1","F06ECB79D5C33A7928C9034D678E61C1B86AEE9DB1ED8928CF84A925A4A96B83","scripts/migration/run_prod_node_steady_tps.ps1","before Git object; local drafts preserved separately, no overwrite","restore_identical_tree_to_original_path","","False","PENDING_USER_REVIEW"
"scripts/migration/run_release_candidate.ps1","100644","d74b1228ed064785d7ec0aee68124288e42c9982","pure_relocation","","legacy/supervm-20261002/scripts/migration/run_release_candidate.ps1","d74b1228ed064785d7ec0aee68124288e42c9982","","d74b1228ed064785d7ec0aee68124288e42c9982","legacy/supervm-20261002/scripts/migration/run_release_candidate.ps1","EA34F100F5B35187E3FBD2440D1CEB920BF02CA5DC228728CCDC38E1FDDE2F80","scripts/migration/run_release_candidate.ps1","before Git object; local drafts preserved separately, no overwrite","restore_identical_tree_to_original_path","","False","PENDING_USER_REVIEW"
"scripts/migration/run_release_snapshot.ps1","100644","f03f1cd4f339654bfc74dad6ba418ba06d4159d0","pure_relocation","","legacy/supervm-20261002/scripts/migration/run_release_snapshot.ps1","f03f1cd4f339654bfc74dad6ba418ba06d4159d0","","f03f1cd4f339654bfc74dad6ba418ba06d4159d0","legacy/supervm-20261002/scripts/migration/run_release_snapshot.ps1","835E9C0F3B60923A9B045CBC6B45D6C5A9778D3EFE1F1664E90B553AC0AD8F29","scripts/migration/run_release_snapshot.ps1","before Git object; local drafts preserved separately, no overwrite","restore_identical_tree_to_original_path","","False","PENDING_USER_REVIEW"
"scripts/migration/run_rpc_exposure_gate.ps1","100644","6ad642723752b1f6842c966da1efc174d9487e79","pure_relocation","","legacy/supervm-20261002/scripts/migration/run_rpc_exposure_gate.ps1","6ad642723752b1f6842c966da1efc174d9487e79","","6ad642723752b1f6842c966da1efc174d9487e79","legacy/supervm-20261002/scripts/migration/run_rpc_exposure_gate.ps1","A876285834E213FE1FB70F4E91BB6BF3F02FCCC5EC29FEA56562B2FEE5BA819C","scripts/migration/run_rpc_exposure_gate.ps1","before Git object; local drafts preserved separately, no overwrite","restore_identical_tree_to_original_path","","False","PENDING_USER_REVIEW"
"scripts/migration/run_runtime_security_baseline_gate.ps1","100644","a998528289f3f7763c331c5b8bcfb0e1a292be97","pure_relocation","","legacy/supervm-20261002/scripts/migration/run_runtime_security_baseline_gate.ps1","a998528289f3f7763c331c5b8bcfb0e1a292be97","","a998528289f3f7763c331c5b8bcfb0e1a292be97","legacy/supervm-20261002/scripts/migration/run_runtime_security_baseline_gate.ps1","D95C6EBBD71CAD7D849565AE3553AE02E3E428BC31C5F3516214AFF669685525","scripts/migration/run_runtime_security_baseline_gate.ps1","before Git object; local drafts preserved separately, no overwrite","restore_identical_tree_to_original_path","","False","PENDING_USER_REVIEW"
"scripts/migration/run_slash_governance_gate.ps1","100644","6ad642723752b1f6842c966da1efc174d9487e79","pure_relocation","","legacy/supervm-20261002/scripts/migration/run_slash_governance_gate.ps1","6ad642723752b1f6842c966da1efc174d9487e79","","6ad642723752b1f6842c966da1efc174d9487e79","legacy/supervm-20261002/scripts/migration/run_slash_governance_gate.ps1","A876285834E213FE1FB70F4E91BB6BF3F02FCCC5EC29FEA56562B2FEE5BA819C","scripts/migration/run_slash_governance_gate.ps1","before Git object; local drafts preserved separately, no overwrite","restore_identical_tree_to_original_path","","False","PENDING_USER_REVIEW"
"scripts/migration/run_slash_policy_external_gate.ps1","100644","6ad642723752b1f6842c966da1efc174d9487e79","pure_relocation","","legacy/supervm-20261002/scripts/migration/run_slash_policy_external_gate.ps1","6ad642723752b1f6842c966da1efc174d9487e79","","6ad642723752b1f6842c966da1efc174d9487e79","legacy/supervm-20261002/scripts/migration/run_slash_policy_external_gate.ps1","A876285834E213FE1FB70F4E91BB6BF3F02FCCC5EC29FEA56562B2FEE5BA819C","scripts/migration/run_slash_policy_external_gate.ps1","before Git object; local drafts preserved separately, no overwrite","restore_identical_tree_to_original_path","","False","PENDING_USER_REVIEW"
"scripts/migration/run_stability_window_gate.ps1","100644","7037a0d723d1df31b72b018359ed35be22f02e8c","pure_relocation","","legacy/supervm-20261002/scripts/migration/run_stability_window_gate.ps1","7037a0d723d1df31b72b018359ed35be22f02e8c","","7037a0d723d1df31b72b018359ed35be22f02e8c","legacy/supervm-20261002/scripts/migration/run_stability_window_gate.ps1","445ED350B4403FAD05BCB04F3BF17A9835DD1E280029B05BCFBC60C2C4161532","scripts/migration/run_stability_window_gate.ps1","before Git object; local drafts preserved separately, no overwrite","restore_identical_tree_to_original_path","","False","PENDING_USER_REVIEW"
"scripts/migration/run_testnet_bootstrap_gate.ps1","100644","d9ce295262f5b5750a7043bbdffc425684c868d5","pure_relocation","","legacy/supervm-20261002/scripts/migration/run_testnet_bootstrap_gate.ps1","d9ce295262f5b5750a7043bbdffc425684c868d5","","d9ce295262f5b5750a7043bbdffc425684c868d5","legacy/supervm-20261002/scripts/migration/run_testnet_bootstrap_gate.ps1","95C8C6DF16CB47A015A26E8500BEB7F75ED8E218E43B80449DE3BF2611B978C2","scripts/migration/run_testnet_bootstrap_gate.ps1","before Git object; local drafts preserved separately, no overwrite","restore_identical_tree_to_original_path","","False","PENDING_USER_REVIEW"
"scripts/migration/run_tx_e2e_tps_core_sidecar_report.ps1","100644","a424bb0a0d8d4a808169f8da9d4b578ab32164fd","pure_relocation","","legacy/supervm-20261002/scripts/migration/run_tx_e2e_tps_core_sidecar_report.ps1","a424bb0a0d8d4a808169f8da9d4b578ab32164fd","","a424bb0a0d8d4a808169f8da9d4b578ab32164fd","legacy/supervm-20261002/scripts/migration/run_tx_e2e_tps_core_sidecar_report.ps1","99C6AB8947E2A87648DD93FDEEF4370AAD781DF9F5A817FC3014881600F0FC2B","scripts/migration/run_tx_e2e_tps_core_sidecar_report.ps1","before Git object; local drafts preserved separately, no overwrite","restore_identical_tree_to_original_path","","False","PENDING_USER_REVIEW"
"scripts/migration/run_unified_account_gate.ps1","100644","ffbc3336b2fd1233f9bcdaf1026f90f6f4441be2","pure_relocation","","legacy/supervm-20261002/scripts/migration/run_unified_account_gate.ps1","ffbc3336b2fd1233f9bcdaf1026f90f6f4441be2","","ffbc3336b2fd1233f9bcdaf1026f90f6f4441be2","legacy/supervm-20261002/scripts/migration/run_unified_account_gate.ps1","EEDA8F0A41AB7CB1698292B6B31E4514E760101991BAA8F4242F58E606951E90","scripts/migration/run_unified_account_gate.ps1","before Git object; local drafts preserved separately, no overwrite","restore_identical_tree_to_original_path","","False","PENDING_USER_REVIEW"
"scripts/migration/run_unjail_cooldown_gate.ps1","100644","6ad642723752b1f6842c966da1efc174d9487e79","pure_relocation","","legacy/supervm-20261002/scripts/migration/run_unjail_cooldown_gate.ps1","6ad642723752b1f6842c966da1efc174d9487e79","","6ad642723752b1f6842c966da1efc174d9487e79","legacy/supervm-20261002/scripts/migration/run_unjail_cooldown_gate.ps1","A876285834E213FE1FB70F4E91BB6BF3F02FCCC5EC29FEA56562B2FEE5BA819C","scripts/migration/run_unjail_cooldown_gate.ps1","before Git object; local drafts preserved separately, no overwrite","restore_identical_tree_to_original_path","","False","PENDING_USER_REVIEW"
"scripts/migration/run_vm_runtime_split_gate.ps1","100644","6ad642723752b1f6842c966da1efc174d9487e79","pure_relocation","","legacy/supervm-20261002/scripts/migration/run_vm_runtime_split_gate.ps1","6ad642723752b1f6842c966da1efc174d9487e79","","6ad642723752b1f6842c966da1efc174d9487e79","legacy/supervm-20261002/scripts/migration/run_vm_runtime_split_gate.ps1","A876285834E213FE1FB70F4E91BB6BF3F02FCCC5EC29FEA56562B2FEE5BA819C","scripts/migration/run_vm_runtime_split_gate.ps1","before Git object; local drafts preserved separately, no overwrite","restore_identical_tree_to_original_path","","False","PENDING_USER_REVIEW"
"scripts/migration/run_web30_core_parity_gate.ps1","100644","6ad642723752b1f6842c966da1efc174d9487e79","pure_relocation","","legacy/supervm-20261002/scripts/migration/run_web30_core_parity_gate.ps1","6ad642723752b1f6842c966da1efc174d9487e79","","6ad642723752b1f6842c966da1efc174d9487e79","legacy/supervm-20261002/scripts/migration/run_web30_core_parity_gate.ps1","A876285834E213FE1FB70F4E91BB6BF3F02FCCC5EC29FEA56562B2FEE5BA819C","scripts/migration/run_web30_core_parity_gate.ps1","before Git object; local drafts preserved separately, no overwrite","restore_identical_tree_to_original_path","","False","PENDING_USER_REVIEW"
"scripts/migration/run_week4_automation_healthcheck.ps1","100644","ec39288c660d3bbd0b7865e44e7d795dd66b405b","pure_relocation","","legacy/supervm-20261002/scripts/migration/run_week4_automation_healthcheck.ps1","ec39288c660d3bbd0b7865e44e7d795dd66b405b","","ec39288c660d3bbd0b7865e44e7d795dd66b405b","legacy/supervm-20261002/scripts/migration/run_week4_automation_healthcheck.ps1","D5585A00B1F9AD8EAA004D343F4E87A7A6FC4F26B9FE263A283C6532A8D27359","scripts/migration/run_week4_automation_healthcheck.ps1","before Git object; local drafts preserved separately, no overwrite","restore_identical_tree_to_original_path","","False","PENDING_USER_REVIEW"
"scripts/migration/run_week4_blocker_status.ps1","100644","1369ef35b24d03e440425fb38c17e137e169b938","pure_relocation","","legacy/supervm-20261002/scripts/migration/run_week4_blocker_status.ps1","1369ef35b24d03e440425fb38c17e137e169b938","","1369ef35b24d03e440425fb38c17e137e169b938","legacy/supervm-20261002/scripts/migration/run_week4_blocker_status.ps1","3D9DD032EA47ED20B83805F285205415B13565E79AC4B5267E43AB67CB07E46E","scripts/migration/run_week4_blocker_status.ps1","before Git object; local drafts preserved separately, no overwrite","restore_identical_tree_to_original_path","","False","PENDING_USER_REVIEW"
"scripts/migration/run_week4_closeout_smoke.ps1","100644","1949b46830ff615a58d7b176e08ae3b9616ac6ff","pure_relocation","","legacy/supervm-20261002/scripts/migration/run_week4_closeout_smoke.ps1","1949b46830ff615a58d7b176e08ae3b9616ac6ff","","1949b46830ff615a58d7b176e08ae3b9616ac6ff","legacy/supervm-20261002/scripts/migration/run_week4_closeout_smoke.ps1","D1D59B7D2643B032032F721E0F1B040B1FC7E91D6A51ECF6579C655CCAD2DBA1","scripts/migration/run_week4_closeout_smoke.ps1","before Git object; local drafts preserved separately, no overwrite","restore_identical_tree_to_original_path","","False","PENDING_USER_REVIEW"
"scripts/migration/run_week4_closeout.ps1","100644","9991ba0b25160f71654a80c309c5b86a08501fc8","pure_relocation","","legacy/supervm-20261002/scripts/migration/run_week4_closeout.ps1","9991ba0b25160f71654a80c309c5b86a08501fc8","","9991ba0b25160f71654a80c309c5b86a08501fc8","legacy/supervm-20261002/scripts/migration/run_week4_closeout.ps1","F384BAB20071E2E362DA98967BB2DF1FF813CC46CAB94E2C557134943D0C5774","scripts/migration/run_week4_closeout.ps1","before Git object; local drafts preserved separately, no overwrite","restore_identical_tree_to_original_path","","False","PENDING_USER_REVIEW"
"scripts/migration/run_week4_release_readiness_gate.ps1","100644","350b150c62f3a8c041ee8e111a6b946237c848f3","pure_relocation","","legacy/supervm-20261002/scripts/migration/run_week4_release_readiness_gate.ps1","350b150c62f3a8c041ee8e111a6b946237c848f3","","350b150c62f3a8c041ee8e111a6b946237c848f3","legacy/supervm-20261002/scripts/migration/run_week4_release_readiness_gate.ps1","3625EEE2FCFD4F72C0BB632DD3D8E8A73E0DAB1EAB133FCD2192FEB6615C0C81","scripts/migration/run_week4_release_readiness_gate.ps1","before Git object; local drafts preserved separately, no overwrite","restore_identical_tree_to_original_path","","False","PENDING_USER_REVIEW"
"scripts/migration/run_week4_watchdog.ps1","100644","cce4da2fb103e251a898ef8d00b7ecfed443fa8f","pure_relocation","","legacy/supervm-20261002/scripts/migration/run_week4_watchdog.ps1","cce4da2fb103e251a898ef8d00b7ecfed443fa8f","","cce4da2fb103e251a898ef8d00b7ecfed443fa8f","legacy/supervm-20261002/scripts/migration/run_week4_watchdog.ps1","45DE9FB3CFA0456095F9F659E7B5E4711C66FA711776ED0CC7C7B44D62355B08","scripts/migration/run_week4_watchdog.ps1","before Git object; local drafts preserved separately, no overwrite","restore_identical_tree_to_original_path","","False","PENDING_USER_REVIEW"
"scripts/migration/set_branch_protection_required_checks.ps1","100644","e2f95c0de386c0ced9dafd3004d07009ef2e7823","pure_relocation","","legacy/supervm-20261002/scripts/migration/set_branch_protection_required_checks.ps1","e2f95c0de386c0ced9dafd3004d07009ef2e7823","","e2f95c0de386c0ced9dafd3004d07009ef2e7823","legacy/supervm-20261002/scripts/migration/set_branch_protection_required_checks.ps1","AEF01795EE773699D4A4DAFB19DE219F3F24BF8F556C6820BA9A11283D5BC241","scripts/migration/set_branch_protection_required_checks.ps1","before Git object; local drafts preserved separately, no overwrite","restore_identical_tree_to_original_path","","False","PENDING_USER_REVIEW"
"scripts/migration/sync_aoem_sidecar_plugins.ps1","100644","3e6fc7250f348674290c27d0011bd0788445c834","pure_relocation","","legacy/supervm-20261002/scripts/migration/sync_aoem_sidecar_plugins.ps1","3e6fc7250f348674290c27d0011bd0788445c834","","3e6fc7250f348674290c27d0011bd0788445c834","legacy/supervm-20261002/scripts/migration/sync_aoem_sidecar_plugins.ps1","04579A0E8D6383C64A9AE0011AACE5EDC8C1ED0915575B1D162CB133945D004B","scripts/migration/sync_aoem_sidecar_plugins.ps1","before Git object; local drafts preserved separately, no overwrite","restore_identical_tree_to_original_path","","False","PENDING_USER_REVIEW"
"scripts/migration/sync_web30_core_from_svm2026.ps1","100644","727dd512d1adbec8213cf3bbf18d5a12b50885ef","pure_relocation","","legacy/supervm-20261002/scripts/migration/sync_web30_core_from_svm2026.ps1","727dd512d1adbec8213cf3bbf18d5a12b50885ef","","727dd512d1adbec8213cf3bbf18d5a12b50885ef","legacy/supervm-20261002/scripts/migration/sync_web30_core_from_svm2026.ps1","4179C778205EB72416C8E4685015EE732FF369CF86CAE809F6F7921D8361B307","scripts/migration/sync_web30_core_from_svm2026.ps1","before Git object; local drafts preserved separately, no overwrite","restore_identical_tree_to_original_path","","False","PENDING_USER_REVIEW"
"scripts/novovm-adaptive-overlay-cross-machine-smoke.ps1","100644","1129759012746e8cdf09809451ba731cc85ebd8e","pure_relocation","","legacy/supervm-20261002/scripts/novovm-adaptive-overlay-cross-machine-smoke.ps1","1129759012746e8cdf09809451ba731cc85ebd8e","","1129759012746e8cdf09809451ba731cc85ebd8e","legacy/supervm-20261002/scripts/novovm-adaptive-overlay-cross-machine-smoke.ps1","C9A56B1CABCC49A8673A633E77DC5E635FA1B3DD903C04B7C7A3CF12602AF04A","scripts/novovm-adaptive-overlay-cross-machine-smoke.ps1","before Git object; local drafts preserved separately, no overwrite","restore_identical_tree_to_original_path","","False","PENDING_USER_REVIEW"
"scripts/novovm-adaptive-overlay-node-process-matrix.ps1","100644","f575d5c081ae83936906c6a5f7f51393e8609aef","pure_relocation","","legacy/supervm-20261002/scripts/novovm-adaptive-overlay-node-process-matrix.ps1","f575d5c081ae83936906c6a5f7f51393e8609aef","","f575d5c081ae83936906c6a5f7f51393e8609aef","legacy/supervm-20261002/scripts/novovm-adaptive-overlay-node-process-matrix.ps1","3A9B327D05B1F8147F29944332F59973021449E4EE85A36D268BBB2E2C1E0011","scripts/novovm-adaptive-overlay-node-process-matrix.ps1","before Git object; local drafts preserved separately, no overwrite","restore_identical_tree_to_original_path","","False","PENDING_USER_REVIEW"
"scripts/novovm-evm-block-access-list.ps1","100644","39b63d2902cf8f4f357f09157c46ee79dafc213f","pure_relocation","","legacy/supervm-20261002/scripts/novovm-evm-block-access-list.ps1","39b63d2902cf8f4f357f09157c46ee79dafc213f","","39b63d2902cf8f4f357f09157c46ee79dafc213f","legacy/supervm-20261002/scripts/novovm-evm-block-access-list.ps1","D6A83E0D972A57D1E17A3BC1A2459C5B96BA0E7C7FA46FF0597E2F90B67CF676","scripts/novovm-evm-block-access-list.ps1","before Git object; local drafts preserved separately, no overwrite","restore_identical_tree_to_original_path","","False","PENDING_USER_REVIEW"
"scripts/novovm-generate-role-matrix.ps1","100644","4400de39d8f08e9b0151a2d8f925560831dbeef3","pure_relocation","","legacy/supervm-20261002/scripts/novovm-generate-role-matrix.ps1","4400de39d8f08e9b0151a2d8f925560831dbeef3","","4400de39d8f08e9b0151a2d8f925560831dbeef3","legacy/supervm-20261002/scripts/novovm-generate-role-matrix.ps1","A14D918EEB935FA41FB8C3402EE53E94FD62A551CD100BB2408D48612D393AAF","scripts/novovm-generate-role-matrix.ps1","before Git object; local drafts preserved separately, no overwrite","restore_identical_tree_to_original_path","","False","PENDING_USER_REVIEW"
"scripts/novovm-headless-public-relay-package.ps1","100644","5911611ca008cac9dd54e80370cf6301180f5260","pure_relocation","","legacy/supervm-20261002/scripts/novovm-headless-public-relay-package.ps1","5911611ca008cac9dd54e80370cf6301180f5260","","5911611ca008cac9dd54e80370cf6301180f5260","legacy/supervm-20261002/scripts/novovm-headless-public-relay-package.ps1","5D23120F67436D9B48E3E8AA21BE5FE51D7A973886F2325BA834F3F77A0743F3","scripts/novovm-headless-public-relay-package.ps1","before Git object; local drafts preserved separately, no overwrite","restore_identical_tree_to_original_path","","False","PENDING_USER_REVIEW"
"scripts/novovm-l1l4-auto-payout.ps1","100644","9ec774ee3a4d1c6593bd2723088d5b992c976ac0","pure_relocation","","legacy/supervm-20261002/scripts/novovm-l1l4-auto-payout.ps1","9ec774ee3a4d1c6593bd2723088d5b992c976ac0","","9ec774ee3a4d1c6593bd2723088d5b992c976ac0","legacy/supervm-20261002/scripts/novovm-l1l4-auto-payout.ps1","7EF53EA72EC1ED4237E61F6AC9034F6D1B60A18499EBFE395044ACF4259A0BB2","scripts/novovm-l1l4-auto-payout.ps1","before Git object; local drafts preserved separately, no overwrite","restore_identical_tree_to_original_path","","False","PENDING_USER_REVIEW"
"scripts/novovm-l1l4-external-confirm.ps1","100644","26347a80d6c8f3b7fc417e2ee04e9c2a6e9d8940","pure_relocation","","legacy/supervm-20261002/scripts/novovm-l1l4-external-confirm.ps1","26347a80d6c8f3b7fc417e2ee04e9c2a6e9d8940","","26347a80d6c8f3b7fc417e2ee04e9c2a6e9d8940","legacy/supervm-20261002/scripts/novovm-l1l4-external-confirm.ps1","B298753298E173BE08430C390B96B4DF669F9939642347CCE5FD807359E2ADF3","scripts/novovm-l1l4-external-confirm.ps1","before Git object; local drafts preserved separately, no overwrite","restore_identical_tree_to_original_path","","False","PENDING_USER_REVIEW"
"scripts/novovm-l1l4-payout-execute.ps1","100644","46e9e4328c8d50cba128c5cd4f685c4f4e68149e","pure_relocation","","legacy/supervm-20261002/scripts/novovm-l1l4-payout-execute.ps1","46e9e4328c8d50cba128c5cd4f685c4f4e68149e","","46e9e4328c8d50cba128c5cd4f685c4f4e68149e","legacy/supervm-20261002/scripts/novovm-l1l4-payout-execute.ps1","79339135092670853DB48D281F90C965E3EC9190B981840EB2CF896ACCB8BAC0","scripts/novovm-l1l4-payout-execute.ps1","before Git object; local drafts preserved separately, no overwrite","restore_identical_tree_to_original_path","","False","PENDING_USER_REVIEW"
"scripts/novovm-l1l4-real-broadcast.ps1","100644","f10756a1205bd7b0a7605c209923246d9ce593f9","pure_relocation","","legacy/supervm-20261002/scripts/novovm-l1l4-real-broadcast.ps1","f10756a1205bd7b0a7605c209923246d9ce593f9","","f10756a1205bd7b0a7605c209923246d9ce593f9","legacy/supervm-20261002/scripts/novovm-l1l4-real-broadcast.ps1","99F486A2994C4AC79390ECECEA360943CA7BB41406A373779AEF03F428F8276E","scripts/novovm-l1l4-real-broadcast.ps1","before Git object; local drafts preserved separately, no overwrite","restore_identical_tree_to_original_path","","False","PENDING_USER_REVIEW"
"scripts/novovm-l1l4-reconcile-daemon.ps1","100644","61abc46f96a57926a1b1d09be1f8eb3cf8094b39","pure_relocation","","legacy/supervm-20261002/scripts/novovm-l1l4-reconcile-daemon.ps1","61abc46f96a57926a1b1d09be1f8eb3cf8094b39","","61abc46f96a57926a1b1d09be1f8eb3cf8094b39","legacy/supervm-20261002/scripts/novovm-l1l4-reconcile-daemon.ps1","FF06CBCAE2394A8167A383C0DA2AB75B9BEB54EAA6761E0E7CE4AE679C5281E9","scripts/novovm-l1l4-reconcile-daemon.ps1","before Git object; local drafts preserved separately, no overwrite","restore_identical_tree_to_original_path","","False","PENDING_USER_REVIEW"
"scripts/novovm-l1l4-reconcile.ps1","100644","744e5fa99ca20625b4969daaf67b7429f70fb37a","pure_relocation","","legacy/supervm-20261002/scripts/novovm-l1l4-reconcile.ps1","744e5fa99ca20625b4969daaf67b7429f70fb37a","","744e5fa99ca20625b4969daaf67b7429f70fb37a","legacy/supervm-20261002/scripts/novovm-l1l4-reconcile.ps1","A28BC919CDC53776778796B7F7A96D7C1C3022A4D9128F54CE6DB2D1C90BCF5D","scripts/novovm-l1l4-reconcile.ps1","before Git object; local drafts preserved separately, no overwrite","restore_identical_tree_to_original_path","","False","PENDING_USER_REVIEW"
"scripts/novovm-l1l4-settlement-cycle.ps1","100644","9d91a1f2d85f845b333d915cccb4a705227c04c9","pure_relocation","","legacy/supervm-20261002/scripts/novovm-l1l4-settlement-cycle.ps1","9d91a1f2d85f845b333d915cccb4a705227c04c9","","9d91a1f2d85f845b333d915cccb4a705227c04c9","legacy/supervm-20261002/scripts/novovm-l1l4-settlement-cycle.ps1","50C34D6FA706E4854C3610DC5BB3BDD7FF432D6D442B03293195720D3121E451","scripts/novovm-l1l4-settlement-cycle.ps1","before Git object; local drafts preserved separately, no overwrite","restore_identical_tree_to_original_path","","False","PENDING_USER_REVIEW"
"scripts/novovm-local-readiness.py","100644","48e89ff4b87b517eb0bb49b6e903709b258212eb","pure_relocation","","legacy/supervm-20261002/scripts/novovm-local-readiness.py","48e89ff4b87b517eb0bb49b6e903709b258212eb","","48e89ff4b87b517eb0bb49b6e903709b258212eb","legacy/supervm-20261002/scripts/novovm-local-readiness.py","1C4355B1F5DB27572CB7E4C4198623EEE37091431E0AEE89E9325FC5E8B0DD4F","scripts/novovm-local-readiness.py","before Git object; local drafts preserved separately, no overwrite","restore_identical_tree_to_original_path","","False","PENDING_USER_REVIEW"
"scripts/novovm-native-pipeline-memory-profiler.ps1","100644","cf8120a108a5d94d0c845bb5004dc1a99fca9806","pure_relocation","","legacy/supervm-20261002/scripts/novovm-native-pipeline-memory-profiler.ps1","cf8120a108a5d94d0c845bb5004dc1a99fca9806","","cf8120a108a5d94d0c845bb5004dc1a99fca9806","legacy/supervm-20261002/scripts/novovm-native-pipeline-memory-profiler.ps1","0F5FB7C3234D263660819D5B82EF46C8677F682FCF21BFF4FB54832EA8810CF9","scripts/novovm-native-pipeline-memory-profiler.ps1","before Git object; local drafts preserved separately, no overwrite","restore_identical_tree_to_original_path","","False","PENDING_USER_REVIEW"
"scripts/novovm-node-lifecycle.ps1","100644","57e760849810a1f84193111d331cc930fb6c81da","pure_relocation","","legacy/supervm-20261002/scripts/novovm-node-lifecycle.ps1","57e760849810a1f84193111d331cc930fb6c81da","","57e760849810a1f84193111d331cc930fb6c81da","legacy/supervm-20261002/scripts/novovm-node-lifecycle.ps1","E8C174C2CD40A9A71BA01A280C71B88A817B17F854980E4DCC889F17B157188B","scripts/novovm-node-lifecycle.ps1","before Git object; local drafts preserved separately, no overwrite","restore_identical_tree_to_original_path","","False","PENDING_USER_REVIEW"
"scripts/novovm-node-rollout-control.ps1","100644","feb105bbbf3f40bf82912bb48eacf9ee6253d365","pure_relocation","","legacy/supervm-20261002/scripts/novovm-node-rollout-control.ps1","feb105bbbf3f40bf82912bb48eacf9ee6253d365","","feb105bbbf3f40bf82912bb48eacf9ee6253d365","legacy/supervm-20261002/scripts/novovm-node-rollout-control.ps1","BB1D2555F13464238CF7763A58EDEF04EB9DCCD408B55A510E49777B2A54DE44","scripts/novovm-node-rollout-control.ps1","before Git object; local drafts preserved separately, no overwrite","restore_identical_tree_to_original_path","","False","PENDING_USER_REVIEW"
"scripts/novovm-node-rollout.ps1","100644","57a2a9d5de534ca6fd7031a3322d0d177e342627","pure_relocation","","legacy/supervm-20261002/scripts/novovm-node-rollout.ps1","57a2a9d5de534ca6fd7031a3322d0d177e342627","","57a2a9d5de534ca6fd7031a3322d0d177e342627","legacy/supervm-20261002/scripts/novovm-node-rollout.ps1","36D1C72EE6211715E4F7316C3CD40C84DB3DDB06DBA8D408ADD2B67D5B8543F2","scripts/novovm-node-rollout.ps1","before Git object; local drafts preserved separately, no overwrite","restore_identical_tree_to_original_path","","False","PENDING_USER_REVIEW"
"scripts/novovm-overlay-cross-machine-process-gate.ps1","100644","a52b523d33f127d625740c77f37230598bd7839d","pure_relocation","","legacy/supervm-20261002/scripts/novovm-overlay-cross-machine-process-gate.ps1","a52b523d33f127d625740c77f37230598bd7839d","","a52b523d33f127d625740c77f37230598bd7839d","legacy/supervm-20261002/scripts/novovm-overlay-cross-machine-process-gate.ps1","6CE852C21428429FAA2AB8CE82CE63A0D3BA03E5283E9E6BFA2BBFC80F4021DC","scripts/novovm-overlay-cross-machine-process-gate.ps1","before Git object; local drafts preserved separately, no overwrite","restore_identical_tree_to_original_path","","False","PENDING_USER_REVIEW"
"scripts/novovm-overlay-fallback-chain-process-gate.ps1","100644","bdd4a12fd81b49f136a1a9b8753fea40ae16621e","pure_relocation","","legacy/supervm-20261002/scripts/novovm-overlay-fallback-chain-process-gate.ps1","bdd4a12fd81b49f136a1a9b8753fea40ae16621e","","bdd4a12fd81b49f136a1a9b8753fea40ae16621e","legacy/supervm-20261002/scripts/novovm-overlay-fallback-chain-process-gate.ps1","03C3607377364CB079AD1E709E51A27663A789BE625A087A00ED6078E86070EC","scripts/novovm-overlay-fallback-chain-process-gate.ps1","before Git object; local drafts preserved separately, no overwrite","restore_identical_tree_to_original_path","","False","PENDING_USER_REVIEW"
"scripts/novovm-overlay-relay-discovery-merge.ps1","100644","d96708e79c28828b308945ed9f98b587d20c598a","pure_relocation","","legacy/supervm-20261002/scripts/novovm-overlay-relay-discovery-merge.ps1","d96708e79c28828b308945ed9f98b587d20c598a","","d96708e79c28828b308945ed9f98b587d20c598a","legacy/supervm-20261002/scripts/novovm-overlay-relay-discovery-merge.ps1","83C69254647E1CE2C291016B58FC598C31FA8ACC250684A5FC97DDBE81E80830","scripts/novovm-overlay-relay-discovery-merge.ps1","before Git object; local drafts preserved separately, no overwrite","restore_identical_tree_to_original_path","","False","PENDING_USER_REVIEW"
"scripts/novovm-overlay-relay-health-refresh.ps1","100644","4022d9ed7bc71c72655b3ef1d64decb4692ad139","pure_relocation","","legacy/supervm-20261002/scripts/novovm-overlay-relay-health-refresh.ps1","4022d9ed7bc71c72655b3ef1d64decb4692ad139","","4022d9ed7bc71c72655b3ef1d64decb4692ad139","legacy/supervm-20261002/scripts/novovm-overlay-relay-health-refresh.ps1","078E72DD40CE73E739788FA2BD98CFE0FCBDF7D7D09C7F10BC1BDE2D1FF38237","scripts/novovm-overlay-relay-health-refresh.ps1","before Git object; local drafts preserved separately, no overwrite","restore_identical_tree_to_original_path","","False","PENDING_USER_REVIEW"
"scripts/novovm-p2d-daily-report.ps1","100644","ad69b69588087e4375c0c69849a412edf3219e83","pure_relocation","","legacy/supervm-20261002/scripts/novovm-p2d-daily-report.ps1","ad69b69588087e4375c0c69849a412edf3219e83","","ad69b69588087e4375c0c69849a412edf3219e83","legacy/supervm-20261002/scripts/novovm-p2d-daily-report.ps1","AF6BA5C842A2BC998BAE71E02880188F57B870C3DB2A72D5AD16886C31788AE1","scripts/novovm-p2d-daily-report.ps1","before Git object; local drafts preserved separately, no overwrite","restore_identical_tree_to_original_path","","False","PENDING_USER_REVIEW"
"scripts/novovm-p2d-inject-and-report.ps1","100644","cd988b5300ec0ac86021210723338497483852f8","pure_relocation","","legacy/supervm-20261002/scripts/novovm-p2d-inject-and-report.ps1","cd988b5300ec0ac86021210723338497483852f8","","cd988b5300ec0ac86021210723338497483852f8","legacy/supervm-20261002/scripts/novovm-p2d-inject-and-report.ps1","9AC38424A9E78CE270025FA4AB364099108276F01C702F4CB58EE3DD349E79E7","scripts/novovm-p2d-inject-and-report.ps1","before Git object; local drafts preserved separately, no overwrite","restore_identical_tree_to_original_path","","False","PENDING_USER_REVIEW"
"scripts/novovm-package-product-linux.ps1","100644","098e73d53600259df9ab38a9d3c548565a111d96","pure_relocation","","legacy/supervm-20261002/scripts/novovm-package-product-linux.ps1","098e73d53600259df9ab38a9d3c548565a111d96","","098e73d53600259df9ab38a9d3c548565a111d96","legacy/supervm-20261002/scripts/novovm-package-product-linux.ps1","52EB62400AE455A8EEA015467FC3BF94311C9479141453A828A471E440CEE1CA","scripts/novovm-package-product-linux.ps1","before Git object; local drafts preserved separately, no overwrite","restore_identical_tree_to_original_path","","False","PENDING_USER_REVIEW"
"scripts/novovm-prod-daemon.ps1","100644","213e03e6f005ec3062de1ef5e370eaf1b7f9e8a6","pure_relocation","","legacy/supervm-20261002/scripts/novovm-prod-daemon.ps1","213e03e6f005ec3062de1ef5e370eaf1b7f9e8a6","","213e03e6f005ec3062de1ef5e370eaf1b7f9e8a6","legacy/supervm-20261002/scripts/novovm-prod-daemon.ps1","35BA280C9A1A5DB4B6A5928ED0502C1020E84E22977EC15DCB26E8554022E866","scripts/novovm-prod-daemon.ps1","before Git object; local drafts preserved separately, no overwrite","restore_identical_tree_to_original_path","","False","PENDING_USER_REVIEW"
"scripts/novovm-production-machine-inventory.ps1","100644","e5af62b90e2351c05ec9113d7282f2ef32973dc2","pure_relocation","","legacy/supervm-20261002/scripts/novovm-production-machine-inventory.ps1","e5af62b90e2351c05ec9113d7282f2ef32973dc2","","e5af62b90e2351c05ec9113d7282f2ef32973dc2","legacy/supervm-20261002/scripts/novovm-production-machine-inventory.ps1","33BF36A86963E2D2B33257F8B2D19CB218811D37DE89D00340D47EFAA6C7EAB8","scripts/novovm-production-machine-inventory.ps1","before Git object; local drafts preserved separately, no overwrite","restore_identical_tree_to_original_path","","False","PENDING_USER_REVIEW"
"scripts/novovm-rollout-decision-dashboard-consumer.ps1","100644","29950e1846b44f4f2ef84dc075650744f2646135","pure_relocation","","legacy/supervm-20261002/scripts/novovm-rollout-decision-dashboard-consumer.ps1","29950e1846b44f4f2ef84dc075650744f2646135","","29950e1846b44f4f2ef84dc075650744f2646135","legacy/supervm-20261002/scripts/novovm-rollout-decision-dashboard-consumer.ps1","E6DD8D3879D320FFB83D405837C273882F420642243FADE30647EE423895C04B","scripts/novovm-rollout-decision-dashboard-consumer.ps1","before Git object; local drafts preserved separately, no overwrite","restore_identical_tree_to_original_path","","False","PENDING_USER_REVIEW"
"scripts/novovm-rollout-decision-dashboard-export.ps1","100644","89cded9ff5dfe4f23e82510ef15e1c15b7593f0a","pure_relocation","","legacy/supervm-20261002/scripts/novovm-rollout-decision-dashboard-export.ps1","89cded9ff5dfe4f23e82510ef15e1c15b7593f0a","","89cded9ff5dfe4f23e82510ef15e1c15b7593f0a","legacy/supervm-20261002/scripts/novovm-rollout-decision-dashboard-export.ps1","E93F6EC730CEBB0876D84FB35E60B304793CC192DEA36B96DFAFCEF89C6599F3","scripts/novovm-rollout-decision-dashboard-export.ps1","before Git object; local drafts preserved separately, no overwrite","restore_identical_tree_to_original_path","","False","PENDING_USER_REVIEW"
"scripts/novovm-ua-prod-store.ps1","100644","e26f6b822cca061efaf9021e0151c6375cc81328","pure_relocation","","legacy/supervm-20261002/scripts/novovm-ua-prod-store.ps1","e26f6b822cca061efaf9021e0151c6375cc81328","","e26f6b822cca061efaf9021e0151c6375cc81328","legacy/supervm-20261002/scripts/novovm-ua-prod-store.ps1","509E4C66F13D0AFBEB563A868346D1C301B6F1DE43AF5C1A9B9FBE565A978C90","scripts/novovm-ua-prod-store.ps1","before Git object; local drafts preserved separately, no overwrite","restore_identical_tree_to_original_path","","False","PENDING_USER_REVIEW"
"scripts/novovm-up.ps1","100644","b5c8c527ac8ec6139a45cd58e404abbad8bba00c","pure_relocation","","legacy/supervm-20261002/scripts/novovm-up.ps1","b5c8c527ac8ec6139a45cd58e404abbad8bba00c","","b5c8c527ac8ec6139a45cd58e404abbad8bba00c","legacy/supervm-20261002/scripts/novovm-up.ps1","B475D9289EAB373F0639C064A2DD32CCC8CB384E582ABAB71F9EC5590498CDD5","scripts/novovm-up.ps1","before Git object; local drafts preserved separately, no overwrite","restore_identical_tree_to_original_path","","False","PENDING_USER_REVIEW"
"scripts/tests/adaptive-overlay-aggregate.tests.ps1","100644","5f8023d068f4819f1144924995a0d10a5d246c52","pure_relocation","","legacy/supervm-20261002/scripts/tests/adaptive-overlay-aggregate.tests.ps1","5f8023d068f4819f1144924995a0d10a5d246c52","","5f8023d068f4819f1144924995a0d10a5d246c52","legacy/supervm-20261002/scripts/tests/adaptive-overlay-aggregate.tests.ps1","47ECECFD7C98F7FD60D6190582FA6D10E709C1B6892E1931A50731911440AA4A","scripts/tests/adaptive-overlay-aggregate.tests.ps1","before Git object; local drafts preserved separately, no overwrite","restore_identical_tree_to_original_path","","False","PENDING_USER_REVIEW"
"scripts/tests/linux-package-build-failure.tests.ps1","100644","df6c15da2cbf8e16a70a2ddb8b34d5e97c14ccd3","pure_relocation","","legacy/supervm-20261002/scripts/tests/linux-package-build-failure.tests.ps1","df6c15da2cbf8e16a70a2ddb8b34d5e97c14ccd3","","df6c15da2cbf8e16a70a2ddb8b34d5e97c14ccd3","legacy/supervm-20261002/scripts/tests/linux-package-build-failure.tests.ps1","D34381E3C48BE91364C7D2CB45515B59A368694CB603D1D11627A1A9DF562A3F","scripts/tests/linux-package-build-failure.tests.ps1","before Git object; local drafts preserved separately, no overwrite","restore_identical_tree_to_original_path","","False","PENDING_USER_REVIEW"
"scripts/tests/overlay-gate-build.tests.ps1","100644","297f863da4ddd8373b7a1d1736b2c84e3d7a2baf","pure_relocation","","legacy/supervm-20261002/scripts/tests/overlay-gate-build.tests.ps1","297f863da4ddd8373b7a1d1736b2c84e3d7a2baf","","297f863da4ddd8373b7a1d1736b2c84e3d7a2baf","legacy/supervm-20261002/scripts/tests/overlay-gate-build.tests.ps1","7F818C539E689BBB8B64643293F2EED290EFF908A35F5CAD12A4F3562D841099","scripts/tests/overlay-gate-build.tests.ps1","before Git object; local drafts preserved separately, no overwrite","restore_identical_tree_to_original_path","","False","PENDING_USER_REVIEW"
"scripts/tests/test_local_readiness.py","100644","d9f9cf36bb39b0e12279ca653c07928f012da58e","pure_relocation","","legacy/supervm-20261002/scripts/tests/test_local_readiness.py","d9f9cf36bb39b0e12279ca653c07928f012da58e","","d9f9cf36bb39b0e12279ca653c07928f012da58e","legacy/supervm-20261002/scripts/tests/test_local_readiness.py","E147E6B92538A9B942B29D4ECE4CF1A6A957BA42FB5717675929037C0E4CB3F2","scripts/tests/test_local_readiness.py","before Git object; local drafts preserved separately, no overwrite","restore_identical_tree_to_original_path","","False","PENDING_USER_REVIEW"
"scripts/tests/test_mldsa_acvp_probe.py","100644","ab676bfb87c52814cb0a77d96e31470341f9c3f3","pure_relocation","","legacy/supervm-20261002/scripts/tests/test_mldsa_acvp_probe.py","ab676bfb87c52814cb0a77d96e31470341f9c3f3","","ab676bfb87c52814cb0a77d96e31470341f9c3f3","legacy/supervm-20261002/scripts/tests/test_mldsa_acvp_probe.py","79E01CE732B6B5C9DCBC7A7F63033764423642284FF7E3E4D62C1981003F77A6","scripts/tests/test_mldsa_acvp_probe.py","before Git object; local drafts preserved separately, no overwrite","restore_identical_tree_to_original_path","","False","PENDING_USER_REVIEW"
"scripts/tests/test_privacy_portability_probe.py","100644","cfef8369585ed1de2aa1eedd8add1ab22926ba7f","pure_relocation","","legacy/supervm-20261002/scripts/tests/test_privacy_portability_probe.py","cfef8369585ed1de2aa1eedd8add1ab22926ba7f","","cfef8369585ed1de2aa1eedd8add1ab22926ba7f","legacy/supervm-20261002/scripts/tests/test_privacy_portability_probe.py","7184BD67E2D813DD6150A42D4E960440922F3AB55BE1481E9EE07EC7B0D4C3AE","scripts/tests/test_privacy_portability_probe.py","before Git object; local drafts preserved separately, no overwrite","restore_identical_tree_to_original_path","","False","PENDING_USER_REVIEW"
"scripts/validate_supervm_compute_native_adoption_matrix.py","100644","06e0b80ef6ff23a3c9c0804675c9888e7582c4ab","pure_relocation","","legacy/supervm-20261002/scripts/validate_supervm_compute_native_adoption_matrix.py","06e0b80ef6ff23a3c9c0804675c9888e7582c4ab","","06e0b80ef6ff23a3c9c0804675c9888e7582c4ab","legacy/supervm-20261002/scripts/validate_supervm_compute_native_adoption_matrix.py","D881A9F3EBCB26D644735254669E8B448D345A3BA1FE871A1139B93A573D4B63","scripts/validate_supervm_compute_native_adoption_matrix.py","before Git object; local drafts preserved separately, no overwrite","restore_identical_tree_to_original_path","","False","PENDING_USER_REVIEW"
"vendor/web30-core/Cargo.lock","100644","47293536d4ebf468b16b81379f1978d010bae472","pure_relocation","","legacy/supervm-20261002/vendor/web30-core/Cargo.lock","47293536d4ebf468b16b81379f1978d010bae472","","47293536d4ebf468b16b81379f1978d010bae472","legacy/supervm-20261002/vendor/web30-core/Cargo.lock","814DEEBC4624BAD2E37C0AACC6BAFE167EE6A3D05B20183E3199E11CDEC9472C","vendor/web30-core/Cargo.lock","before Git object; local drafts preserved separately, no overwrite","restore_identical_tree_to_original_path","","False","PENDING_USER_REVIEW"
"vendor/web30-core/Cargo.toml","100644","546a18162ccaf21a749c466b660c01577165e2ae","pure_relocation","","legacy/supervm-20261002/vendor/web30-core/Cargo.toml","546a18162ccaf21a749c466b660c01577165e2ae","","546a18162ccaf21a749c466b660c01577165e2ae","legacy/supervm-20261002/vendor/web30-core/Cargo.toml","4F13908373463D4BD8657F208E4C89EE761F6259632F9A2F8D5473ECB5F75975","vendor/web30-core/Cargo.toml","before Git object; local drafts preserved separately, no overwrite","restore_identical_tree_to_original_path","","False","PENDING_USER_REVIEW"
"vendor/web30-core/src/amm.rs","100644","028ce1bf46dd4c8efdc4f04320efa7d1b88051da","pure_relocation","","legacy/supervm-20261002/vendor/web30-core/src/amm.rs","028ce1bf46dd4c8efdc4f04320efa7d1b88051da","","028ce1bf46dd4c8efdc4f04320efa7d1b88051da","legacy/supervm-20261002/vendor/web30-core/src/amm.rs","E3A34F840ADE7770366CEFF718B787E1674D7582965C160DF1D7009432F7F130","vendor/web30-core/src/amm.rs","before Git object; local drafts preserved separately, no overwrite","restore_identical_tree_to_original_path","","False","PENDING_USER_REVIEW"
"vendor/web30-core/src/bonds.rs","100644","9eec235ab51823ba0aeb0b2f9869e8bc2a4662a8","pure_relocation","","legacy/supervm-20261002/vendor/web30-core/src/bonds.rs","9eec235ab51823ba0aeb0b2f9869e8bc2a4662a8","","9eec235ab51823ba0aeb0b2f9869e8bc2a4662a8","legacy/supervm-20261002/vendor/web30-core/src/bonds.rs","F5863AF050EB0CCE96740893F3A378D13F129EA6152E86286CA6E8730DC10EBB","vendor/web30-core/src/bonds.rs","before Git object; local drafts preserved separately, no overwrite","restore_identical_tree_to_original_path","","False","PENDING_USER_REVIEW"
"vendor/web30-core/src/cdp.rs","100644","46e9f732d1df6ea0cbdceb3965f5732986aef251","pure_relocation","","legacy/supervm-20261002/vendor/web30-core/src/cdp.rs","46e9f732d1df6ea0cbdceb3965f5732986aef251","","46e9f732d1df6ea0cbdceb3965f5732986aef251","legacy/supervm-20261002/vendor/web30-core/src/cdp.rs","2F9BC029858F28098F9E034B7F7DCD0C57040D88F9F60AF50D33209D64412A63","vendor/web30-core/src/cdp.rs","before Git object; local drafts preserved separately, no overwrite","restore_identical_tree_to_original_path","","False","PENDING_USER_REVIEW"
"vendor/web30-core/src/cross_chain.rs","100644","ccc1bdaba44362efe29c90c8928afeeaaa04c461","pure_relocation","","legacy/supervm-20261002/vendor/web30-core/src/cross_chain.rs","ccc1bdaba44362efe29c90c8928afeeaaa04c461","","ccc1bdaba44362efe29c90c8928afeeaaa04c461","legacy/supervm-20261002/vendor/web30-core/src/cross_chain.rs","9BA028B28270273B3B488A71FC7F12315230786D063C7B117EEDE2D010F49E5A","vendor/web30-core/src/cross_chain.rs","before Git object; local drafts preserved separately, no overwrite","restore_identical_tree_to_original_path","","False","PENDING_USER_REVIEW"
"vendor/web30-core/src/dividend_pool.rs","100644","7c65f183972d10d79720f59c8b6eaf2dde30c48d","pure_relocation","","legacy/supervm-20261002/vendor/web30-core/src/dividend_pool.rs","7c65f183972d10d79720f59c8b6eaf2dde30c48d","","7c65f183972d10d79720f59c8b6eaf2dde30c48d","legacy/supervm-20261002/vendor/web30-core/src/dividend_pool.rs","D94E9C9A65697764BF417718BC86294A458487CC02121EC2560FFED81F1D6F9E","vendor/web30-core/src/dividend_pool.rs","before Git object; local drafts preserved separately, no overwrite","restore_identical_tree_to_original_path","","False","PENDING_USER_REVIEW"
"vendor/web30-core/src/e2e_integration.rs","100644","75d057b3f989511815c9198533029e9f9eaef81b","pure_relocation","","legacy/supervm-20261002/vendor/web30-core/src/e2e_integration.rs","75d057b3f989511815c9198533029e9f9eaef81b","","75d057b3f989511815c9198533029e9f9eaef81b","legacy/supervm-20261002/vendor/web30-core/src/e2e_integration.rs","426FEFBB00AC6A1F4CF84631D613B66212942E1F2A514243028E15D46B7A04B6","vendor/web30-core/src/e2e_integration.rs","before Git object; local drafts preserved separately, no overwrite","restore_identical_tree_to_original_path","","False","PENDING_USER_REVIEW"
"vendor/web30-core/src/economic_integration.rs","100644","b224aa31bf790f20fe5bd0028457132982872abe","pure_relocation","","legacy/supervm-20261002/vendor/web30-core/src/economic_integration.rs","b224aa31bf790f20fe5bd0028457132982872abe","","b224aa31bf790f20fe5bd0028457132982872abe","legacy/supervm-20261002/vendor/web30-core/src/economic_integration.rs","FEAA29C8FE6DABD7216326D81662F64453DEAE9FA1B5D71677D41FE9A63A9910","vendor/web30-core/src/economic_integration.rs","before Git object; local drafts preserved separately, no overwrite","restore_identical_tree_to_original_path","","False","PENDING_USER_REVIEW"
"vendor/web30-core/src/foreign_payment_impl.rs","100644","b3348adb11e389253d5d6cc8c9a415ceac67640d","pure_relocation","","legacy/supervm-20261002/vendor/web30-core/src/foreign_payment_impl.rs","b3348adb11e389253d5d6cc8c9a415ceac67640d","","b3348adb11e389253d5d6cc8c9a415ceac67640d","legacy/supervm-20261002/vendor/web30-core/src/foreign_payment_impl.rs","0B21511DEB01BCB4E6196D9C72157D299035082FA10FE18D1275A1958C8D3C8F","vendor/web30-core/src/foreign_payment_impl.rs","before Git object; local drafts preserved separately, no overwrite","restore_identical_tree_to_original_path","","False","PENDING_USER_REVIEW"
"vendor/web30-core/src/foreign_payment.rs","100644","8853ef9b27ef2cfcf307b3df859b8509ef06754c","pure_relocation","","legacy/supervm-20261002/vendor/web30-core/src/foreign_payment.rs","8853ef9b27ef2cfcf307b3df859b8509ef06754c","","8853ef9b27ef2cfcf307b3df859b8509ef06754c","legacy/supervm-20261002/vendor/web30-core/src/foreign_payment.rs","D8CCE887004EBEB69F2D5DD251632DED47CF845B1DA096FDE6EBACC9D0FE7D1E","vendor/web30-core/src/foreign_payment.rs","before Git object; local drafts preserved separately, no overwrite","restore_identical_tree_to_original_path","","False","PENDING_USER_REVIEW"
"vendor/web30-core/src/governance.rs","100644","3525f440a2fedbf3c0bf0718a654c0907789c1ff","pure_relocation","","legacy/supervm-20261002/vendor/web30-core/src/governance.rs","3525f440a2fedbf3c0bf0718a654c0907789c1ff","","3525f440a2fedbf3c0bf0718a654c0907789c1ff","legacy/supervm-20261002/vendor/web30-core/src/governance.rs","A0473B3DC6B0911C5EA6FF447A9376F88DF29AEA54FCC414D0EF6844E23BB7B5","vendor/web30-core/src/governance.rs","before Git object; local drafts preserved separately, no overwrite","restore_identical_tree_to_original_path","","False","PENDING_USER_REVIEW"
"vendor/web30-core/src/lib.rs","100644","9ceab55d0a9bc4d6c97b6b2636f6ba50fb41b83a","pure_relocation","","legacy/supervm-20261002/vendor/web30-core/src/lib.rs","9ceab55d0a9bc4d6c97b6b2636f6ba50fb41b83a","","9ceab55d0a9bc4d6c97b6b2636f6ba50fb41b83a","legacy/supervm-20261002/vendor/web30-core/src/lib.rs","C0993EDBAD7AE7FDD4EB54696763EA74B60681DD45340EF610630013BD96A800","vendor/web30-core/src/lib.rs","before Git object; local drafts preserved separately, no overwrite","restore_identical_tree_to_original_path","","False","PENDING_USER_REVIEW"
"vendor/web30-core/src/mainnet_token_impl.rs","100644","2e254d1d6be97a1b2e0ca809ddfe7f3bf5a3fb77","pure_relocation","","legacy/supervm-20261002/vendor/web30-core/src/mainnet_token_impl.rs","2e254d1d6be97a1b2e0ca809ddfe7f3bf5a3fb77","","2e254d1d6be97a1b2e0ca809ddfe7f3bf5a3fb77","legacy/supervm-20261002/vendor/web30-core/src/mainnet_token_impl.rs","98ABA570A8978204D1D9DEFE99B9ECC2E2ECD19D4A4841236BD0F5F54540CEB8","vendor/web30-core/src/mainnet_token_impl.rs","before Git object; local drafts preserved separately, no overwrite","restore_identical_tree_to_original_path","","False","PENDING_USER_REVIEW"
"vendor/web30-core/src/mainnet_token.rs","100644","e005abf1a34a1480841c7f76bc87d8054d0ca772","pure_relocation","","legacy/supervm-20261002/vendor/web30-core/src/mainnet_token.rs","e005abf1a34a1480841c7f76bc87d8054d0ca772","","e005abf1a34a1480841c7f76bc87d8054d0ca772","legacy/supervm-20261002/vendor/web30-core/src/mainnet_token.rs","56B2ACDF770F4F092D02908FA0F6578CAF4DA3DE95C11AA36AE6499B87E7FD75","vendor/web30-core/src/mainnet_token.rs","before Git object; local drafts preserved separately, no overwrite","restore_identical_tree_to_original_path","","False","PENDING_USER_REVIEW"
"vendor/web30-core/src/nav_redemption.rs","100644","82895fa69422003caef2cb901dd77cdf61348bb4","pure_relocation","","legacy/supervm-20261002/vendor/web30-core/src/nav_redemption.rs","82895fa69422003caef2cb901dd77cdf61348bb4","","82895fa69422003caef2cb901dd77cdf61348bb4","legacy/supervm-20261002/vendor/web30-core/src/nav_redemption.rs","BF2AC2313FF49A53183AEBB2644E032C52A1CD0CAD70D40F924B2EA2898BF2D3","vendor/web30-core/src/nav_redemption.rs","before Git object; local drafts preserved separately, no overwrite","restore_identical_tree_to_original_path","","False","PENDING_USER_REVIEW"
"vendor/web30-core/src/privacy.rs","100644","575b27a9fd3f60ab5210e085a7300a3877a4c76c","pure_relocation","","legacy/supervm-20261002/vendor/web30-core/src/privacy.rs","575b27a9fd3f60ab5210e085a7300a3877a4c76c","","575b27a9fd3f60ab5210e085a7300a3877a4c76c","legacy/supervm-20261002/vendor/web30-core/src/privacy.rs","CBEAC3BF4285D2D70530C358AF49170E08245BD50136BFA5A03643D57FD263AB","vendor/web30-core/src/privacy.rs","before Git object; local drafts preserved separately, no overwrite","restore_identical_tree_to_original_path","","False","PENDING_USER_REVIEW"
"vendor/web30-core/src/tests.rs","100644","c84eef5cf3f4680141abfaad661a0d6e7424b9b1","pure_relocation","","legacy/supervm-20261002/vendor/web30-core/src/tests.rs","c84eef5cf3f4680141abfaad661a0d6e7424b9b1","","c84eef5cf3f4680141abfaad661a0d6e7424b9b1","legacy/supervm-20261002/vendor/web30-core/src/tests.rs","A9FE76565D4FC3803C4FF517D9E546D20F1D81CA1433E2FE1B82863BD43E7649","vendor/web30-core/src/tests.rs","before Git object; local drafts preserved separately, no overwrite","restore_identical_tree_to_original_path","","False","PENDING_USER_REVIEW"
"vendor/web30-core/src/token.rs","100644","50200ae2e18bfb148acbcb40e43740c4dd941b94","pure_relocation","","legacy/supervm-20261002/vendor/web30-core/src/token.rs","50200ae2e18bfb148acbcb40e43740c4dd941b94","","50200ae2e18bfb148acbcb40e43740c4dd941b94","legacy/supervm-20261002/vendor/web30-core/src/token.rs","06356294BB6397CF832D28CCBFC3962EEAFC77E7C55A1DF5CD47751CC5F7A61C","vendor/web30-core/src/token.rs","before Git object; local drafts preserved separately, no overwrite","restore_identical_tree_to_original_path","","False","PENDING_USER_REVIEW"
"vendor/web30-core/src/treasury_impl.rs","100644","b98fa1688c216851fa6ba72820b02b4f04c342da","pure_relocation","","legacy/supervm-20261002/vendor/web30-core/src/treasury_impl.rs","b98fa1688c216851fa6ba72820b02b4f04c342da","","b98fa1688c216851fa6ba72820b02b4f04c342da","legacy/supervm-20261002/vendor/web30-core/src/treasury_impl.rs","15CB18343C16AD0AF4822DFEEEAD0077D65C95EB4098FC29F3E5045983C29088","vendor/web30-core/src/treasury_impl.rs","before Git object; local drafts preserved separately, no overwrite","restore_identical_tree_to_original_path","","False","PENDING_USER_REVIEW"
"vendor/web30-core/src/treasury.rs","100644","6bd42e94814d7908ceb5dd972fa9a4fee30b4af2","pure_relocation","","legacy/supervm-20261002/vendor/web30-core/src/treasury.rs","6bd42e94814d7908ceb5dd972fa9a4fee30b4af2","","6bd42e94814d7908ceb5dd972fa9a4fee30b4af2","legacy/supervm-20261002/vendor/web30-core/src/treasury.rs","AF8C33C26E34AD53E126A68A7018E30F83AAE79011F0415E23973B6E68ACBC3D","vendor/web30-core/src/treasury.rs","before Git object; local drafts preserved separately, no overwrite","restore_identical_tree_to_original_path","","False","PENDING_USER_REVIEW"
"vendor/web30-core/src/types.rs","100644","d9f1a830c6d27c58aa986ac47d2d84c30135333e","pure_relocation","","legacy/supervm-20261002/vendor/web30-core/src/types.rs","d9f1a830c6d27c58aa986ac47d2d84c30135333e","","d9f1a830c6d27c58aa986ac47d2d84c30135333e","legacy/supervm-20261002/vendor/web30-core/src/types.rs","FF9D32AA96D33048FA69D3657E934DDB7D462CAE5B515AA333CD7BB79ECDE483","vendor/web30-core/src/types.rs","before Git object; local drafts preserved separately, no overwrite","restore_identical_tree_to_original_path","","False","PENDING_USER_REVIEW"
"vendor/web30-core/WEB30Token.sol","100644","267828ee7f1e4e26b721e7d492d3dc0941bba101","pure_relocation","","legacy/supervm-20261002/vendor/web30-core/WEB30Token.sol","267828ee7f1e4e26b721e7d492d3dc0941bba101","","267828ee7f1e4e26b721e7d492d3dc0941bba101","legacy/supervm-20261002/vendor/web30-core/WEB30Token.sol","971DC311722EA35AA0C9CEC1D5805F3C038BCEF6A4193C123A726215B05862BF","vendor/web30-core/WEB30Token.sol","before Git object; local drafts preserved separately, no overwrite","restore_identical_tree_to_original_path","","False","PENDING_USER_REVIEW"
